-- ============================================
-- 兽医知识库 种子数据 v2.0 (YAML 驱动)
-- 50 疾病 + 45 症状 + 60 药物 + 36 检查 + 15 病例 + 完整关联关系
-- 生成时间: 2026-05-05 16:33:25
-- ============================================

-- ===== 疾病 (50种) =====
INSERT INTO diseases (id, name_zh, name_en, category, species, overview, etiology, pathophysiology, prognosis, difficulty, urgency_level) VALUES ('dis_001', '肺炎', 'Pneumonia', '["呼吸系统"]', '["犬", "猫"]', '肺部炎症反应，可由细菌、病毒、真菌或吸入性因素引起。犬最常见为细菌性肺炎，猫多为吸入性或病毒性。', '["细菌感染(博德特氏菌、链球菌)", "病毒感染", "真菌感染", "吸入性因素"]', '病原体入侵肺泡后炎症介质释放，中性粒细胞浸润，肺泡充满渗出液导致气体交换障碍和低氧血症。', '早期治疗预后良好。', 'intermediate', 3);
INSERT INTO diseases (id, name_zh, name_en, category, species, overview, etiology, pathophysiology, prognosis, difficulty, urgency_level) VALUES ('dis_002', '心力衰竭(犬)', 'CHF', '["心血管系统"]', '["犬"]', '心脏泵血功能不足以满足机体代谢需求，导致肺循环和/或体循环淤血。最常见病因是黏液样二尖瓣退化(MMVD)。', '["MMVD", "DCM", "先天性心脏病"]', '瓣膜关闭不全导致血液反流，心房压力升高导致肺静脉压升高引发肺水肿。', '取决于病因和控制程度。', 'advanced', 4);
INSERT INTO diseases (id, name_zh, name_en, category, species, overview, etiology, pathophysiology, prognosis, difficulty, urgency_level) VALUES ('dis_003', '猫哮喘', 'Feline Asthma', '["呼吸系统"]', '["猫"]', '猫下呼吸道慢性炎症性疾病，特征为气道高反应性和可逆性气流受限。', '["过敏原(尘螨、花粉、烟雾)", "环境刺激物", "应激", "特发性"]', 'IgE介导的I型超敏反应，肥大细胞脱颗粒，嗜酸性粒细胞浸润导致气道平滑肌收缩和黏膜水肿。', '需终身管理，多数猫经治疗可正常生活。', 'intermediate', 2);
INSERT INTO diseases (id, name_zh, name_en, category, species, overview, etiology, pathophysiology, prognosis, difficulty, urgency_level) VALUES ('dis_004', '气管塌陷', 'Tracheal Collapse', '["呼吸系统"]', '["犬"]', '气管软骨环变平、气管膜松弛导致气管腔狭窄，多见于小型犬。特征性表现为阵发性鹅叫样咳嗽。', '["遗传倾向(贵宾、约克夏)", "肥胖", "老年退行性变"]', '软骨结构异常导致吸气时气管塌陷气流受阻而咳嗽。', '控制症状为主，无法根治。', 'intermediate', 2);
INSERT INTO diseases (id, name_zh, name_en, category, species, overview, etiology, pathophysiology, prognosis, difficulty, urgency_level) VALUES ('dis_005', '急性肾损伤', 'AKI', '["泌尿系统", "急诊"]', '["犬", "猫"]', '肾功能急剧下降，表现为氮质血症、少尿/无尿和电解质紊乱。', '["缺血(脱水、休克)", "肾毒性药物(NSAIDs、乙二醇)", "钩端螺旋体病", "尿路梗阻"]', '肾血流下降或肾毒性因素导致肾小管上皮细胞坏死，GFR下降导致代谢废物蓄积。', '早期干预可逆，延误则可能进展为CKD或死亡。', 'advanced', 4);
INSERT INTO diseases (id, name_zh, name_en, category, species, overview, etiology, pathophysiology, prognosis, difficulty, urgency_level) VALUES ('dis_006', '慢性肾病', 'CKD', '["泌尿系统"]', '["犬", "猫"]', '肾功能进行性和不可逆性丧失，是老年猫最常见的疾病之一。', '["特发性肾小管间质性肾炎", "肾淀粉样变(猫)", "多囊肾(猫)", "既往AKI后遗症"]', '肾单位逐渐丢失，残余肾单位高滤过导致进一步损伤和纤维化。', '不可逆，但早期干预可显著延长生存期。', 'advanced', 2);
INSERT INTO diseases (id, name_zh, name_en, category, species, overview, etiology, pathophysiology, prognosis, difficulty, urgency_level) VALUES ('dis_007', '尿路感染', 'UTI', '["泌尿系统"]', '["犬", "猫"]', '细菌侵入泌尿道并定植繁殖引起的炎症。犬较猫常见。', '["大肠杆菌(最常见)", "葡萄球菌", "逆行性上行感染"]', '细菌经尿道口上行在膀胱黏膜定植引发炎症反应。', '单纯性UTI抗生素治疗预后极好。', 'basic', 1);
INSERT INTO diseases (id, name_zh, name_en, category, species, overview, etiology, pathophysiology, prognosis, difficulty, urgency_level) VALUES ('dis_008', '猫下尿路疾病', 'FLUTD', '["泌尿系统"]', '["猫"]', '猫下泌尿道疾病的总称，包括特发性膀胱炎(最常见)、尿结石、尿道梗阻等。', '["特发性膀胱炎(FIC)", "鸟粪石/草酸钙结石", "尿道痉挛", "应激"]', '应激导致交感神经激活，膀胱黏膜通透性增加，钾离子渗入组织层刺激C纤维导致疼痛。', 'FIC易复发，尿道梗阻为急症。', 'intermediate', 4);
INSERT INTO diseases (id, name_zh, name_en, category, species, overview, etiology, pathophysiology, prognosis, difficulty, urgency_level) VALUES ('dis_009', '胰腺炎', 'Pancreatitis', '["消化系统"]', '["犬", "猫"]', '胰腺的炎症性疾病。犬多与高脂饮食有关，猫多为特发性或继发于IBD。', '["高脂饮食/高甘油三酯血症", "药物(化疗药)", "创伤", "特发性(猫)"]', '胰酶在胰腺内提前激活导致自身消化，炎症介质释放引发全身炎症反应。', '轻度预后良好，重症坏死性胰腺炎死亡率30-50%。', 'advanced', 3);
INSERT INTO diseases (id, name_zh, name_en, category, species, overview, etiology, pathophysiology, prognosis, difficulty, urgency_level) VALUES ('dis_010', '胃肠炎', 'Gastroenteritis', '["消化系统"]', '["犬", "猫"]', '胃和/或肠道的炎症，是最常见的消化系统主诉之一。', '["饮食不当/食物变质", "细菌(沙门氏菌)", "病毒(细小、冠状病毒)", "寄生虫"]', '病原体或刺激物损伤胃肠黏膜导致炎症反应，黏膜屏障破坏导致水电解质分泌异常。', '单纯性预后极好，病毒性细小未免疫幼犬死亡率可达91%。', 'basic', 2);
INSERT INTO diseases (id, name_zh, name_en, category, species, overview, etiology, pathophysiology, prognosis, difficulty, urgency_level) VALUES ('dis_011', '异物梗阻', 'Foreign Body', '["消化系统", "外科"]', '["犬", "猫"]', '异物滞留消化道导致机械性梗阻。犬更常见。', '["玩具、骨头、袜子", "毛球(猫)", "线性异物(绳线，猫特有)"]', '异物嵌顿导致局部压迫，静脉回流受阻后动脉供血障碍导致肠壁缺血坏死。', '早期取出预后好，穿孔后并发症风险高。', 'intermediate', 3);
INSERT INTO diseases (id, name_zh, name_en, category, species, overview, etiology, pathophysiology, prognosis, difficulty, urgency_level) VALUES ('dis_012', '肝衰竭', 'Liver Failure', '["消化系统"]', '["犬", "猫"]', '肝脏功能严重受损，可分为急性肝衰竭和慢性肝病终末期。', '["药物/毒素(对乙酰氨基酚-猫、木糖醇-犬)", "感染(钩端螺旋体、FIP)", "肿瘤"]', '大量肝细胞坏死导致解毒功能下降(高氨血症)、合成功能下降(低白蛋白)、胆汁排泄障碍(黄疸)。', '急性早期治疗可恢复，终末期预后差。', 'advanced', 3);
INSERT INTO diseases (id, name_zh, name_en, category, species, overview, etiology, pathophysiology, prognosis, difficulty, urgency_level) VALUES ('dis_013', '炎症性肠病', 'IBD', '["消化系统"]', '["犬", "猫"]', '特发性慢性胃肠道炎症性疾病，特征为持续性GI症状和组织学炎症。', '["食物过敏/不耐受", "肠道菌群失调", "免疫调节异常"]', '肠黏膜免疫失调导致慢性炎症浸润，黏膜屏障损伤导致吸收不良。', '需长期管理，部分可药物控制。', 'advanced', 2);
INSERT INTO diseases (id, name_zh, name_en, category, species, overview, etiology, pathophysiology, prognosis, difficulty, urgency_level) VALUES ('dis_014', '扩张型心肌病', 'DCM', '["心血管系统"]', '["犬"]', '心室腔扩大伴收缩功能降低，是大型犬最常见的获得性心脏病。杜宾、大丹高发。', '["遗传(杜宾、大丹)", "营养缺乏(牛磺酸)", "特发性"]', '心肌收缩力下降导致心输出量降低，代偿性心室扩张进一步加重瓣膜反流。', '预后差，确诊后中位生存期3-6个月。', 'advanced', 3);
INSERT INTO diseases (id, name_zh, name_en, category, species, overview, etiology, pathophysiology, prognosis, difficulty, urgency_level) VALUES ('dis_015', '猫肥厚型心肌病', 'HCM', '["心血管系统"]', '["猫"]', '左心室壁和/或室间隔向心性肥厚，是猫最常见的心脏病。缅因猫、布偶猫有遗传倾向。', '["遗传(肌节蛋白基因突变)", "继发于甲亢", "继发于高血压"]', '心肌肥厚导致舒张功能障碍，左房压升高引发肺静脉充血和肺水肿。', '取决于严重程度，合并动脉血栓预后差。', 'advanced', 2);
INSERT INTO diseases (id, name_zh, name_en, category, species, overview, etiology, pathophysiology, prognosis, difficulty, urgency_level) VALUES ('dis_016', '心包积液', 'Pericardial Effusion', '["心血管系统"]', '["犬", "猫"]', '心包腔内液体异常积聚，可导致心脏压塞。犬最常见病因是血管肉瘤。', '["血管肉瘤(金毛、德牧)", "心包囊腺癌", "感染性心包炎", "特发性"]', '心包内液体积聚导致心包压升高，心室舒张受限，心输出量急剧下降。', '恶性病因预后极差。', 'advanced', 5);
INSERT INTO diseases (id, name_zh, name_en, category, species, overview, etiology, pathophysiology, prognosis, difficulty, urgency_level) VALUES ('dis_017', '糖尿病', 'Diabetes Mellitus', '["内分泌系统"]', '["犬", "猫"]', '胰岛素分泌不足或胰岛素抵抗导致的高血糖综合征。犬多为I型，猫多为II型。', '["自身免疫性beta细胞破坏(犬)", "胰岛素抵抗/肥胖(猫)", "胰腺炎后继发", "药物(糖皮质激素)"]', '胰岛素不足导致葡萄糖利用障碍而高血糖，脂肪分解增加导致酮体生成和酮症酸中毒。', '需终身胰岛素治疗(犬)，猫部分可缓解。', 'intermediate', 2);
INSERT INTO diseases (id, name_zh, name_en, category, species, overview, etiology, pathophysiology, prognosis, difficulty, urgency_level) VALUES ('dis_018', '库欣综合征', 'Hyperadrenocorticism', '["内分泌系统"]', '["犬", "猫"]', '肾上腺皮质分泌过多皮质醇导致的临床综合征。犬多为垂体依赖性(85%)。', '["垂体ACTH瘤(85%犬)", "肾上腺肿瘤(15%)", "医源性(长期使用糖皮质激素)"]', '皮质醇过量导致蛋白质分解增加(皮肤变薄、肌肉萎缩)、肝糖异生增加(高血糖)、免疫抑制。', '垂体依赖性经药物控制中位生存期2-3年。', 'advanced', 2);
INSERT INTO diseases (id, name_zh, name_en, category, species, overview, etiology, pathophysiology, prognosis, difficulty, urgency_level) VALUES ('dis_019', '猫甲状腺功能亢进', 'Feline Hyperthyroidism', '["内分泌系统"]', '["猫"]', '甲状腺激素过度分泌，是老年猫最常见的内分泌疾病。多为甲状腺腺瘤样增生。', '["甲状腺腺瘤样增生(95%)", "甲状腺腺癌(<5%)"]', 'T3和T4升高导致基础代谢率增加，蛋白质分解增加(体重下降但食欲增加)，心率增加可引发HCM。', '药物或放射性碘治疗效果良好。', 'intermediate', 2);
INSERT INTO diseases (id, name_zh, name_en, category, species, overview, etiology, pathophysiology, prognosis, difficulty, urgency_level) VALUES ('dis_020', '甲状腺功能减退', 'Hypothyroidism', '["内分泌系统"]', '["犬"]', '甲状腺激素分泌不足，是犬最常见的内分泌疾病。多为自身免疫性甲状腺炎。', '["自身免疫性淋巴性甲状腺炎", "特发性甲状腺萎缩", "先天性(罕见)"]', 'T3和T4下降导致基础代谢率降低，体重增加、怕冷、嗜睡。', '需终身甲状腺素替代治疗，预后极好。', 'basic', 1);
INSERT INTO diseases (id, name_zh, name_en, category, species, overview, etiology, pathophysiology, prognosis, difficulty, urgency_level) VALUES ('dis_021', '乙二醇中毒', 'Ethylene Glycol', '["中毒与急救"]', '["犬", "猫"]', '防冻剂中毒，代谢为草酸钙结晶沉积于肾小管导致AKI。猫致死剂量仅1.5ml/kg。', '["摄入防冻剂(汽车冷却液)", "园林产品", "某些油漆溶剂"]', '乙二醇代谢为草酸，与钙结合形成草酸钙结晶沉积于肾小管导致机械性损伤和缺血。', '犬12-24h内治疗可能存活，猫预后极差。', 'advanced', 5);
INSERT INTO diseases (id, name_zh, name_en, category, species, overview, etiology, pathophysiology, prognosis, difficulty, urgency_level) VALUES ('dis_022', '巧克力中毒', 'Chocolate Toxicity', '["中毒与急救"]', '["犬"]', '可可碱和咖啡因中毒，刺激中枢神经系统和心血管系统。黑巧毒性最高。', '["摄入巧克力", "可可制品"]', '可可碱抑制腺苷受体导致中枢兴奋，磷酸二酯酶抑制导致cAMP升高引发心律失常。', '轻度预后好，严重心律失常可致死。', 'basic', 1);
INSERT INTO diseases (id, name_zh, name_en, category, species, overview, etiology, pathophysiology, prognosis, difficulty, urgency_level) VALUES ('dis_023', '百合中毒', 'Lily Toxicity', '["中毒与急救"]', '["猫"]', '百合属植物对猫有剧毒，任何部位(包括花粉和水)均可导致AKI。', '["摄入百合属植物", "接触花粉", "饮用百合花瓶水"]', '肾小管上皮细胞坏死导致AKI，机制尚未完全明确。', '摄入后8h内积极治疗可挽救，延误则致死率极高。', 'advanced', 5);
INSERT INTO diseases (id, name_zh, name_en, category, species, overview, etiology, pathophysiology, prognosis, difficulty, urgency_level) VALUES ('dis_024', '布洛芬中毒', 'Ibuprofen Toxicity', '["中毒与急救"]', '["犬", "猫"]', 'NSAIDs中毒，猫极为敏感。', '["主人自行喂药", "误食药物", "过量使用"]', 'COX-1抑制导致胃黏膜PG合成减少引发胃溃疡，肾血管收缩导致肾血流减少引发AKI。', '剂量依赖，猫>50mg/kg可致死。', 'basic', 4);
INSERT INTO diseases (id, name_zh, name_en, category, species, overview, etiology, pathophysiology, prognosis, difficulty, urgency_level) VALUES ('dis_025', '犬细小病毒病', 'Parvovirus', '["传染病"]', '["犬"]', '高度传染性病毒性肠炎，主要影响未免疫幼犬。特征为严重出血性肠炎和白细胞减少。', '["CPV-2(2a/2b/2c型)", "未免疫/免疫失败"]', '病毒感染肠隐窝上皮导致细胞坏死和肠绒毛萎缩，骨髓抑制导致白细胞急剧下降。', '未治疗死亡率91%，积极治疗存活率80-90%。', 'intermediate', 3);
INSERT INTO diseases (id, name_zh, name_en, category, species, overview, etiology, pathophysiology, prognosis, difficulty, urgency_level) VALUES ('dis_026', '犬瘟热', 'Canine Distemper', '["传染病"]', '["犬"]', '犬瘟热病毒引起的多系统感染，可影响呼吸、消化和神经系统。', '["CDV", "未免疫", "接触感染犬分泌物"]', '病毒先在淋巴系统复制后形成病毒血症，多系统感染，神经损伤可为不可逆。', '神经症状出现后预后差，存活犬可能有永久性后遗症。', 'advanced', 3);
INSERT INTO diseases (id, name_zh, name_en, category, species, overview, etiology, pathophysiology, prognosis, difficulty, urgency_level) VALUES ('dis_027', '猫泛白细胞减少症', 'Feline Panleukopenia', '["传染病"]', '["猫"]', '猫细小病毒引起的高度传染性病毒病，特征为泛白细胞减少和出血性肠炎。', '["FPV", "未免疫"]', '病毒感染分裂活跃的细胞(肠隐窝、骨髓)导致肠炎和泛白细胞减少。', '未治疗死亡率>90%，积极治疗存活率约50%。', 'intermediate', 4);
INSERT INTO diseases (id, name_zh, name_en, category, species, overview, etiology, pathophysiology, prognosis, difficulty, urgency_level) VALUES ('dis_028', '猫传染性腹膜炎', 'FIP', '["传染病"]', '["猫"]', '猫冠状病毒突变引起的免疫介导性血管炎，分为湿性和干性。预后极差。', '["FCoV突变", "多猫环境", "应激", "遗传易感性"]', '突变病毒在巨噬细胞中复制，免疫复合物沉积于血管壁导致血管炎。', '传统观点认为不治之症。', 'advanced', 3);
INSERT INTO diseases (id, name_zh, name_en, category, species, overview, etiology, pathophysiology, prognosis, difficulty, urgency_level) VALUES ('dis_029', '胃扩张-扭转', 'GDV', '["外科", "急诊"]', '["犬"]', '胃内气体/液体积聚并发生轴向扭转，是大型深胸犬的致命急症。', '["大型/巨型犬(大丹、德牧)", "老年", "饭后剧烈运动"]', '胃扭转导致贲门和幽门闭塞，胃内压升高导致静脉回流受阻和胃壁缺血坏死。', '术前死亡率15-30%，胃壁坏死需切除则死亡率>50%。', 'advanced', 5);
INSERT INTO diseases (id, name_zh, name_en, category, species, overview, etiology, pathophysiology, prognosis, difficulty, urgency_level) VALUES ('dis_030', '子宫蓄脓', 'Pyometra', '["外科", "生殖系统"]', '["犬", "猫"]', '子宫内脓液积聚，是未绝育母犬的常见急症。多在发情后4-8周发生。', '["黄体期孕激素作用", "继发细菌感染(大肠杆菌)", "未绝育中老年母犬"]', '孕激素导致子宫内膜增生、子宫颈关闭，细菌在封闭子宫内繁殖导致脓液蓄积和内毒素吸收。', '手术切除预后极好，延误可致子宫破裂和败血症死亡。', 'intermediate', 3);
INSERT INTO diseases (id, name_zh, name_en, category, species, overview, etiology, pathophysiology, prognosis, difficulty, urgency_level) VALUES ('dis_031', '癫痫', 'Epilepsy', '["神经系统"]', '["犬", "猫"]', '大脑神经元异常过度放电导致的反复发作性神经功能障碍。犬多为特发性癫痫，猫多为继发性。', '["特发性/遗传性(犬)", "结构性病变(肿瘤、脑炎)", "代谢性(低血糖、肝性脑病)", "中毒"]', '大脑皮层神经元同步异常放电，GABA能抑制功能下降或谷氨酸能兴奋性增强导致发作阈值降低。', '特发性癫痫经药物控制预后良好，但需终身用药。结构性病因预后取决于原发病。', 'intermediate', 3);
INSERT INTO diseases (id, name_zh, name_en, category, species, overview, etiology, pathophysiology, prognosis, difficulty, urgency_level) VALUES ('dis_032', '免疫介导性多关节炎', 'IMPA', '["免疫系统"]', '["犬"]', '免疫系统攻击自身关节滑膜导致的对称性多关节炎症。是犬最常见的免疫介导性疾病之一。', '["特发性(最常见)", "药物反应", "肿瘤相关", "感染后免疫复合物沉积"]', '免疫复合物沉积于滑膜血管壁激活补体，中性粒细胞浸润释放蛋白酶和炎症介质导致滑膜增生和关节软骨破坏。', '早期积极免疫抑制治疗预后良好，但需长期维持。感染性关节炎必须排除。', 'intermediate', 2);
INSERT INTO diseases (id, name_zh, name_en, category, species, overview, etiology, pathophysiology, prognosis, difficulty, urgency_level) VALUES ('dis_033', '免疫介导性溶血性贫血', 'IMHA', '["免疫系统", "血液系统"]', '["犬", "猫"]', '免疫系统攻击自身红细胞导致的急性溶血性贫血。犬发病率高，猫多为继发性。致死率高，是内科急症。', '["特发性(犬最常见)", "继发于肿瘤/感染/药物", "猫继发于FeLV/支原体"]', 'IgG或IgM抗体结合红细胞表面抗原，激活补体导致血管内溶血，或巨噬细胞吞噬导致血管外溶血。', '犬死亡率30-50%，合并DIC预后极差。猫继发性IMHA预后取决于原发病。', 'advanced', 4);
INSERT INTO diseases (id, name_zh, name_en, category, species, overview, etiology, pathophysiology, prognosis, difficulty, urgency_level) VALUES ('dis_034', '淋巴瘤', 'Lymphoma', '["肿瘤科"]', '["犬", "猫"]', '淋巴细胞的恶性肿瘤，是犬猫最常见的肿瘤类型。犬多为多中心型，猫多为消化道型。', '["遗传易感性(犬)", "FeLV/FIV(猫)", "环境因素(除草剂暴露-犬)", "慢性炎症"]', '淋巴细胞克隆性增殖，侵犯淋巴结、肝脾、骨髓等器官。肿瘤细胞抑制正常造血和免疫功能。', '犬不治疗中位生存期4-6周，化疗后12-14个月。猫低度恶性可达2年。', 'advanced', 3);
INSERT INTO diseases (id, name_zh, name_en, category, species, overview, etiology, pathophysiology, prognosis, difficulty, urgency_level) VALUES ('dis_035', '前十字韧带撕裂', 'CCL Tear', '["外科", "骨科"]', '["犬"]', '前十字韧带(ACL)部分或完全断裂，是犬最常见的骨科手术指征。多见于大型犬和肥胖犬。', '["退行性韧带变性(最常见)", "肥胖", "品种易感性(拉布拉多、金毛)", "外伤性(少见)"]', '韧带变性导致机械强度下降，轻微外力即可断裂。关节不稳定导致继发性骨关节炎和半月板损伤。', '手术修复后预后良好，80-90%恢复良好功能。未手术将进行性骨关节炎。', 'intermediate', 2);
INSERT INTO diseases (id, name_zh, name_en, category, species, overview, etiology, pathophysiology, prognosis, difficulty, urgency_level) VALUES ('dis_036', '心丝虫病', 'Heartworm Disease', '["寄生虫", "心血管系统"]', '["犬", "猫"]', '犬恶丝虫(Dirofilaria immitis)寄生于肺动脉和右心，通过蚊虫传播。可导致肺动脉高压和右心衰。', '["蚊虫叮咬传播", "未预防用药", "温暖潮湿地区高发"]', '成虫寄生于肺动脉，机械损伤血管内皮引发肺动脉高压。死亡虫体栓塞肺血管可致急性呼吸衰竭。', '犬治疗后预后取决于病变严重程度。猫无特效治疗，以支持治疗为主。预防远优于治疗。', 'intermediate', 3);
INSERT INTO diseases (id, name_zh, name_en, category, species, overview, etiology, pathophysiology, prognosis, difficulty, urgency_level) VALUES ('dis_037', '脓皮症', 'Pyoderma', '["皮肤科"]', '["犬"]', '细菌性皮肤感染，是犬最常见的皮肤病。多为浅表性，常继发于过敏、寄生虫或内分泌疾病。', '["葡萄球菌(最常见)", "继发于特应性皮炎/食物过敏", "内分泌疾病(甲减/库欣)", "皮肤褶皱"]', '皮肤屏障破坏后细菌定植繁殖，释放毒素和酶导致炎症反应。深层感染可形成脓肿和蜂窝织炎。', '浅表性抗生素治疗预后极好。深层感染需4-6周抗生素。必须治疗原发病以防复发。', 'basic', 1);
INSERT INTO diseases (id, name_zh, name_en, category, species, overview, etiology, pathophysiology, prognosis, difficulty, urgency_level) VALUES ('dis_038', '白内障', 'Cataract', '["眼科"]', '["犬", "猫"]', '晶状体混浊导致视力下降，是犬最常见的眼科疾病之一。糖尿病性白内障是犬最常见的类型，发展迅速。', '["遗传(常见于贵宾、可卡犬)", "糖尿病(犬最常见继发原因)", "老年退行性变", "外伤", "先天性"]', '晶状体纤维变性导致光散射增加，晶状体透明度下降。糖尿病性白内障因高血糖导致山梨醇蓄积，渗透性水肿破坏晶状体纤维。', '手术(超声乳化摘除)后预后良好，视力恢复率90%以上。需控制原发病(如糖尿病)。', 'intermediate', 2);
INSERT INTO diseases (id, name_zh, name_en, category, species, overview, etiology, pathophysiology, prognosis, difficulty, urgency_level) VALUES ('dis_039', '青光眼', 'Glaucoma', '["眼科"]', '["犬", "猫"]', '眼内压升高导致视网膜和视神经不可逆损伤，是致盲性眼病。急性闭角型青光眼为眼科急症。', '["原发性(遗传，可卡犬、巴塞特猎犬高发)", "继发性(晶状体脱位、葡萄膜炎、眼内肿瘤)", "先天性"]', '房水排出受阻导致眼内压升高，视网膜神经节细胞缺血性损伤。犬急性眼压>40mmHg可在48-72小时内永久失明。', '早期治疗可延缓进展，已失明者不可逆。需终身管理，对侧眼有发病风险。', 'advanced', 4);
INSERT INTO diseases (id, name_zh, name_en, category, species, overview, etiology, pathophysiology, prognosis, difficulty, urgency_level) VALUES ('dis_040', '角膜溃疡', 'Corneal Ulcer', '["眼科"]', '["犬", "猫"]', '角膜上皮缺损，可由外伤、感染、干眼症或眼睑异常引起。深部溃疡和穿孔为眼科急症。', '["外伤(猫抓伤最常见)", "感染(细菌、真菌)", "干眼症(KCS)", "眼睑内翻/倒睫", "暴露性(面神经麻痹)"]', '角膜上皮屏障破坏后基质暴露，胶原酶活化导致基质溶解。深后弹力层膨出可致角膜穿孔。', '浅表溃疡经治疗1-2周内愈合。深部溃疡需手术(角膜移植/结膜瓣)，穿孔预后差。', 'intermediate', 3);
INSERT INTO diseases (id, name_zh, name_en, category, species, overview, etiology, pathophysiology, prognosis, difficulty, urgency_level) VALUES ('dis_041', '椎间盘疾病', 'IVDD', '["骨科", "神经系统"]', '["犬"]', '椎间盘退变后突出或脱出压迫脊髓，是犬最常见的脊髓疾病。腊肠犬、比格犬等软骨营养不良品种高发。', '["遗传性软骨营养不良(腊肠犬、比格犬)", "年龄相关退行性变", "外伤"]', '椎间盘髓核钙化后突然突出压迫脊髓，导致脊髓水肿、缺血和神经功能缺损。根据压迫程度分为I-V级。', 'I-II级保守治疗预后好；III-V级需手术减压。深痛觉消失超过48h预后极差。', 'advanced', 3);
INSERT INTO diseases (id, name_zh, name_en, category, species, overview, etiology, pathophysiology, prognosis, difficulty, urgency_level) VALUES ('dis_042', '髋关节发育不良', 'Hip Dysplasia', '["骨科"]', '["犬"]', '髋关节窝和股骨头匹配不良导致关节不稳定和退行性关节病，是大型犬最常见的骨科疾病。', '["遗传(金毛、拉布拉多、德牧高发)", "快速生长", "营养过剩(高热量饮食)", "运动不当"]', '髋关节松弛导致半脱位，关节软骨磨损，继发骨关节炎。进行性关节破坏导致疼痛和功能障碍。', '早期干预(幼年骨盆切开术)预后好。成年犬以药物管理和体重控制为主，严重者需股骨头切除或全髋置换。', 'intermediate', 2);
INSERT INTO diseases (id, name_zh, name_en, category, species, overview, etiology, pathophysiology, prognosis, difficulty, urgency_level) VALUES ('dis_043', '肥大细胞瘤', 'Mast Cell Tumor', '["肿瘤科"]', '["犬", "猫"]', '肥大细胞来源的肿瘤，是犬最常见的皮肤肿瘤(占20%)，也是猫最常见的皮肤和内脏肿瘤之一。', '["遗传易斗牛犬、拳师犬高发)", "慢性炎症刺激", "c-kit基因突变"]', '肥大细胞脱颗粒释放组胺、肝素等介质，可导致局部红肿、胃溃疡和过敏反应。高分级肿瘤可转移至淋巴结和内脏。', '犬低分级(I-II)手术切除后中位生存期>2年；高分级(III)预后差。猫皮肤型预后好，内脏型预后差。', 'advanced', 3);
INSERT INTO diseases (id, name_zh, name_en, category, species, overview, etiology, pathophysiology, prognosis, difficulty, urgency_level) VALUES ('dis_044', '血管肉瘤', 'Hemangiosarcoma', '["肿瘤科"]', '["犬"]', '血管内皮细胞的恶性肿瘤，高度侵袭性和转移性。最常见部位为脾脏、右心和皮下。金毛、德牧高发。', '["遗传易感性(金毛寻回犬)", "紫外线暴露(浅肤色犬皮下型)", "慢性异物刺激"]', '肿瘤生长迅速，易自发性破裂导致致命性出血。早期血行转移至肺、肝和脑。', '极差。单纯手术中位生存期1-3月，联合化疗可延长至6-8月。', 'advanced', 5);
INSERT INTO diseases (id, name_zh, name_en, category, species, overview, etiology, pathophysiology, prognosis, difficulty, urgency_level) VALUES ('dis_045', '异位性皮炎', 'Canine Atopic Dermatitis', '["皮肤科"]', '["犬"]', '遗传性过敏反应性炎症性皮肤病，是犬最常见的皮肤病。特征为慢性瘙痒，多始于1-3岁。', '["遗传性IgE介导的超敏反应", "环境过敏原(尘螨、花粉、霉菌)", "皮肤屏障缺陷"]', '过敏原经皮肤进入，被朗格汉斯细胞呈递，Th2型免疫反应导致IgE产生和肥大细胞脱颗粒，释放炎症介质引起瘙痒。', '需终身管理，无法根治。奥克拉珠单抗靶向治疗效果好。继发感染需积极控制。', 'intermediate', 2);
INSERT INTO diseases (id, name_zh, name_en, category, species, overview, etiology, pathophysiology, prognosis, difficulty, urgency_level) VALUES ('dis_046', '钩端螺旋体病', 'Leptospirosis', '["传染病"]', '["犬", "猫"]', '人畜共患的螺旋体感染，可导致急性肝肾衰竭。主要通过接触受感染动物尿液污染的水源传播。', '["钩端螺旋体(血清型: icterohaemorrhagiae, canicola, pomona)", "接触污染水源", "野生动物传播"]', '螺旋体经黏膜侵入后血行播散至肝肾，导致肾小管间质性肾炎和肝细胞损伤。', '早期抗生素+支持治疗预后良好。严重肝肾衰竭或肺出血型预后差。可传播给人。', 'intermediate', 4);
INSERT INTO diseases (id, name_zh, name_en, category, species, overview, etiology, pathophysiology, prognosis, difficulty, urgency_level) VALUES ('dis_047', '脂肪肝(猫)', 'Hepatic Lipidosis', '["消化系统"]', '["猫"]', '肝细胞内大量甘油三酯蓄积导致肝功能衰竭，是猫最常见的肝病。多由厌食/禁食诱发，肥胖猫高发。', '["厌食/禁食(最常继发于其他疾病)", "肥胖", "糖尿病", "胰腺炎", "甲亢"]', '机体能量需求增加时脂肪大量动员至肝脏，超过肝脏氧化和转运能力导致肝细胞脂肪变性。严重时胆汁排泄障碍导致黄疸。', '积极营养支持(鼻饲/食道饲管)后预后良好，存活率可达80%。延误治疗可致死。', 'intermediate', 4);
INSERT INTO diseases (id, name_zh, name_en, category, species, overview, etiology, pathophysiology, prognosis, difficulty, urgency_level) VALUES ('dis_048', '免疫介导性血小板减少症', 'ITP', '["免疫系统", "血液系统"]', '["犬"]', '免疫系统攻击自身血小板导致血小板减少，是犬最常见的获得性出血性疾病。母犬发病率高于公犬。', '["特发性(最常见)", "继发于感染(埃立克体、利什曼)", "药物诱导", "肿瘤相关", "疫苗诱发"]', 'IgG抗体结合血小板表面糖蛋白，被脾脏巨噬细胞吞噬破坏。血小板<30,000/μL时有自发性出血风险。', '单纯ITP经免疫抑制治疗后70-80%可缓解。合并严重出血或DIC预后差。复发率20-30%。', 'advanced', 4);
INSERT INTO diseases (id, name_zh, name_en, category, species, overview, etiology, pathophysiology, prognosis, difficulty, urgency_level) VALUES ('dis_049', '犬副流感', 'Canine Parainfluenza', '["传染病"]', '["犬"]', '犬副流感病毒(CPIV)引起的高度传染性呼吸道疾病，是犬窝咳综合征的常见病原之一。', '["犬副流感病毒(CPIV)", "多病原混合感染(博德特氏菌)", "群养环境传播"]', '病毒损伤呼吸道纤毛上皮，破坏黏膜屏障，继发细菌感染加重症状。', '单纯感染5-10天自愈。继发细菌感染需抗生素治疗。预防以疫苗接种为主。', 'basic', 2);
INSERT INTO diseases (id, name_zh, name_en, category, species, overview, etiology, pathophysiology, prognosis, difficulty, urgency_level) VALUES ('dis_050', '子宫蓄脓(猫)', 'Pyometra (Cat)', '["外科", "生殖系统"]', '["猫"]', '猫的子宫蓄脓，与犬类似但发病率较低。未绝育中老年母猫在发情后易发。', '["黄体期孕激素作用", "继发细菌感染", "未绝育母猫"]', '与犬相同，孕激素导致子宫内膜增生和子宫颈关闭，细菌在封闭子宫内繁殖。', '卵巢子宫切除术预后极好。延误可致子宫破裂和败血症。建议早期绝育预防。', 'intermediate', 3);

-- ===== 症状 (45种) =====
INSERT INTO symptoms (id, name_zh, name_en, definition, species_notes) VALUES ('sym_001', '咳嗽', 'Cough', '呼吸道受到刺激时产生的保护性反射动作，特征为突然的呼气性爆发声', '{"犬": "区分干咳(气管/支气管)和湿咳(肺实质)", "猫": "需与吐毛球鉴别"}');
INSERT INTO symptoms (id, name_zh, name_en, definition, species_notes) VALUES ('sym_002', '呼吸困难', 'Dyspnea', '呼吸做功增加的表现，包括张口呼吸、腹式呼吸、头颈伸展', '{"犬": "静息张口呼吸为急症信号", "猫": "张口呼吸在猫几乎总是急症"}');
INSERT INTO symptoms (id, name_zh, name_en, definition, species_notes) VALUES ('sym_003', '呼吸急促', 'Tachypnea', '呼吸频率异常增快。犬>30次/分，猫>40次/分为异常', NULL);
INSERT INTO symptoms (id, name_zh, name_en, definition, species_notes) VALUES ('sym_004', '鼻液', 'Nasal Discharge', '鼻腔分泌物的异常增多，可分为浆液性、黏液性、脓性或血性', NULL);
INSERT INTO symptoms (id, name_zh, name_en, definition, species_notes) VALUES ('sym_005', '呕吐', 'Vomiting', '胃内容物经口腔强力排出的复杂反射动作。需与反流鉴别', NULL);
INSERT INTO symptoms (id, name_zh, name_en, definition, species_notes) VALUES ('sym_006', '腹泻', 'Diarrhea', '粪便含水量增加、排便频率增加或排便量增加', NULL);
INSERT INTO symptoms (id, name_zh, name_en, definition, species_notes) VALUES ('sym_007', '腹痛', 'Abdominal Pain', '腹部不适或疼痛，可表现为弓背、回避触诊、祈祷姿势', '{"犬": "祈祷姿势高度提示胰腺炎", "猫": "表现隐蔽，可能仅表现为躲藏"}');
INSERT INTO symptoms (id, name_zh, name_en, definition, species_notes) VALUES ('sym_008', '厌食', 'Anorexia', '食欲完全丧失，是许多疾病的非特异性但重要体征', NULL);
INSERT INTO symptoms (id, name_zh, name_en, definition, species_notes) VALUES ('sym_009', '体重下降', 'Weight Loss', '非意愿性体重减轻，超过体重10%为临床显著', NULL);
INSERT INTO symptoms (id, name_zh, name_en, definition, species_notes) VALUES ('sym_010', '黄疸', 'Icterus', '胆红素沉积导致皮肤、黏膜和巩膜黄染', NULL);
INSERT INTO symptoms (id, name_zh, name_en, definition, species_notes) VALUES ('sym_011', '多饮多尿', 'PU/PD', '饮水量和/或尿量异常增多。犬>45ml/kg/day为多饮', '{"犬": "鉴别：糖尿病、CKD、库欣", "猫": "鉴别：糖尿病、CKD、甲亢"}');
INSERT INTO symptoms (id, name_zh, name_en, definition, species_notes) VALUES ('sym_012', '少尿/无尿', 'Oliguria/Anuria', '尿量显著减少(<1ml/kg/h)或无尿', NULL);
INSERT INTO symptoms (id, name_zh, name_en, definition, species_notes) VALUES ('sym_013', '尿频', 'Pollakiuria', '排尿次数增加但每次尿量减少', NULL);
INSERT INTO symptoms (id, name_zh, name_en, definition, species_notes) VALUES ('sym_014', '血尿', 'Hematuria', '尿液中存在红细胞', NULL);
INSERT INTO symptoms (id, name_zh, name_en, definition, species_notes) VALUES ('sym_015', '腹水', 'Ascites', '腹腔内液体积聚，可由右心衰、低白蛋白血症、肿瘤等引起', NULL);
INSERT INTO symptoms (id, name_zh, name_en, definition, species_notes) VALUES ('sym_016', '晕厥', 'Syncope', '短暂性脑血流不足导致的意识丧失', NULL);
INSERT INTO symptoms (id, name_zh, name_en, definition, species_notes) VALUES ('sym_017', '运动不耐受', 'Exercise Intolerance', '运动能力下降，轻微活动即出现疲劳或呼吸困难', NULL);
INSERT INTO symptoms (id, name_zh, name_en, definition, species_notes) VALUES ('sym_018', '发热', 'Fever', '体温升高超过正常范围。犬>39.2C，猫>39.4C为发热', NULL);
INSERT INTO symptoms (id, name_zh, name_en, definition, species_notes) VALUES ('sym_019', '嗜睡', 'Lethargy', '精神状态抑制，活动减少', NULL);
INSERT INTO symptoms (id, name_zh, name_en, definition, species_notes) VALUES ('sym_020', '脱水', 'Dehydration', '体液丢失超过摄入，可通过皮肤弹性、黏膜干燥度评估', NULL);
INSERT INTO symptoms (id, name_zh, name_en, definition, species_notes) VALUES ('sym_021', '多食', 'Polyphagia', '食欲异常亢进，常见于糖尿病、甲亢(猫)、库欣', '{"猫": "老年猫多食伴体重下降高度怀疑甲亢"}');
INSERT INTO symptoms (id, name_zh, name_en, definition, species_notes) VALUES ('sym_022', '流涎', 'Drooling', '唾液过度分泌或吞咽障碍导致的唾液外流', NULL);
INSERT INTO symptoms (id, name_zh, name_en, definition, species_notes) VALUES ('sym_023', '黏膜苍白', 'Pale Mucous Membranes', '黏膜颜色苍白提示贫血或外周血管收缩(休克)，CRT>2秒为异常', NULL);
INSERT INTO symptoms (id, name_zh, name_en, definition, species_notes) VALUES ('sym_024', '后肢瘫痪', 'Paraplegia', '后肢运动功能丧失。在猫需高度警惕动脉血栓(鞍血栓)', '{"猫": "突发后肢瘫痪+皮温低+无脉搏高度怀疑主动脉鞍血栓"}');
INSERT INTO symptoms (id, name_zh, name_en, definition, species_notes) VALUES ('sym_025', '瘙痒', 'Pruritus', '引起搔抓、舔舐或摩擦欲望的感觉', '{"犬": "注意分布模式", "猫": "常表现为过度理毛而非搔抓"}');
INSERT INTO symptoms (id, name_zh, name_en, definition, species_notes) VALUES ('sym_026', '癫痫发作', 'Seizure', '大脑神经元异常过度放电导致的突发性临床事件', NULL);
INSERT INTO symptoms (id, name_zh, name_en, definition, species_notes) VALUES ('sym_027', '瞳孔散大', 'Mydriasis', '瞳孔异常扩大，对光反射减弱或消失，可见于青光眼、视网膜疾病或神经系统疾病。', NULL);
INSERT INTO symptoms (id, name_zh, name_en, definition, species_notes) VALUES ('sym_028', '眼球震颤', 'Nystagmus', '眼球不自主的节律性摆动，可为水平、垂直或旋转性，提示前庭系统或小脑病变。', NULL);
INSERT INTO symptoms (id, name_zh, name_en, definition, species_notes) VALUES ('sym_029', '共济失调', 'Ataxia', '运动协调障碍，步态不稳，可见于小脑病变、前庭疾病或脊髓压迫。', NULL);
INSERT INTO symptoms (id, name_zh, name_en, definition, species_notes) VALUES ('sym_030', '跛行', 'Lameness', '肢体负重异常导致的步态改变，可见于骨折、关节炎、韧带损伤或神经病变。', NULL);
INSERT INTO symptoms (id, name_zh, name_en, definition, species_notes) VALUES ('sym_031', '后肢瘫痪', 'Hindlimb Paralysis', '后肢自主运动功能丧失，可见于椎间盘疾病、脊髓损伤或血栓栓塞。', NULL);
INSERT INTO symptoms (id, name_zh, name_en, definition, species_notes) VALUES ('sym_032', '皮肤红斑', 'Erythema', '皮肤发红，由局部血管扩张引起，可见于过敏、感染或自身免疫性皮肤病。', NULL);
INSERT INTO symptoms (id, name_zh, name_en, definition, species_notes) VALUES ('sym_033', '皮肤瘙痒', 'Pruritus', '搔抓欲望，是犬猫皮肤病最常见的症状，主要病因为过敏和寄生虫。', NULL);
INSERT INTO symptoms (id, name_zh, name_en, definition, species_notes) VALUES ('sym_034', '脱毛', 'Alopecia', '毛发脱落，可为局灶性或全身性，可见于内分泌疾病、寄生虫或真菌感染。', NULL);
INSERT INTO symptoms (id, name_zh, name_en, definition, species_notes) VALUES ('sym_035', '黄疸', 'Icterus/Jaundice', '皮肤、黏膜和巩膜黄染，由胆红素升高引起，提示溶血、肝病或胆道梗阻。', NULL);
INSERT INTO symptoms (id, name_zh, name_en, definition, species_notes) VALUES ('sym_036', '腹水', 'Ascites', '腹腔内液体积聚，可见于右心衰、肝病、低蛋白血症或腹膜疾病。', NULL);
INSERT INTO symptoms (id, name_zh, name_en, definition, species_notes) VALUES ('sym_037', '皮下肿块', 'Subcutaneous Mass', '皮下可触及的肿物，可为脂肪瘤、肥大细胞瘤、囊肿或脓肿。', NULL);
INSERT INTO symptoms (id, name_zh, name_en, definition, species_notes) VALUES ('sym_038', '角膜混浊', 'Corneal Opacity', '角膜透明度下降，可见于角膜溃疡、青光眼、角膜水肿或角膜营养不良。', NULL);
INSERT INTO symptoms (id, name_zh, name_en, definition, species_notes) VALUES ('sym_039', '眼部分泌物增多', 'Ocular Discharge', '眼部分泌物增加，可为浆液性、黏液性或脓性，提示结膜炎、角膜溃疡或泪道阻塞。', NULL);
INSERT INTO symptoms (id, name_zh, name_en, definition, species_notes) VALUES ('sym_040', '流涎', 'Ptyalism/Salivation', '唾液分泌过多或吞咽困难导致唾液外流，可见于口腔疾病、中毒或恶心。', NULL);
INSERT INTO symptoms (id, name_zh, name_en, definition, species_notes) VALUES ('sym_041', '里急后重', 'Tenesmus', '排便困难或频繁尝试排便但排出量少，可见于结肠炎、便秘或直肠肿物。', NULL);
INSERT INTO symptoms (id, name_zh, name_en, definition, species_notes) VALUES ('sym_042', '血便', 'Hematochezia/Melena', '粪便中带血，鲜红色为下消化道出血（hematochezia），黑色为上消化道出血（melena）。', NULL);
INSERT INTO symptoms (id, name_zh, name_en, definition, species_notes) VALUES ('sym_043', '多饮多尿', 'PU/PD', '多饮（polydipsia）和多尿（polyuria）是多种内科疾病的非特异性症状，常见于肾病、糖尿病、库欣等。', NULL);
INSERT INTO symptoms (id, name_zh, name_en, definition, species_notes) VALUES ('sym_044', '抽搐', 'Seizures', '肌肉不自主强直或阵挛性收缩，可见于癫痫、中毒、代谢性脑病或颅内占位。', NULL);
INSERT INTO symptoms (id, name_zh, name_en, definition, species_notes) VALUES ('sym_045', '前肢伸展/角弓反张', 'Opisthotonos', '头颈后仰、四肢强直伸展，提示严重脑膜脑炎或破伤风。', NULL);

-- ===== 疾病-症状关联 =====
INSERT INTO disease_symptom (disease_id,symptom_id,frequency,stage) VALUES ('dis_001', 'sym_001', 'common', '全程');
INSERT INTO disease_symptom (disease_id,symptom_id,frequency,stage) VALUES ('dis_001', 'sym_002', 'common', '进展');
INSERT INTO disease_symptom (disease_id,symptom_id,frequency,stage) VALUES ('dis_001', 'sym_003', 'common', '全程');
INSERT INTO disease_symptom (disease_id,symptom_id,frequency,stage) VALUES ('dis_001', 'sym_018', 'common', '全程');
INSERT INTO disease_symptom (disease_id,symptom_id,frequency,stage) VALUES ('dis_001', 'sym_019', 'common', '全程');
INSERT INTO disease_symptom (disease_id,symptom_id,frequency,stage) VALUES ('dis_002', 'sym_001', 'common', '全程');
INSERT INTO disease_symptom (disease_id,symptom_id,frequency,stage) VALUES ('dis_002', 'sym_002', 'common', '进展');
INSERT INTO disease_symptom (disease_id,symptom_id,frequency,stage) VALUES ('dis_002', 'sym_003', 'common', '全程');
INSERT INTO disease_symptom (disease_id,symptom_id,frequency,stage) VALUES ('dis_002', 'sym_015', 'uncommon', '晚期');
INSERT INTO disease_symptom (disease_id,symptom_id,frequency,stage) VALUES ('dis_002', 'sym_016', 'uncommon', '进展');
INSERT INTO disease_symptom (disease_id,symptom_id,frequency,stage) VALUES ('dis_002', 'sym_017', 'common', '全程');
INSERT INTO disease_symptom (disease_id,symptom_id,frequency,stage) VALUES ('dis_002', 'sym_019', 'common', '全程');
INSERT INTO disease_symptom (disease_id,symptom_id,frequency,stage) VALUES ('dis_003', 'sym_001', 'common', '全程');
INSERT INTO disease_symptom (disease_id,symptom_id,frequency,stage) VALUES ('dis_003', 'sym_002', 'common', '发作');
INSERT INTO disease_symptom (disease_id,symptom_id,frequency,stage) VALUES ('dis_003', 'sym_003', 'common', '发作');
INSERT INTO disease_symptom (disease_id,symptom_id,frequency,stage,is_pathognomonic) VALUES ('dis_004', 'sym_001', 'common', '全程', 1);
INSERT INTO disease_symptom (disease_id,symptom_id,frequency,stage) VALUES ('dis_004', 'sym_002', 'uncommon', '进展');
INSERT INTO disease_symptom (disease_id,symptom_id,frequency,stage) VALUES ('dis_004', 'sym_017', 'common', '全程');
INSERT INTO disease_symptom (disease_id,symptom_id,frequency,stage) VALUES ('dis_005', 'sym_008', 'common', '全程');
INSERT INTO disease_symptom (disease_id,symptom_id,frequency,stage) VALUES ('dis_005', 'sym_005', 'common', '全程');
INSERT INTO disease_symptom (disease_id,symptom_id,frequency,stage) VALUES ('dis_005', 'sym_012', 'common', '少尿期');
INSERT INTO disease_symptom (disease_id,symptom_id,frequency,stage) VALUES ('dis_005', 'sym_019', 'common', '全程');
INSERT INTO disease_symptom (disease_id,symptom_id,frequency,stage) VALUES ('dis_005', 'sym_020', 'common', '全程');
INSERT INTO disease_symptom (disease_id,symptom_id,frequency,stage) VALUES ('dis_006', 'sym_011', 'common', '全程');
INSERT INTO disease_symptom (disease_id,symptom_id,frequency,stage) VALUES ('dis_006', 'sym_009', 'common', '进展');
INSERT INTO disease_symptom (disease_id,symptom_id,frequency,stage) VALUES ('dis_006', 'sym_008', 'common', '进展');
INSERT INTO disease_symptom (disease_id,symptom_id,frequency,stage) VALUES ('dis_006', 'sym_005', 'uncommon', '进展');
INSERT INTO disease_symptom (disease_id,symptom_id,frequency,stage) VALUES ('dis_006', 'sym_019', 'common', '全程');
INSERT INTO disease_symptom (disease_id,symptom_id,frequency,stage) VALUES ('dis_006', 'sym_020', 'common', '全程');
INSERT INTO disease_symptom (disease_id,symptom_id,frequency,stage) VALUES ('dis_007', 'sym_013', 'common', '全程');
INSERT INTO disease_symptom (disease_id,symptom_id,frequency,stage) VALUES ('dis_007', 'sym_014', 'common', '全程');
INSERT INTO disease_symptom (disease_id,symptom_id,frequency,stage) VALUES ('dis_008', 'sym_013', 'common', '全程');
INSERT INTO disease_symptom (disease_id,symptom_id,frequency,stage) VALUES ('dis_008', 'sym_014', 'common', '全程');
INSERT INTO disease_symptom (disease_id,symptom_id,frequency,stage) VALUES ('dis_008', 'sym_005', 'uncommon', '全程');
INSERT INTO disease_symptom (disease_id,symptom_id,frequency,stage) VALUES ('dis_009', 'sym_005', 'common', '全程');
INSERT INTO disease_symptom (disease_id,symptom_id,frequency,stage,is_pathognomonic) VALUES ('dis_009', 'sym_007', 'common', '全程', 1);
INSERT INTO disease_symptom (disease_id,symptom_id,frequency,stage) VALUES ('dis_009', 'sym_008', 'common', '全程');
INSERT INTO disease_symptom (disease_id,symptom_id,frequency,stage) VALUES ('dis_009', 'sym_006', 'uncommon', '全程');
INSERT INTO disease_symptom (disease_id,symptom_id,frequency,stage) VALUES ('dis_009', 'sym_019', 'common', '全程');
INSERT INTO disease_symptom (disease_id,symptom_id,frequency,stage) VALUES ('dis_009', 'sym_020', 'common', '全程');
INSERT INTO disease_symptom (disease_id,symptom_id,frequency,stage) VALUES ('dis_010', 'sym_005', 'common', '全程');
INSERT INTO disease_symptom (disease_id,symptom_id,frequency,stage) VALUES ('dis_010', 'sym_006', 'common', '全程');
INSERT INTO disease_symptom (disease_id,symptom_id,frequency,stage) VALUES ('dis_010', 'sym_008', 'common', '全程');
INSERT INTO disease_symptom (disease_id,symptom_id,frequency,stage) VALUES ('dis_010', 'sym_020', 'common', '全程');
INSERT INTO disease_symptom (disease_id,symptom_id,frequency,stage) VALUES ('dis_011', 'sym_005', 'common', '全程');
INSERT INTO disease_symptom (disease_id,symptom_id,frequency,stage) VALUES ('dis_011', 'sym_007', 'common', '全程');
INSERT INTO disease_symptom (disease_id,symptom_id,frequency,stage) VALUES ('dis_011', 'sym_008', 'common', '全程');
INSERT INTO disease_symptom (disease_id,symptom_id,frequency,stage) VALUES ('dis_011', 'sym_006', 'uncommon', '全程');
INSERT INTO disease_symptom (disease_id,symptom_id,frequency,stage) VALUES ('dis_012', 'sym_005', 'common', '全程');
INSERT INTO disease_symptom (disease_id,symptom_id,frequency,stage) VALUES ('dis_012', 'sym_008', 'common', '全程');
INSERT INTO disease_symptom (disease_id,symptom_id,frequency,stage) VALUES ('dis_012', 'sym_010', 'common', '进展');
INSERT INTO disease_symptom (disease_id,symptom_id,frequency,stage) VALUES ('dis_012', 'sym_019', 'common', '全程');
INSERT INTO disease_symptom (disease_id,symptom_id,frequency,stage) VALUES ('dis_012', 'sym_026', 'uncommon', '进展');
INSERT INTO disease_symptom (disease_id,symptom_id,frequency,stage) VALUES ('dis_013', 'sym_005', 'common', '全程');
INSERT INTO disease_symptom (disease_id,symptom_id,frequency,stage) VALUES ('dis_013', 'sym_006', 'common', '全程');
INSERT INTO disease_symptom (disease_id,symptom_id,frequency,stage) VALUES ('dis_013', 'sym_009', 'common', '进展');
INSERT INTO disease_symptom (disease_id,symptom_id,frequency,stage) VALUES ('dis_013', 'sym_008', 'uncommon', '全程');
INSERT INTO disease_symptom (disease_id,symptom_id,frequency,stage) VALUES ('dis_014', 'sym_002', 'common', '进展');
INSERT INTO disease_symptom (disease_id,symptom_id,frequency,stage) VALUES ('dis_014', 'sym_003', 'common', '全程');
INSERT INTO disease_symptom (disease_id,symptom_id,frequency,stage) VALUES ('dis_014', 'sym_015', 'uncommon', '晚期');
INSERT INTO disease_symptom (disease_id,symptom_id,frequency,stage,is_pathognomonic) VALUES ('dis_014', 'sym_016', 'uncommon', '进展', 1);
INSERT INTO disease_symptom (disease_id,symptom_id,frequency,stage) VALUES ('dis_014', 'sym_017', 'common', '全程');
INSERT INTO disease_symptom (disease_id,symptom_id,frequency,stage) VALUES ('dis_014', 'sym_019', 'common', '全程');
INSERT INTO disease_symptom (disease_id,symptom_id,frequency,stage) VALUES ('dis_015', 'sym_002', 'common', '进展');
INSERT INTO disease_symptom (disease_id,symptom_id,frequency,stage) VALUES ('dis_015', 'sym_003', 'common', '全程');
INSERT INTO disease_symptom (disease_id,symptom_id,frequency,stage) VALUES ('dis_015', 'sym_017', 'common', '全程');
INSERT INTO disease_symptom (disease_id,symptom_id,frequency,stage,is_pathognomonic) VALUES ('dis_015', 'sym_024', 'uncommon', '晚期', 1);
INSERT INTO disease_symptom (disease_id,symptom_id,frequency,stage) VALUES ('dis_016', 'sym_002', 'common', '进展');
INSERT INTO disease_symptom (disease_id,symptom_id,frequency,stage,is_pathognomonic) VALUES ('dis_016', 'sym_015', 'common', '进展', 1);
INSERT INTO disease_symptom (disease_id,symptom_id,frequency,stage) VALUES ('dis_016', 'sym_019', 'common', '全程');
INSERT INTO disease_symptom (disease_id,symptom_id,frequency,stage) VALUES ('dis_017', 'sym_011', 'common', '全程');
INSERT INTO disease_symptom (disease_id,symptom_id,frequency,stage) VALUES ('dis_017', 'sym_021', 'common', '全程');
INSERT INTO disease_symptom (disease_id,symptom_id,frequency,stage) VALUES ('dis_017', 'sym_009', 'common', '进展');
INSERT INTO disease_symptom (disease_id,symptom_id,frequency,stage) VALUES ('dis_017', 'sym_008', 'uncommon', '进展');
INSERT INTO disease_symptom (disease_id,symptom_id,frequency,stage) VALUES ('dis_017', 'sym_019', 'common', '全程');
INSERT INTO disease_symptom (disease_id,symptom_id,frequency,stage) VALUES ('dis_018', 'sym_011', 'common', '全程');
INSERT INTO disease_symptom (disease_id,symptom_id,frequency,stage) VALUES ('dis_018', 'sym_021', 'common', '全程');
INSERT INTO disease_symptom (disease_id,symptom_id,frequency,stage) VALUES ('dis_018', 'sym_025', 'common', '全程');
INSERT INTO disease_symptom (disease_id,symptom_id,frequency,stage) VALUES ('dis_018', 'sym_009', 'common', '进展');
INSERT INTO disease_symptom (disease_id,symptom_id,frequency,stage) VALUES ('dis_018', 'sym_019', 'common', '全程');
INSERT INTO disease_symptom (disease_id,symptom_id,frequency,stage) VALUES ('dis_019', 'sym_021', 'common', '全程');
INSERT INTO disease_symptom (disease_id,symptom_id,frequency,stage) VALUES ('dis_019', 'sym_009', 'common', '全程');
INSERT INTO disease_symptom (disease_id,symptom_id,frequency,stage) VALUES ('dis_019', 'sym_011', 'common', '全程');
INSERT INTO disease_symptom (disease_id,symptom_id,frequency,stage) VALUES ('dis_019', 'sym_019', 'common', '全程');
INSERT INTO disease_symptom (disease_id,symptom_id,frequency,stage) VALUES ('dis_020', 'sym_009', 'common', '全程');
INSERT INTO disease_symptom (disease_id,symptom_id,frequency,stage) VALUES ('dis_020', 'sym_019', 'common', '全程');
INSERT INTO disease_symptom (disease_id,symptom_id,frequency,stage) VALUES ('dis_020', 'sym_025', 'common', '全程');
INSERT INTO disease_symptom (disease_id,symptom_id,frequency,stage) VALUES ('dis_021', 'sym_005', 'common', '全程');
INSERT INTO disease_symptom (disease_id,symptom_id,frequency,stage) VALUES ('dis_021', 'sym_008', 'common', '全程');
INSERT INTO disease_symptom (disease_id,symptom_id,frequency,stage,is_pathognomonic) VALUES ('dis_021', 'sym_012', 'common', '进展', 1);
INSERT INTO disease_symptom (disease_id,symptom_id,frequency,stage) VALUES ('dis_021', 'sym_020', 'common', '全程');
INSERT INTO disease_symptom (disease_id,symptom_id,frequency,stage) VALUES ('dis_021', 'sym_026', 'common', '早期');
INSERT INTO disease_symptom (disease_id,symptom_id,frequency,stage) VALUES ('dis_022', 'sym_005', 'common', '全程');
INSERT INTO disease_symptom (disease_id,symptom_id,frequency,stage) VALUES ('dis_022', 'sym_003', 'uncommon', '进展');
INSERT INTO disease_symptom (disease_id,symptom_id,frequency,stage) VALUES ('dis_022', 'sym_022', 'common', '进展');
INSERT INTO disease_symptom (disease_id,symptom_id,frequency,stage) VALUES ('dis_022', 'sym_026', 'common', '全程');
INSERT INTO disease_symptom (disease_id,symptom_id,frequency,stage) VALUES ('dis_023', 'sym_005', 'common', '全程');
INSERT INTO disease_symptom (disease_id,symptom_id,frequency,stage) VALUES ('dis_023', 'sym_008', 'common', '全程');
INSERT INTO disease_symptom (disease_id,symptom_id,frequency,stage,is_pathognomonic) VALUES ('dis_023', 'sym_012', 'common', '进展', 1);
INSERT INTO disease_symptom (disease_id,symptom_id,frequency,stage) VALUES ('dis_023', 'sym_020', 'common', '全程');
INSERT INTO disease_symptom (disease_id,symptom_id,frequency,stage) VALUES ('dis_024', 'sym_005', 'common', '全程');
INSERT INTO disease_symptom (disease_id,symptom_id,frequency,stage) VALUES ('dis_024', 'sym_008', 'common', '全程');
INSERT INTO disease_symptom (disease_id,symptom_id,frequency,stage) VALUES ('dis_024', 'sym_006', 'uncommon', '进展');
INSERT INTO disease_symptom (disease_id,symptom_id,frequency,stage) VALUES ('dis_024', 'sym_020', 'common', '全程');
INSERT INTO disease_symptom (disease_id,symptom_id,frequency,stage) VALUES ('dis_025', 'sym_005', 'common', '全程');
INSERT INTO disease_symptom (disease_id,symptom_id,frequency,stage) VALUES ('dis_025', 'sym_006', 'common', '全程');
INSERT INTO disease_symptom (disease_id,symptom_id,frequency,stage) VALUES ('dis_025', 'sym_008', 'common', '全程');
INSERT INTO disease_symptom (disease_id,symptom_id,frequency,stage) VALUES ('dis_025', 'sym_019', 'common', '全程');
INSERT INTO disease_symptom (disease_id,symptom_id,frequency,stage) VALUES ('dis_025', 'sym_020', 'common', '全程');
INSERT INTO disease_symptom (disease_id,symptom_id,frequency,stage,is_pathognomonic) VALUES ('dis_025', 'sym_023', 'common', '进展', 1);
INSERT INTO disease_symptom (disease_id,symptom_id,frequency,stage) VALUES ('dis_026', 'sym_005', 'common', '全程');
INSERT INTO disease_symptom (disease_id,symptom_id,frequency,stage) VALUES ('dis_026', 'sym_006', 'uncommon', '全程');
INSERT INTO disease_symptom (disease_id,symptom_id,frequency,stage) VALUES ('dis_026', 'sym_004', 'common', '全程');
INSERT INTO disease_symptom (disease_id,symptom_id,frequency,stage) VALUES ('dis_026', 'sym_019', 'common', '全程');
INSERT INTO disease_symptom (disease_id,symptom_id,frequency,stage) VALUES ('dis_026', 'sym_026', 'uncommon', '晚期');
INSERT INTO disease_symptom (disease_id,symptom_id,frequency,stage) VALUES ('dis_027', 'sym_005', 'common', '全程');
INSERT INTO disease_symptom (disease_id,symptom_id,frequency,stage) VALUES ('dis_027', 'sym_006', 'common', '全程');
INSERT INTO disease_symptom (disease_id,symptom_id,frequency,stage) VALUES ('dis_027', 'sym_008', 'common', '全程');
INSERT INTO disease_symptom (disease_id,symptom_id,frequency,stage) VALUES ('dis_027', 'sym_019', 'common', '全程');
INSERT INTO disease_symptom (disease_id,symptom_id,frequency,stage) VALUES ('dis_027', 'sym_020', 'common', '全程');
INSERT INTO disease_symptom (disease_id,symptom_id,frequency,stage,is_pathognomonic) VALUES ('dis_027', 'sym_023', 'common', '进展', 1);
INSERT INTO disease_symptom (disease_id,symptom_id,frequency,stage) VALUES ('dis_028', 'sym_008', 'common', '全程');
INSERT INTO disease_symptom (disease_id,symptom_id,frequency,stage) VALUES ('dis_028', 'sym_009', 'common', '进展');
INSERT INTO disease_symptom (disease_id,symptom_id,frequency,stage) VALUES ('dis_028', 'sym_015', 'uncommon', '湿性');
INSERT INTO disease_symptom (disease_id,symptom_id,frequency,stage) VALUES ('dis_028', 'sym_019', 'common', '全程');
INSERT INTO disease_symptom (disease_id,symptom_id,frequency,stage) VALUES ('dis_028', 'sym_010', 'uncommon', '进展');
INSERT INTO disease_symptom (disease_id,symptom_id,frequency,stage) VALUES ('dis_029', 'sym_005', 'common', '全程');
INSERT INTO disease_symptom (disease_id,symptom_id,frequency,stage,is_pathognomonic) VALUES ('dis_029', 'sym_007', 'common', '全程', 1);
INSERT INTO disease_symptom (disease_id,symptom_id,frequency,stage) VALUES ('dis_029', 'sym_008', 'common', '全程');
INSERT INTO disease_symptom (disease_id,symptom_id,frequency,stage) VALUES ('dis_029', 'sym_002', 'common', '进展');
INSERT INTO disease_symptom (disease_id,symptom_id,frequency,stage) VALUES ('dis_029', 'sym_023', 'common', '休克期');
INSERT INTO disease_symptom (disease_id,symptom_id,frequency,stage) VALUES ('dis_030', 'sym_008', 'common', '全程');
INSERT INTO disease_symptom (disease_id,symptom_id,frequency,stage) VALUES ('dis_030', 'sym_011', 'common', '全程');
INSERT INTO disease_symptom (disease_id,symptom_id,frequency,stage) VALUES ('dis_030', 'sym_005', 'uncommon', '全程');
INSERT INTO disease_symptom (disease_id,symptom_id,frequency,stage) VALUES ('dis_030', 'sym_019', 'common', '进展');
INSERT INTO disease_symptom (disease_id,symptom_id,frequency,stage) VALUES ('dis_030', 'sym_020', 'common', '全程');
INSERT INTO disease_symptom (disease_id,symptom_id,frequency,stage,is_pathognomonic) VALUES ('dis_031', 'sym_026', 'common', '发作期', 1);
INSERT INTO disease_symptom (disease_id,symptom_id,frequency,stage) VALUES ('dis_031', 'sym_019', 'common', '发作后');
INSERT INTO disease_symptom (disease_id,symptom_id,frequency,stage) VALUES ('dis_031', 'sym_008', 'uncommon', '发作后');
INSERT INTO disease_symptom (disease_id,symptom_id,frequency,stage) VALUES ('dis_032', 'sym_018', 'common', '全程');
INSERT INTO disease_symptom (disease_id,symptom_id,frequency,stage) VALUES ('dis_032', 'sym_019', 'common', '全程');
INSERT INTO disease_symptom (disease_id,symptom_id,frequency,stage) VALUES ('dis_032', 'sym_009', 'uncommon', '进展');
INSERT INTO disease_symptom (disease_id,symptom_id,frequency,stage,is_pathognomonic) VALUES ('dis_033', 'sym_023', 'common', '全程', 1);
INSERT INTO disease_symptom (disease_id,symptom_id,frequency,stage) VALUES ('dis_033', 'sym_019', 'common', '全程');
INSERT INTO disease_symptom (disease_id,symptom_id,frequency,stage) VALUES ('dis_033', 'sym_003', 'common', '进展');
INSERT INTO disease_symptom (disease_id,symptom_id,frequency,stage) VALUES ('dis_033', 'sym_017', 'common', '进展');
INSERT INTO disease_symptom (disease_id,symptom_id,frequency,stage) VALUES ('dis_033', 'sym_010', 'uncommon', '进展');
INSERT INTO disease_symptom (disease_id,symptom_id,frequency,stage) VALUES ('dis_033', 'sym_008', 'uncommon', '进展');
INSERT INTO disease_symptom (disease_id,symptom_id,frequency,stage) VALUES ('dis_034', 'sym_009', 'common', '进展');
INSERT INTO disease_symptom (disease_id,symptom_id,frequency,stage) VALUES ('dis_034', 'sym_019', 'common', '全程');
INSERT INTO disease_symptom (disease_id,symptom_id,frequency,stage) VALUES ('dis_034', 'sym_008', 'uncommon', '进展');
INSERT INTO disease_symptom (disease_id,symptom_id,frequency,stage) VALUES ('dis_034', 'sym_018', 'uncommon', '进展');
INSERT INTO disease_symptom (disease_id,symptom_id,frequency,stage,is_pathognomonic) VALUES ('dis_035', 'sym_017', 'common', '全程', 1);
INSERT INTO disease_symptom (disease_id,symptom_id,frequency,stage) VALUES ('dis_035', 'sym_007', 'common', '急性期');
INSERT INTO disease_symptom (disease_id,symptom_id,frequency,stage) VALUES ('dis_035', 'sym_019', 'common', '慢性期');
INSERT INTO disease_symptom (disease_id,symptom_id,frequency,stage) VALUES ('dis_036', 'sym_001', 'common', '进展');
INSERT INTO disease_symptom (disease_id,symptom_id,frequency,stage) VALUES ('dis_036', 'sym_003', 'common', '进展');
INSERT INTO disease_symptom (disease_id,symptom_id,frequency,stage) VALUES ('dis_036', 'sym_017', 'common', '进展');
INSERT INTO disease_symptom (disease_id,symptom_id,frequency,stage) VALUES ('dis_036', 'sym_009', 'uncommon', '晚期');
INSERT INTO disease_symptom (disease_id,symptom_id,frequency,stage) VALUES ('dis_036', 'sym_015', 'uncommon', '晚期');
INSERT INTO disease_symptom (disease_id,symptom_id,frequency,stage,is_pathognomonic) VALUES ('dis_037', 'sym_025', 'common', '全程', 1);
INSERT INTO disease_symptom (disease_id,symptom_id,frequency,stage) VALUES ('dis_037', 'sym_019', 'common', '全程');
INSERT INTO disease_symptom (disease_id,symptom_id,frequency,stage) VALUES ('dis_037', 'sym_018', 'uncommon', '进展');
INSERT INTO disease_symptom (disease_id,symptom_id,frequency,stage,is_pathognomonic) VALUES ('dis_038', 'sym_038', 'common', '全程', 1);
INSERT INTO disease_symptom (disease_id,symptom_id,frequency,stage) VALUES ('dis_038', 'sym_027', 'uncommon', '晚期');
INSERT INTO disease_symptom (disease_id,symptom_id,frequency,stage) VALUES ('dis_038', 'sym_019', 'uncommon', '晚期');
INSERT INTO disease_symptom (disease_id,symptom_id,frequency,stage) VALUES ('dis_039', 'sym_038', 'common', '急性期');
INSERT INTO disease_symptom (disease_id,symptom_id,frequency,stage,is_pathognomonic) VALUES ('dis_039', 'sym_027', 'common', '急性期', 1);
INSERT INTO disease_symptom (disease_id,symptom_id,frequency,stage) VALUES ('dis_039', 'sym_039', 'common', '急性期');
INSERT INTO disease_symptom (disease_id,symptom_id,frequency,stage) VALUES ('dis_039', 'sym_019', 'uncommon', '慢性期');
INSERT INTO disease_symptom (disease_id,symptom_id,frequency,stage) VALUES ('dis_040', 'sym_039', 'common', '全程');
INSERT INTO disease_symptom (disease_id,symptom_id,frequency,stage) VALUES ('dis_040', 'sym_038', 'uncommon', '全程');
INSERT INTO disease_symptom (disease_id,symptom_id,frequency,stage) VALUES ('dis_040', 'sym_019', 'rare', '继发感染');
INSERT INTO disease_symptom (disease_id,symptom_id,frequency,stage) VALUES ('dis_041', 'sym_030', 'common', '早期');
INSERT INTO disease_symptom (disease_id,symptom_id,frequency,stage) VALUES ('dis_041', 'sym_031', 'common', '进展');
INSERT INTO disease_symptom (disease_id,symptom_id,frequency,stage) VALUES ('dis_041', 'sym_029', 'common', '全程');
INSERT INTO disease_symptom (disease_id,symptom_id,frequency,stage) VALUES ('dis_041', 'sym_019', 'uncommon', '疼痛');
INSERT INTO disease_symptom (disease_id,symptom_id,frequency,stage) VALUES ('dis_042', 'sym_030', 'common', '全程');
INSERT INTO disease_symptom (disease_id,symptom_id,frequency,stage) VALUES ('dis_042', 'sym_029', 'uncommon', '进展');
INSERT INTO disease_symptom (disease_id,symptom_id,frequency,stage) VALUES ('dis_042', 'sym_019', 'common', '慢性期');
INSERT INTO disease_symptom (disease_id,symptom_id,frequency,stage,is_pathognomonic) VALUES ('dis_043', 'sym_037', 'common', '全程', 1);
INSERT INTO disease_symptom (disease_id,symptom_id,frequency,stage) VALUES ('dis_043', 'sym_032', 'uncommon', '肿瘤周围');
INSERT INTO disease_symptom (disease_id,symptom_id,frequency,stage) VALUES ('dis_043', 'sym_040', 'rare', '组胺释放');
INSERT INTO disease_symptom (disease_id,symptom_id,frequency,stage) VALUES ('dis_044', 'sym_035', 'uncommon', '晚期');
INSERT INTO disease_symptom (disease_id,symptom_id,frequency,stage) VALUES ('dis_044', 'sym_036', 'common', '破裂');
INSERT INTO disease_symptom (disease_id,symptom_id,frequency,stage) VALUES ('dis_044', 'sym_019', 'common', '晚期');
INSERT INTO disease_symptom (disease_id,symptom_id,frequency,stage) VALUES ('dis_044', 'sym_017', 'common', '晚期');
INSERT INTO disease_symptom (disease_id,symptom_id,frequency,stage,is_pathognomonic) VALUES ('dis_045', 'sym_033', 'common', '全程', 1);
INSERT INTO disease_symptom (disease_id,symptom_id,frequency,stage) VALUES ('dis_045', 'sym_032', 'common', '全程');
INSERT INTO disease_symptom (disease_id,symptom_id,frequency,stage) VALUES ('dis_045', 'sym_034', 'common', '慢性期');
INSERT INTO disease_symptom (disease_id,symptom_id,frequency,stage) VALUES ('dis_046', 'sym_018', 'common', '全程');
INSERT INTO disease_symptom (disease_id,symptom_id,frequency,stage) VALUES ('dis_046', 'sym_035', 'common', '进展');
INSERT INTO disease_symptom (disease_id,symptom_id,frequency,stage) VALUES ('dis_046', 'sym_040', 'uncommon', '急性期');
INSERT INTO disease_symptom (disease_id,symptom_id,frequency,stage) VALUES ('dis_046', 'sym_005', 'common', '肾型');
INSERT INTO disease_symptom (disease_id,symptom_id,frequency,stage) VALUES ('dis_046', 'sym_019', 'common', '全程');
INSERT INTO disease_symptom (disease_id,symptom_id,frequency,stage,is_pathognomonic) VALUES ('dis_047', 'sym_035', 'common', '进展', 1);
INSERT INTO disease_symptom (disease_id,symptom_id,frequency,stage) VALUES ('dis_047', 'sym_040', 'common', '全程');
INSERT INTO disease_symptom (disease_id,symptom_id,frequency,stage) VALUES ('dis_047', 'sym_019', 'common', '全程');
INSERT INTO disease_symptom (disease_id,symptom_id,frequency,stage) VALUES ('dis_047', 'sym_043', 'uncommon', '合并糖尿病');
INSERT INTO disease_symptom (disease_id,symptom_id,frequency,stage) VALUES ('dis_048', 'sym_032', 'uncommon', '出血倾向');
INSERT INTO disease_symptom (disease_id,symptom_id,frequency,stage) VALUES ('dis_048', 'sym_042', 'rare', '严重出血');
INSERT INTO disease_symptom (disease_id,symptom_id,frequency,stage) VALUES ('dis_048', 'sym_019', 'common', '全程');
INSERT INTO disease_symptom (disease_id,symptom_id,frequency,stage,is_pathognomonic) VALUES ('dis_049', 'sym_001', 'common', '全程', 1);
INSERT INTO disease_symptom (disease_id,symptom_id,frequency,stage) VALUES ('dis_049', 'sym_018', 'common', '全程');
INSERT INTO disease_symptom (disease_id,symptom_id,frequency,stage) VALUES ('dis_049', 'sym_019', 'common', '全程');
INSERT INTO disease_symptom (disease_id,symptom_id,frequency,stage) VALUES ('dis_050', 'sym_019', 'common', '全程');
INSERT INTO disease_symptom (disease_id,symptom_id,frequency,stage) VALUES ('dis_050', 'sym_043', 'common', '全程');
INSERT INTO disease_symptom (disease_id,symptom_id,frequency,stage) VALUES ('dis_050', 'sym_040', 'uncommon', '开放型');
INSERT INTO disease_symptom (disease_id,symptom_id,frequency,stage) VALUES ('dis_050', 'sym_039', 'uncommon', '进展');

-- ===== 鉴别诊断关联 =====
INSERT INTO disease_ddx (disease_id,ddx_id,distinguishing_feature) VALUES ('dis_001', 'dis_002', '肺炎有发热+湿咳，心衰有心脏杂音+奔马律');
INSERT INTO disease_ddx (disease_id,ddx_id,distinguishing_feature) VALUES ('dis_002', 'dis_014', '心衰MMVD有瓣膜杂音，DCM有心室扩张+心律失常');
INSERT INTO disease_ddx (disease_id,ddx_id,distinguishing_feature) VALUES ('dis_003', 'dis_001', '哮喘有可逆性气流受限+嗜酸性粒细胞增多');
INSERT INTO disease_ddx (disease_id,ddx_id,distinguishing_feature) VALUES ('dis_005', 'dis_006', 'AKI起病急+肾脏可增大，CKD病程长+肾脏缩小');
INSERT INTO disease_ddx (disease_id,ddx_id,distinguishing_feature) VALUES ('dis_009', 'dis_010', '胰腺炎有剧烈腹痛+fPLI升高，胃肠炎腹痛轻且无酶升高');
INSERT INTO disease_ddx (disease_id,ddx_id,distinguishing_feature) VALUES ('dis_009', 'dis_011', '胰腺炎渐进性腹痛+酶升高，异物有吞食史+影像可见异物');
INSERT INTO disease_ddx (disease_id,ddx_id,distinguishing_feature) VALUES ('dis_017', 'dis_018', '糖尿病血糖高+尿糖，库欣有皮肤变薄+ALP升高');
INSERT INTO disease_ddx (disease_id,ddx_id,distinguishing_feature) VALUES ('dis_017', 'dis_019', '糖尿病血糖高但T4正常，甲亢T4升高但血糖可正常');
INSERT INTO disease_ddx (disease_id,ddx_id,distinguishing_feature) VALUES ('dis_019', 'dis_006', '甲亢T4升高+多食体重下降，CKD有氮质血症+尿比重低');
INSERT INTO disease_ddx (disease_id,ddx_id,distinguishing_feature) VALUES ('dis_015', 'dis_016', 'HCM有心室肥厚+左房扩大，心包积液有心包液暗区');
INSERT INTO disease_ddx (disease_id,ddx_id,distinguishing_feature) VALUES ('dis_025', 'dis_027', '细小有严重出血性肠炎+白细胞↓↓，猫泛白细胞减少类似但感染猫细小病毒');
INSERT INTO disease_ddx (disease_id,ddx_id,distinguishing_feature) VALUES ('dis_007', 'dis_008', 'UTI有菌尿+脓尿，FLUTD可能无菌尿');
INSERT INTO disease_ddx (disease_id,ddx_id,distinguishing_feature) VALUES ('dis_010', 'dis_013', '胃肠炎急性起病且自限，IBD慢性持续性+组织学炎症');
INSERT INTO disease_ddx (disease_id,ddx_id,distinguishing_feature) VALUES ('dis_012', 'dis_028', '肝衰竭有凝血障碍+低白蛋白，FIP有渗出液+球蛋白升高');
INSERT INTO disease_ddx (disease_id,ddx_id,distinguishing_feature) VALUES ('dis_021', 'dis_005', '乙二醇中毒有草酸钙结晶+阴离子间隙升高，其他AKI无此特征');

-- ===== 药物 (60种) =====
INSERT INTO drugs (id, name_zh, name_en, drug_class, indications, contraindications, side_effects, species_dosing) VALUES ('drug_001', '阿莫西林-克拉维酸', 'Amoxicillin-Clavulanate', '抗生素（β-内酰胺类）', '["尿路感染", "皮肤感染", "软组织感染", "牙周感染", "呼吸道感染"]', '["青霉素过敏", "严重肾功能不全（需调整剂量）"]', '["胃肠道反应（呕吐、腹泻）", "过敏反应", "肠道菌群失调"]', '{"犬": {"dose": "12.5-25 mg/kg", "route": "PO", "frequency": "q12h"}, "猫": {"dose": "12.5-25 mg/kg", "route": "PO", "frequency": "q12h"}}');
INSERT INTO drugs (id, name_zh, name_en, drug_class, indications, contraindications, side_effects, species_dosing) VALUES ('drug_002', '恩诺沙星', 'Enrofloxacin', '抗生素（氟喹诺酮类）', '["尿路感染", "皮肤感染", "呼吸道感染", "前列腺炎", "革兰阴性菌感染"]', '["幼龄动物（软骨毒性）", "猫高剂量（视网膜毒性）", "癫痫病史"]', '["胃肠道反应", "中枢神经系统兴奋", "幼畜软骨损伤", "猫视网膜病变（高剂量）"]', '{"犬": {"dose": "5-20 mg/kg", "route": "PO/IV/SC", "frequency": "q24h"}, "猫": {"dose": "2.5-5 mg/kg", "route": "PO", "frequency": "q24h（不超过5mg/kg）"}}');
INSERT INTO drugs (id, name_zh, name_en, drug_class, indications, contraindications, side_effects, species_dosing) VALUES ('drug_003', '呋塞米', 'Furosemide', '利尿剂（袢利尿剂）', '["充血性心力衰竭", "肺水肿", "胸腔积液", "急性肾损伤（促进利尿）", "高钙血症"]', '["脱水", "无尿", "低钾血症", "磺胺类过敏"]', '["脱水", "低钾血症", "低钠血症", "耳毒性（高剂量IV）", "肾前性氮质血症"]', '{"犬": {"dose": "2-4 mg/kg", "route": "IV/IM/PO", "frequency": "q8-12h（急性）；1-2 mg/kg q12-24h（维持）"}, "猫": {"dose": "1-2 mg/kg", "route": "IV/IM/PO", "frequency": "q12-24h"}}');
INSERT INTO drugs (id, name_zh, name_en, drug_class, indications, contraindications, side_effects, species_dosing) VALUES ('drug_004', '泼尼松龙', 'Prednisolone', '糖皮质激素', '["炎症性肠病", "过敏/特应性皮炎", "免疫介导性疾病", "猫哮喘", "肿瘤化疗辅助", "肾上腺皮质功能减退"]', '["真菌感染", "消化性溃疡", "未控制的糖尿病", "库欣综合征", "妊娠"]', '["多饮多尿多食", "胃肠道溃疡", "肌肉萎缩", "皮肤变薄", "免疫抑制", "医源性库欣"]', '{"犬": {"dose": "0.5-1 mg/kg", "route": "PO", "frequency": "q12h（抗炎）；0.1-0.25 mg/kg q48h（替代）"}, "猫": {"dose": "1-2 mg/kg", "route": "PO", "frequency": "q12h（抗炎，猫需更高剂量）"}}');
INSERT INTO drugs (id, name_zh, name_en, drug_class, indications, contraindications, side_effects, species_dosing) VALUES ('drug_005', '胰岛素（甘精胰岛素）', 'Insulin Glargine', '胰岛素（长效）', '["犬糖尿病（I型）", "猫糖尿病（II型，部分可缓解）", "糖尿病酮症酸中毒（急性期后）"]', '["低血糖", "胰岛素瘤"]', '["低血糖（最严重）", "注射部位反应", "体重增加", "Somogyi效应（反跳性高血糖）"]', '{"犬": {"dose": "0.25-0.5 U/kg", "route": "SC", "frequency": "q12h"}, "猫": {"dose": "0.25-0.5 U/kg", "route": "SC", "frequency": "q12h（猫对胰岛素敏感，需谨慎调整）"}}');
INSERT INTO drugs (id, name_zh, name_en, drug_class, indications, contraindications, side_effects, species_dosing) VALUES ('drug_006', '匹莫苯丹', 'Pimobendan', '正性肌力药（PDE-3抑制剂+钙增敏剂）', '["充血性心力衰竭（MMVD/DCM）", "扩张型心肌病", "二尖瓣关闭不全"]', '["肥厚型心肌病（HCM）", "主动脉瓣下狭窄", "心包填塞"]', '["心律失常", "食欲下降", "腹泻", "多动（正性肌力作用）"]', '{"犬": {"dose": "0.2-0.3 mg/kg", "route": "PO", "frequency": "q12h（餐前1h给药）"}, "猫": {"dose": "0.1-0.25 mg/kg", "route": "PO", "frequency": "q12h（猫数据有限）"}}');
INSERT INTO drugs (id, name_zh, name_en, drug_class, indications, contraindications, side_effects, species_dosing) VALUES ('drug_007', '甲巯咪唑', 'Methimazole', '抗甲状腺药物（硫脲类）', '["猫甲状腺功能亢进", "甲亢术前准备"]', '["严重肝功能不全", "严重肾功能不全", "妊娠（猫）"]', '["呕吐/厌食", "面部瘙痒（猫）", "血液学毒性（粒细胞减少）", "血小板减少", "肝毒性"]', '{"猫": {"dose": "2.5 mg", "route": "PO/Transdermal", "frequency": "q12h（猫用透皮耳膏更安全）"}, "犬": {"dose": "不适用（犬甲亢极罕见）", "route": "-", "frequency": "-"}}');
INSERT INTO drugs (id, name_zh, name_en, drug_class, indications, contraindications, side_effects, species_dosing) VALUES ('drug_008', '左甲状腺素钠', 'Levothyroxine (T4)', '甲状腺激素替代', '["犬甲状腺功能减退"]', '["甲状腺功能亢进", "肾上腺皮质功能减退（需先补充糖皮质激素）", "未纠正的肾上腺功能不全"]', '["多动/焦虑", "多饮多尿", "心动过速", "体重下降（过量时）"]', '{"犬": {"dose": "0.02 mg/kg", "route": "PO", "frequency": "q12h"}, "猫": {"dose": "不适用（猫甲减极罕见）", "route": "-", "frequency": "-"}}');
INSERT INTO drugs (id, name_zh, name_en, drug_class, indications, contraindications, side_effects, species_dosing) VALUES ('drug_009', '奥美拉唑', 'Omeprazole', '质子泵抑制剂（PPI）', '["胃酸相关疾病", "消化性溃疡", "NSAIDs胃保护", "胰腺炎辅助", "胃食管反流"]', '["严重肝功能不全（需减量）"]', '["胃肠道反应（少见）", "长期用可能影响钙吸收"]', '{"犬": {"dose": "0.5-1 mg/kg", "route": "PO", "frequency": "q24h（空腹给药）"}, "猫": {"dose": "0.7-1 mg/kg", "route": "PO", "frequency": "q24h（空腹给药）"}}');
INSERT INTO drugs (id, name_zh, name_en, drug_class, indications, contraindications, side_effects, species_dosing) VALUES ('drug_010', '马罗匹坦', 'Maropitant (Cerenia)', 'NK-1受体拮抗剂（止吐药）', '["急性呕吐", "晕动症（犬）", "化疗相关呕吐", "胰腺炎辅助止吐"]', '["16周龄以下犬", "胃肠道梗阻", "严重肝功能不全"]', '["注射部位疼痛（SC）", "流涎（犬）", "腹泻", "食欲下降"]', '{"犬": {"dose": "1 mg/kg SC 或 2 mg/kg PO", "route": "SC/PO", "frequency": "q24h（不超过5天连续SC）"}, "猫": {"dose": "1 mg/kg", "route": "SC/PO", "frequency": "q24h（猫标签外使用）"}}');
INSERT INTO drugs (id, name_zh, name_en, drug_class, indications, contraindications, side_effects, species_dosing) VALUES ('drug_011', '曲马多', 'Tramadol', '阿片类镇痛药（弱）', '["中度疼痛", "术后疼痛", "骨关节炎疼痛", "慢性疼痛管理"]', '["癫痫病史", "与MAO抑制剂合用", "严重肝肾功能不全"]', '["镇静", "恶心/呕吐", "便秘", "瞳孔缩小", "唾液分泌增加（猫）"]', '{"犬": {"dose": "2-5 mg/kg", "route": "PO", "frequency": "q8-12h"}, "猫": {"dose": "2-4 mg/kg", "route": "PO", "frequency": "q12h（猫代谢个体差异大）"}}');
INSERT INTO drugs (id, name_zh, name_en, drug_class, indications, contraindications, side_effects, species_dosing) VALUES ('drug_012', '美洛昔康', 'Meloxicam', 'NSAIDs（COX-2选择性抑制剂）', '["骨关节炎疼痛", "术后镇痛", "软组织损伤", "慢性炎症"]', '["脱水/低血容量", "消化道溃疡", "肾功能不全", "肝功能不全", "与其他NSAIDs或糖皮质激素合用"]', '["胃肠道溃疡/呕吐/腹泻", "肾毒性", "肝毒性", "凝血障碍"]', '{"犬": {"dose": "0.1 mg/kg", "route": "PO", "frequency": "q24h（首剂可0.2 mg/kg）"}, "猫": {"dose": "0.05 mg/kg", "route": "PO/SC", "frequency": "q24h（猫单次SC注射后转为口服，不超过3天）"}}');
INSERT INTO drugs (id, name_zh, name_en, drug_class, indications, contraindications, side_effects, species_dosing) VALUES ('drug_013', '多西环素', 'Doxycycline', '抗生素（四环素类）', '["立克次体病（埃立克体、落基山斑疹热）", "支原体/衣原体感染", "莱姆病", "钩端螺旋体病", "心丝虫辅助"]', '["妊娠", "8周龄以下幼畜（牙齿着色风险）", "严重肝功能不全"]', '["食管狭窄（猫，给药后需冲水）", "呕吐/腹泻", "光敏反应", "肝毒性（罕见）"]', '{"犬": {"dose": "5-10 mg/kg", "route": "PO", "frequency": "q12h（首剂加倍）"}, "猫": {"dose": "5 mg/kg", "route": "PO", "frequency": "q12h（给药后冲水防食管狭窄）"}}');
INSERT INTO drugs (id, name_zh, name_en, drug_class, indications, contraindications, side_effects, species_dosing) VALUES ('drug_014', '甲硝唑', 'Metronidazole', '抗生素/抗原虫（硝基咪唑类）', '["厌氧菌感染", "贾第鞭毛虫", "炎症性肠病（免疫调节）", "肝性脑病", "坏死性肠炎"]', '["妊娠（早期）", "严重肝病", "与华法林合用"]', '["神经毒性（高剂量，共济失调/眼球震颤）", "食欲下降", "呕吐", "肝毒性（高剂量）"]', '{"犬": {"dose": "10-15 mg/kg", "route": "PO", "frequency": "q12h"}, "猫": {"dose": "10-15 mg/kg", "route": "PO", "frequency": "q12h（猫更易出现神经毒性）"}}');
INSERT INTO drugs (id, name_zh, name_en, drug_class, indications, contraindications, side_effects, species_dosing) VALUES ('drug_015', '地高辛', 'Digoxin', '强心苷类正性肌力药', '["充血性心力衰竭", "心房颤动（心室率控制）", "室上性心动过速"]', '["心室颤动", "肥厚型心肌病", "二度/三度房室传导阻滞", "低钾血症", "肾功能不全（需减量）"]', '["心律失常（治疗窗窄）", "厌食/呕吐/腹泻", "嗜睡", "视觉障碍"]', '{"犬": {"dose": "0.0025-0.005 mg/kg", "route": "PO", "frequency": "q12h（监测血药浓度）"}, "猫": {"dose": "0.001-0.002 mg/kg", "route": "PO", "frequency": "q24-48h（猫极敏感）"}}');
INSERT INTO drugs (id, name_zh, name_en, drug_class, indications, contraindications, side_effects, species_dosing) VALUES ('drug_016', '苯巴比妥', 'Phenobarbital', '抗癫痫药（巴比妥类）', '["癫痫（一线用药）", "特发性癫痫", "癫痫持续状态（IV地西泮控制后维持）"]', '["严重肝病", "严重呼吸抑制"]', '["镇静/共济失调（初期）", "多饮多尿多食", "肝毒性（长期）", "血液学毒性（罕见）"]', '{"犬": {"dose": "2-5 mg/kg", "route": "PO", "frequency": "q12h（需监测血药浓度）"}, "猫": {"dose": "2-3 mg/kg", "route": "PO", "frequency": "q12h"}}');
INSERT INTO drugs (id, name_zh, name_en, drug_class, indications, contraindications, side_effects, species_dosing) VALUES ('drug_017', '溴化钾', 'Potassium Bromide', '抗癫痫药', '["癫痫（单药或联合苯巴比妥）", "苯巴比妥不耐受的癫痫病例"]', '["肾功能不全", "对溴化物过敏"]', '["镇静/共济失调", "多饮多尿", "胰腺炎（犬）", "皮肤疹"]', '{"犬": {"dose": "30-40 mg/kg", "route": "PO", "frequency": "q24h（负荷剂量可加倍）"}, "猫": {"dose": "不适用（猫溴化物可致致命性肺炎）", "route": "-", "frequency": "-"}}');
INSERT INTO drugs (id, name_zh, name_en, drug_class, indications, contraindications, side_effects, species_dosing) VALUES ('drug_018', '阿莫西林', 'Amoxicillin', '抗生素（β-内酰胺类，氨基青霉素）', '["尿路感染", "皮肤感染", "呼吸道感染", "牙科感染", "软组织感染"]', '["青霉素过敏"]', '["胃肠道反应", "过敏反应", "肠道菌群失调"]', '{"犬": {"dose": "11-22 mg/kg", "route": "PO", "frequency": "q12h"}, "猫": {"dose": "11-22 mg/kg", "route": "PO", "frequency": "q12h"}}');
INSERT INTO drugs (id, name_zh, name_en, drug_class, indications, contraindications, side_effects, species_dosing) VALUES ('drug_019', '头孢氨苄', 'Cefalexin', '抗生素（第一代头孢菌素）', '["皮肤感染", "尿路感染", "软组织感染", "骨关节感染"]', '["青霉素/头孢菌素过敏", "严重肾功能不全（需调整剂量）"]', '["胃肠道反应", "过敏反应", "注射部位疼痛（IM）"]', '{"犬": {"dose": "22-30 mg/kg", "route": "PO", "frequency": "q12h"}, "猫": {"dose": "22-30 mg/kg", "route": "PO", "frequency": "q12h"}}');
INSERT INTO drugs (id, name_zh, name_en, drug_class, indications, contraindications, side_effects, species_dosing) VALUES ('drug_020', '氟苯尼考', 'Florfenicol', '抗生素（苯丙醇类）', '["呼吸道感染（尤其牛呼吸道病）", "皮肤感染", "多药耐药菌感染"]', '["妊娠", "疫苗接种期间", "家禽（禁用）"]', '["胃肠道反应", "骨髓抑制（罕见）", "注射部位反应"]', '{"犬": {"dose": "20 mg/kg", "route": "PO/SC", "frequency": "q8-12h"}, "猫": {"dose": "标签外使用，数据有限", "route": "PO", "frequency": "谨慎使用"}}');
INSERT INTO drugs (id, name_zh, name_en, drug_class, indications, contraindications, side_effects, species_dosing) VALUES ('drug_021', '特比萘芬', 'Terbinafine', '抗真菌药（丙烯胺类）', '["皮肤真菌病（癣菌）", "甲真菌病", "马拉色菌感染"]', '["严重肝功能不全"]', '["胃肠道反应", "肝酶升高", "味觉障碍（罕见）"]', '{"犬": {"dose": "30 mg/kg", "route": "PO", "frequency": "q24h"}, "猫": {"dose": "20-40 mg/kg", "route": "PO", "frequency": "q24h（猫对疗程要求更长）"}}');
INSERT INTO drugs (id, name_zh, name_en, drug_class, indications, contraindications, side_effects, species_dosing) VALUES ('drug_022', '伊曲康唑', 'Itraconazole', '抗真菌药（三唑类）', '["深部真菌病（组织胞浆菌、球孢子菌、隐球菌）", "皮肤真菌病", "曲霉菌病"]', '["严重肝病", "妊娠", "与某些心脏药物合用"]', '["肝毒性", "胃肠道反应", "皮肤溃疡（犬脉冲疗法时）", "食欲下降"]', '{"犬": {"dose": "5-10 mg/kg", "route": "PO", "frequency": "q12-24h（与食物同服）"}, "猫": {"dose": "5-10 mg/kg", "route": "PO", "frequency": "q24h（液体剂型优于胶囊）"}}');
INSERT INTO drugs (id, name_zh, name_en, drug_class, indications, contraindications, side_effects, species_dosing) VALUES ('drug_023', '多拉西泮（安定）', 'Diazepam', '苯二氮卓类', '["癫痫持续状态（IV）", "焦虑/行为问题", "术前镇静", "骨骼肌痉挛", "猫特发性膀胱炎（急性期）"]', '["严重肝功能不全（猫口服可致致命性肝坏死）", "重症肌无力", "严重呼吸抑制"]', '["镇静/共济失调", "肝毒性（猫口服）", "兴奋性矛盾反应（猫）", "呼吸抑制（IV）"]', '{"犬": {"dose": "0.5-2 mg/kg IV（癫痫持续状态）；0.2-0.5 mg/kg PO", "route": "IV/PO", "frequency": "按需"}, "猫": {"dose": "0.5-1 mg/kg IV（癫痫持续状态）", "route": "IV", "frequency": "按需（避免口服，肝毒性风险）"}}');
INSERT INTO drugs (id, name_zh, name_en, drug_class, indications, contraindications, side_effects, species_dosing) VALUES ('drug_024', '阿替美唑', 'Atipamezole', 'α-2肾上腺素能受体拮抗剂（右美托咪定拮抗剂）', '["右美托咪定/美托咪定麻醉后逆转", "镇静逆转"]', '["妊娠", "心脏病（相对）"]', '["短暂性低血压", "呕吐", "兴奋/躁动", "心动过速"]', '{"犬": {"dose": "与右美托咪定等量（mg）", "route": "IM", "frequency": "单次"}, "猫": {"dose": "与右美托咪定等量（mg）", "route": "IM", "frequency": "单次"}}');
INSERT INTO drugs (id, name_zh, name_en, drug_class, indications, contraindications, side_effects, species_dosing) VALUES ('drug_025', '纳洛酮', 'Naloxone', '阿片受体拮抗剂', '["阿片类药物过量逆转", "术后阿片类药物残余效应"]', '["阿片类药物依赖动物（可诱发戒断）"]', '["疼痛反弹", "心动过速", "兴奋/躁动", "肺水肿（罕见，快速IV）"]', '{"犬": {"dose": "0.01-0.04 mg/kg", "route": "IV/IM/SC", "frequency": "可重复（作用时间短于阿片类）"}, "猫": {"dose": "0.01-0.04 mg/kg", "route": "IV/IM/SC", "frequency": "可重复"}}');
INSERT INTO drugs (id, name_zh, name_en, drug_class, indications, contraindications, side_effects, species_dosing) VALUES ('drug_026', '维生素K1', 'Phytonadione (Vitamin K1)', '维生素/凝血因子合成辅助', '["香豆素类灭鼠药中毒", "华法林过量", "严重肝病凝血障碍", "新生畜维生素K缺乏"]', '["无特殊绝对禁忌"]', '["过敏反应（IV）", "注射部位反应", "高铁血红蛋白血症（极高剂量）"]', '{"犬": {"dose": "2-5 mg/kg", "route": "PO/SC", "frequency": "q12-24h（随脂餐口服）；疗程2-4周（灭鼠药中毒）"}, "猫": {"dose": "2-5 mg/kg", "route": "PO/SC", "frequency": "q12-24h（猫对灭鼠药更敏感）"}}');
INSERT INTO drugs (id, name_zh, name_en, drug_class, indications, contraindications, side_effects, species_dosing) VALUES ('drug_027', '硫糖铝', 'Sucralfate', '胃黏膜保护剂', '["消化道溃疡", "NSAIDs相关胃损伤", "尿毒症胃炎", "食管炎"]', '["严重肾功能不全（铝蓄积风险）"]', '["便秘", "铝蓄积（长期/肾衰）", "影响其他药物吸收（需间隔2h）"]', '{"犬": {"dose": "0.5-1 g", "route": "PO", "frequency": "q8-12h（空腹）"}, "猫": {"dose": "0.25 g", "route": "PO", "frequency": "q8-12h（空腹）"}}');
INSERT INTO drugs (id, name_zh, name_en, drug_class, indications, contraindications, side_effects, species_dosing) VALUES ('drug_028', '多库酯钠', 'Docusate Sodium (DSS)', '粪便软化剂/灌肠剂', '["便秘", "巨结肠（猫）", "粪便嵌塞", "灌肠（DSS灌肠液）"]', '["肠梗阻", "消化道穿孔"]', '["腹泻", "电解质紊乱（长期口服）", "灌肠时黏膜刺激"]', '{"犬": {"dose": "50-200 mg", "route": "PO", "frequency": "q12-24h"}, "猫": {"dose": "50 mg", "route": "PO", "frequency": "q24h"}}');
INSERT INTO drugs (id, name_zh, name_en, drug_class, indications, contraindications, side_effects, species_dosing) VALUES ('drug_029', '乳酸林格液', 'Lactated Ringer''s Solution', '晶体液（等渗）', '["脱水补液", "围手术期液体支持", "低血容量休克", "电解质紊乱纠正", "维持输液"]', '["高钙血症（含钙）", "严重乳酸酸中毒", "高钾血症"]', '["液体过负荷", "低钾血症（稀释性）", "静脉炎（外周输注）"]', '{"犬": {"dose": "10-30 ml/kg/h（急性休克）；40-60 ml/kg/day（维持）", "route": "IV", "frequency": "持续"}, "猫": {"dose": "3-5 ml/kg/h（急性）；2-4 ml/kg/h（维持）", "route": "IV", "frequency": "持续（猫易过负荷）"}}');
INSERT INTO drugs (id, name_zh, name_en, drug_class, indications, contraindications, side_effects, species_dosing) VALUES ('drug_030', '活性炭', 'Activated Charcoal', '吸附剂（解毒）', '["中毒急救（吸附胃肠道毒物）", "某些药物过量", "乙二醇中毒辅助"]', '["肠梗阻/穿孔", "腐蚀性物质中毒", "无保护气道（误吸风险）"]', '["呕吐/误吸", "便秘/肠梗阻", "高钠血症（含山梨醇制剂）", "黑便"]', '{"犬": {"dose": "1-4 g/kg（首剂）", "route": "PO", "frequency": "q4-8h（含山梨醇制剂不超过2次）"}, "猫": {"dose": "1-4 g/kg（首剂）", "route": "PO", "frequency": "q4-8h（猫需更小体积，注意误吸风险）"}}');
INSERT INTO drugs (id, name_zh, name_en, drug_class, indications, contraindications, side_effects, species_dosing) VALUES ('drug_031', '托芬那酸', 'Tolfenamic Acid', 'NSAIDs（芬那酸类）', '["术后镇痛", "骨关节炎", "软组织炎症", "发热（猫）"]', '["脱水/低血容量", "消化道溃疡", "肾功能不全", "肝功能不全", "妊娠"]', '["胃肠道反应", "肾毒性", "肝毒性", "注射部位反应（SC）"]', '{"犬": {"dose": "4 mg/kg", "route": "SC/PO", "frequency": "单次SC或q24h PO（不超过3天）"}, "猫": {"dose": "4 mg/kg", "route": "SC", "frequency": "单次（猫仅批准单次SC注射）"}}');
INSERT INTO drugs (id, name_zh, name_en, drug_class, indications, contraindications, side_effects, species_dosing) VALUES ('drug_032', '加巴喷丁', 'Gabapentin', '抗癫痫药/神经性镇痛药', '["神经性疼痛", "慢性疼痛（联合NSAIDs）", "术后镇痛辅助", "焦虑（猫术前）", "难治性癫痫辅助"]', '["严重肾功能不全（需减量）"]', '["镇静/共济失调", "外周水肿", "含Xylitol的口服液（犬禁用）"]', '{"犬": {"dose": "5-10 mg/kg", "route": "PO", "frequency": "q8-12h（镇痛）；3-5 mg/kg q8h（起始）"}, "猫": {"dose": "5-10 mg/kg", "route": "PO", "frequency": "q8-12h（镇痛/术前镇静）"}}');
INSERT INTO drugs (id, name_zh, name_en, drug_class, indications, contraindications, side_effects, species_dosing) VALUES ('drug_033', '氯胺酮', 'Ketamine', '分离麻醉剂（NMDA受体拮抗剂）', '["诱导麻醉", "镇痛（亚麻醉剂量）", "癫痫持续状态", "安乐死（辅助）"]', '["严重高血压", "颅内压升高", "严重肝病", "单独使用（需联合镇静剂）"]', '["唾液分泌增加", "肌肉僵直", "精神性反应（猫）", "呼吸抑制（高剂量）", "惊厥阈值降低"]', '{"犬": {"dose": "5-10 mg/kg IV（诱导，联合镇静剂）", "route": "IV/IM", "frequency": "按需"}, "猫": {"dose": "5-10 mg/kg IV（诱导）", "route": "IV/IM", "frequency": "按需（猫可单独用于制动）"}}');
INSERT INTO drugs (id, name_zh, name_en, drug_class, indications, contraindications, side_effects, species_dosing) VALUES ('drug_034', '布托啡诺', 'Butorphanol', '阿片类镇痛药（激动-拮抗剂）', '["中度至重度疼痛", "术前镇痛", "术后镇痛", "内脏痛"]', '["严重肝肾功能不全", "与纯阿片激动剂合用（可拮抗其作用）"]', '["镇静", "流涎", "共济失调", "食欲下降", "呼吸抑制（高剂量）"]', '{"犬": {"dose": "0.2-0.4 mg/kg", "route": "IV/IM/SC", "frequency": "q2-4h（镇痛）；0.25-0.5 mg/kg PO q6-8h"}, "猫": {"dose": "0.2-0.4 mg/kg", "route": "IV/IM/SC", "frequency": "q2-4h（猫对布托啡诺敏感，镇痛效果好）"}}');
INSERT INTO drugs (id, name_zh, name_en, drug_class, indications, contraindications, side_effects, species_dosing) VALUES ('drug_035', '布地奈德', 'Budesonide', '糖皮质激素（局部作用）', '["炎症性肠病（IBD）", "慢性肠病", "结肠炎"]', '["真菌感染", "妊娠", "对布地奈德过敏"]', '["医源性库欣（长期高剂量）", "肾上腺抑制", "胃肠道反应（少见）"]', '{"犬": {"dose": "1-3 mg/只（小型犬1mg，大型犬3mg）", "route": "PO", "frequency": "q24h（逐渐减量）"}, "猫": {"dose": "1 mg/只", "route": "PO", "frequency": "q24h（猫IBD治疗）"}}');
INSERT INTO drugs (id, name_zh, name_en, drug_class, indications, contraindications, side_effects, species_dosing) VALUES ('drug_036', '司来吉兰', 'Selegiline (L-Deprenyl)', '单胺氧化酶-B抑制剂（MAO-B抑制剂）', '["犬库欣综合征（垂体依赖型）", "犬认知功能障碍综合征（CDS）"]', '["与SSRI类抗抑郁药合用", "与哌替啶合用", "妊娠"]', '["呕吐/厌食", "焦虑/兴奋", "心动过速", "嗜睡", "耳部瘙痒"]', '{"犬": {"dose": "1 mg/kg", "route": "PO", "frequency": "q24h（库欣）；0.5-1 mg/kg q24h（CDS）"}, "猫": {"dose": "不适用（猫司来吉兰疗效未证实）", "route": "-", "frequency": "-"}}');
INSERT INTO drugs (id, name_zh, name_en, drug_class, indications, contraindications, side_effects, species_dosing) VALUES ('drug_037', '曲唑酮', 'Trazodone', '5-HT受体拮抗剂/再摄取抑制剂（SARI类）', '["焦虑/行为问题", "术前镇静", "术后笼养镇静", "噪音恐惧症", "分离焦虑"]', '["与MAO抑制剂合用", "严重肝功能不全", "已知QT延长"]', '["镇静（最常见）", "共济失调", "胃肠道反应", "激越（少见）", "阴茎异常勃起（犬，未去势）"]', '{"犬": {"dose": "2-5 mg/kg", "route": "PO", "frequency": "q8-12h（镇静/焦虑）；术前2-3h给予5-10 mg/kg"}, "猫": {"dose": "50-100 mg/只", "route": "PO", "frequency": "q24h（猫标签外使用，数据有限）"}}');
INSERT INTO drugs (id, name_zh, name_en, drug_class, indications, contraindications, side_effects, species_dosing) VALUES ('drug_038', '贝那普利', 'Benazepril', '血管紧张素转换酶抑制剂（ACEI）', '["慢性肾病（减少蛋白尿）", "心力衰竭辅助", "高血压"]', '["双侧肾动脉狭窄", "妊娠", "严重肾功能不全（需谨慎）", "低血压"]', '["低血压", "高钾血症", "食欲下降", "呕吐/腹泻", "肾功能恶化（罕见）"]', '{"犬": {"dose": "0.25-0.5 mg/kg", "route": "PO", "frequency": "q24h"}, "猫": {"dose": "0.25-0.5 mg/kg", "route": "PO", "frequency": "q24h（猫CKD蛋白尿管理）"}}');
INSERT INTO drugs (id, name_zh, name_en, drug_class, indications, contraindications, side_effects, species_dosing) VALUES ('drug_039', '碳酸镧', 'Lanthanum Carbonate', '磷酸盐结合剂', '["高磷血症（CKD相关）", "慢性肾病矿物质代谢紊乱"]', '["低磷血症", "肠梗阻"]', '["胃肠道反应（恶心/呕吐）", "便秘", "电解质紊乱"]', '{"犬": {"dose": "30-90 mg/kg", "route": "PO", "frequency": "q24h（与食物同服）"}, "猫": {"dose": "30-60 mg/kg", "route": "PO", "frequency": "q24h（与食物同服）"}}');
INSERT INTO drugs (id, name_zh, name_en, drug_class, indications, contraindications, side_effects, species_dosing) VALUES ('drug_040', '乙酰丙嗪', 'Acepromazine', '吩噻嗪类镇静剂', '["术前镇静", "镇静/制动", "镇吐辅助", "化学保定"]', '["癫痫（降低惊厥阈值）", "严重心血管疾病", "妊娠", "拳师犬（易晕厥）", "老年/体弱动物"]', '["镇静", "低血压", "心动过缓", "低体温", "阴茎异常勃起/脱垂（未去势公犬，罕见但严重）"]', '{"犬": {"dose": "0.02-0.05 mg/kg", "route": "IV/IM/SC", "frequency": "按需（镇静）；0.5-2.2 mg/kg PO q6-8h"}, "猫": {"dose": "0.02-0.05 mg/kg", "route": "IV/IM/SC", "frequency": "按需（镇静）；1-2 mg/kg PO q8-12h"}}');
INSERT INTO drugs (id, name_zh, name_en, drug_class, indications, contraindications, side_effects, species_dosing) VALUES ('drug_041', '氯雷他定', 'Loratadine', '抗组胺药（H1受体拮抗剂，第二代）', '["过敏/特应性皮炎", "荨麻疹", "过敏性鼻炎", "跳蚤过敏性皮炎辅助"]', '["严重肝功能不全（需减量）"]', '["镇静（少见，第二代抗组胺药镇静作用轻）", "胃肠道反应", "口干"]', '{"犬": {"dose": "0.5-1 mg/kg", "route": "PO", "frequency": "q24h"}, "猫": {"dose": "5 mg/只", "route": "PO", "frequency": "q24h（猫标签外使用）"}}');
INSERT INTO drugs (id, name_zh, name_en, drug_class, indications, contraindications, side_effects, species_dosing) VALUES ('drug_042', '苯巴比妥', 'Phenobarbital', '抗癫痫药（巴比妥类）', '["犬特发性癫痫", "癫痫持续状态（IV）", "猫癫痫（二线）"]', '["严重肝病", "妊娠", "与氯丙嗪合用（降低惊厥阈值）"]', '["镇静/共济失调（起始期常见）", "多饮多尿多食", "肝毒性（长期）", "再生障碍性贫血（罕见）"]', '{"犬": {"dose": "2-5 mg/kg", "route": "PO", "frequency": "q12h（维持）；20 mg/kg IV（癫痫持续状态）"}, "猫": {"dose": "2-3 mg/kg", "route": "PO", "frequency": "q12h（猫二线用药）"}}');
INSERT INTO drugs (id, name_zh, name_en, drug_class, indications, contraindications, side_effects, species_dosing) VALUES ('drug_043', '溴化钾', 'Potassium Bromide', '抗癫痫药（溴化物）', '["犬难治性癫痫（联合苯巴比妥）", "苯巴比妥不耐受时的替代"]', '["肾功能不全", "妊娠", "与含溴药物合用"]', '["镇静/共济失调（起始期）", "多饮多尿多食", "胃肠道反应", "皮肤反应（罕见）"]', '{"犬": {"dose": "30-40 mg/kg", "route": "PO", "frequency": "q24h（维持）；负荷剂量200-300 mg/kg 分5天给予"}, "猫": {"dose": "不适用（猫溴化物耐受差，可致支气管痉挛）", "route": "-", "frequency": "-"}}');
INSERT INTO drugs (id, name_zh, name_en, drug_class, indications, contraindications, side_effects, species_dosing) VALUES ('drug_044', '硫唑嘌呤', 'Azathioprine', '免疫抑制剂（嘌呤类似物）', '["免疫介导性疾病（IMHA/IMPA）", "炎症性肠病（激素节约剂）", "自身免疫性皮肤病"]', '["妊娠", "严重肝病", "与别嘌醇合用（毒性增加）"]', '["骨髓抑制（WBC↓）", "胃肠道反应", "肝毒性", "胰腺炎（犬）"]', '{"犬": {"dose": "2 mg/kg", "route": "PO", "frequency": "q24h（诱导）；q48h（维持）"}, "猫": {"dose": "0.3 mg/kg", "route": "PO", "frequency": "q48-72h（猫对硫唑嘌呤敏感，代谢慢）"}}');
INSERT INTO drugs (id, name_zh, name_en, drug_class, indications, contraindications, side_effects, species_dosing) VALUES ('drug_045', '环磷酰胺', 'Cyclophosphamide', '烷化剂（化疗药）', '["淋巴瘤（CHOP方案）", "免疫介导性疾病（严重）", "肿瘤化疗"]', '["妊娠", "严重骨髓抑制", "活动性感染", "严重肝病"]', '["骨髓抑制", "胃肠道反应", "出血性膀胱炎（犬）", "脱发（有毛品种）"]', '{"犬": {"dose": "50 mg/m²", "route": "PO", "frequency": "q48h（CHOP方案中）；200 mg/m² IV 每周一次"}, "猫": {"dose": "10 mg/kg", "route": "IV", "frequency": "每2-3周（猫CHOP方案剂量较低）"}}');
INSERT INTO drugs (id, name_zh, name_en, drug_class, indications, contraindications, side_effects, species_dosing) VALUES ('drug_046', '长春新碱', 'Vincristine', '植物碱类化疗药（长春花生物碱）', '["淋巴瘤（CHOP方案）", "犬血小板减少症（ITP）"]', '["妊娠", "严重骨髓抑制", "肝静脉闭塞病"]', '["外周神经毒性", "胃肠道反应", "局部组织坏死（渗漏）", "骨髓抑制（较轻）"]', '{"犬": {"dose": "0.5-0.75 mg/m²", "route": "IV", "frequency": "每周一次（CHOP方案）"}, "猫": {"dose": "0.5-0.7 mg/m²", "route": "IV", "frequency": "每周一次（猫CHOP方案）"}}');
INSERT INTO drugs (id, name_zh, name_en, drug_class, indications, contraindications, side_effects, species_dosing) VALUES ('drug_047', '多柔比星', 'Doxorubicin', '蒽环类化疗药', '["淋巴瘤（CHOP方案）", "血管肉瘤", "骨肉瘤", "多种实体瘤"]', '["心脏病（累积心脏毒性）", "严重肝病", "妊娠", "累积剂量限制"]', '["骨髓抑制", "心脏毒性（累积剂量相关）", "胃肠道反应", "局部组织坏死（渗漏）", "脱毛"]', '{"犬": {"dose": "30 mg/m²（≥10kg）或1 mg/kg（<10kg）", "route": "IV", "frequency": "每3周（累积上限180-240 mg/m²）"}, "猫": {"dose": "20-25 mg/m²", "route": "IV", "frequency": "每3周（猫剂量较低）"}}');
INSERT INTO drugs (id, name_zh, name_en, drug_class, indications, contraindications, side_effects, species_dosing) VALUES ('drug_048', '美拉索明', 'Melarsomine', '有机砷化合物（杀心丝虫药）', '["犬心丝虫病（杀成虫）"]', '["严重心丝虫病（IV期，手术取虫更安全）", "妊娠", "肝肾功能严重不全"]', '["注射部位疼痛/肿胀", "肺血栓栓塞（死亡虫体）", "肝毒性", "发热/厌食"]', '{"犬": {"dose": "2.5 mg/kg", "route": "IM（深部腰肌注射）", "frequency": "第1天1次→第2天2次（间隔24h）= 3次注射方案"}, "猫": {"dose": "不推荐（猫对美拉索明毒性大，无安全有效剂量）", "route": "-", "frequency": "-"}}');
INSERT INTO drugs (id, name_zh, name_en, drug_class, indications, contraindications, side_effects, species_dosing) VALUES ('drug_049', '伊维菌素', 'Ivermectin', '大环内酯类抗寄生虫药', '["心丝虫预防", "疥螨", "耳螨", "肠道线虫", "微丝蚴清除"]', '["柯利犬/牧羊犬MDR1基因突变（高剂量神经毒性）", "6周龄以下幼犬"]', '["呕吐/腹泻", "镇静/共济失调（MDR1突变犬高剂量时）", "瞳孔散大"]', '{"犬": {"dose": "6-12 μg/kg", "route": "PO", "frequency": "每月一次（心丝虫预防）"}, "猫": {"dose": "24 μg/kg", "route": "PO", "frequency": "每月一次（猫心丝虫预防剂量）"}}');
INSERT INTO drugs (id, name_zh, name_en, drug_class, indications, contraindications, side_effects, species_dosing) VALUES ('drug_050', '多库酯钠/乳果糖', 'Docusate/Lactulose', '消化系统用药', '["便秘", "肝性脑病(乳果糖)"]', '["肠梗阻"]', '["腹泻", "电解质紊乱(长期使用)"]', NULL);
INSERT INTO drugs (id, name_zh, name_en, drug_class, indications, contraindications, side_effects, species_dosing) VALUES ('drug_051', '马罗匹坦', 'Maropitant', '止吐药', '["各种原因呕吐", "预防晕动症"]', '["16周龄以下犬"]', '["注射部位疼痛", "一过性心动过缓"]', '"犬：口服2mg/kg q24h；皮下注射1mg/kg q24h（连用最多5天）；猫：口服1mg/kg q24h"');
INSERT INTO drugs (id, name_zh, name_en, drug_class, indications, contraindications, side_effects, species_dosing) VALUES ('drug_052', '加巴喷丁', 'Gabapentin', '抗癫痫药/镇痛药', '["神经性疼痛", "癫痫辅助", "焦虑/应激"]', '["严重肾功能不全"]', '["镇静", "共济失调", "外周水肿"]', '"犬：5-10mg/kg q8-12h；猫：5-10mg/kg q12h"');
INSERT INTO drugs (id, name_zh, name_en, drug_class, indications, contraindications, side_effects, species_dosing) VALUES ('drug_053', '曲马多', 'Tramadol', '镇痛药', '["轻至中度疼痛", "慢性疼痛"]', '["MAO抑制剂合用", "癫痫患犬慎用"]', '["镇静", "恶心", "便秘", "猫可能产生兴奋而非镇静"]', '"犬：2-5mg/kg q8-12h；猫：效果不确切，2-4mg/kg q12h"');
INSERT INTO drugs (id, name_zh, name_en, drug_class, indications, contraindications, side_effects, species_dosing) VALUES ('drug_054', '托赛米', 'Torasemide', '利尿剂', '["心力衰竭", "其他需强利尿的情况"]', '["低血容量", "低钾血症", "肝昏迷"]', '["脱水", "电解质紊乱", "肾前性氮质血症"]', '"犬：0.1-0.3mg/kg q24h（口服）；猫：0.1-0.2mg/kg q24h"');
INSERT INTO drugs (id, name_zh, name_en, drug_class, indications, contraindications, side_effects, species_dosing) VALUES ('drug_055', '贝那普利', 'Benazepril', 'ACE抑制剂', '["CKD蛋白尿", "心力衰竭", "高血压"]', '["双侧肾动脉狭窄", "妊娠"]', '["低血压", "高钾血症", "肾功能恶化"]', '"犬猫：0.25-0.5mg/kg q24h"');
INSERT INTO drugs (id, name_zh, name_en, drug_class, indications, contraindications, side_effects, species_dosing) VALUES ('drug_056', '氯吡格雷', 'Clopidogrel', '抗血小板药', '["血栓预防(猫HCM)", "动脉血栓栓塞"]', '["活动性出血", "严重肝病"]', '["出血倾向", "胃肠道不适"]', '"猫：18.75mg/cat q24h；犬：1-2mg/kg q24h"');
INSERT INTO drugs (id, name_zh, name_en, drug_class, indications, contraindications, side_effects, species_dosing) VALUES ('drug_057', '阿替帕唑', 'Atipamezole', '拮抗剂', '["逆转α2激动剂镇静"]', '[]', '["一过性低血压", "呕吐", "兴奋"]', '"犬猫：给予美托咪定等量（mg:mg）IM"');
INSERT INTO drugs (id, name_zh, name_en, drug_class, indications, contraindications, side_effects, species_dosing) VALUES ('drug_058', '氟西汀', 'Fluoxetine', '行为调节药', '["分离焦虑", "强迫行为", "猫喷尿标记"]', '["MAO抑制剂合用", "癫痫病史"]', '["食欲下降", "镇静", "胃肠道不适"]', '"犬：1-2mg/kg q24h；猫：0.5-1mg/kg q24h"');
INSERT INTO drugs (id, name_zh, name_en, drug_class, indications, contraindications, side_effects, species_dosing) VALUES ('drug_059', '两性霉素B', 'Amphotericin B', '抗真菌药', '["全身性真菌感染"]', '["严重肾功能不全(普通剂型)"]', '["肾毒性(普通剂型)", "输液反应", "低钾血症"]', '"犬：普通剂型0.25-0.5mg/kg IV 隔日；脂质体剂型1-3mg/kg IV 每周2-3次"');
INSERT INTO drugs (id, name_zh, name_en, drug_class, indications, contraindications, side_effects, species_dosing) VALUES ('drug_060', '伊曲康唑', 'Itraconazole', '抗真菌药', '["皮肤真菌病", "全身性真菌感染"]', '["严重肝病", "妊娠"]', '["肝毒性", "食欲下降", "呕吐"]', '"犬：5-10mg/kg q24h；猫：5-10mg/kg q24h（口服液）"');

-- ===== 诊断检查 (36项) =====
INSERT INTO diagnostic_tests (id, name_zh, category, reference_ranges, interpretation, cost_estimate, turnaround_time) VALUES ('test_001', '全血细胞计数（CBC）', '血液学', '犬RBC: 5.5-8.5×10⁶/μL, WBC: 6-17×10³/μL, PLT: 200-500×10³/μL | 猫RBC: 5.0-10.0×10⁶/μL, WBC: 5.5-19.5×10³/μL, PLT: 300-700×10³/μL', '贫血（RBC↓）、感染/炎症（WBC↑↓）、免疫介导性疾病、血小板减少症（PLT↓）。白细胞分类计数可区分细菌感染（中性粒↑）与病毒感染（淋巴↑/↓）', 80, 15);
INSERT INTO diagnostic_tests (id, name_zh, category, reference_ranges, interpretation, cost_estimate, turnaround_time) VALUES ('test_002', '血清生化全套', '生化', 'ALT犬:10-125 U/L,猫:12-130 U/L | ALP犬:23-212 U/L,猫:14-111 U/L | BUN犬:7-27 mg/dL,猫:10-30 mg/dL | CREA犬:0.5-1.8 mg/dL,猫:0.8-2.4 mg/dL | GLU犬:74-143 mg/dL,猫:74-159 mg/dL | TP犬:5.0-7.3 g/dL,猫:5.7-8.9 g/dL | ALB犬:2.3-4.0 g/dL,猫:2.1-3.3 g/dL', 'ALT/ALP评估肝功能；BUN/CREA评估肾功能（肾小球滤过率）；GLU筛查糖尿病/低血糖；TP/ALB评估营养/肝合成/渗出性丢失；电解质（K/Na/Cl）评估内分泌/肾/胃肠疾病', 200, 30);
INSERT INTO diagnostic_tests (id, name_zh, category, reference_ranges, interpretation, cost_estimate, turnaround_time) VALUES ('test_003', '尿液分析（UA）', '尿液', '犬尿比重:1.015-1.045 | 猫尿比重:1.035-1.060 | pH:5.5-7.5 | 蛋白:阴性~微量 | 糖:阴性 | 沉渣:偶见上皮细胞', '尿比重低+氮质血症=肾功能不全；糖尿+高血糖=糖尿病；脓尿+菌尿=尿路感染；管型=肾实质损伤；结晶=结石风险', 60, 20);
INSERT INTO diagnostic_tests (id, name_zh, category, reference_ranges, interpretation, cost_estimate, turnaround_time) VALUES ('test_004', '甲状腺素（T4）', '内分泌', '犬总T4:1.0-4.0 μg/dL | 猫总T4:0.8-4.0 μg/dL', '猫T4>4.0 μg/dL高度提示甲亢（老年猫最常见内分泌病）；犬T4降低提示甲亢（罕见）或甲状腺功能减退。确诊甲亢可加测fT4（游离T4）', 150, 60);
INSERT INTO diagnostic_tests (id, name_zh, category, reference_ranges, interpretation, cost_estimate, turnaround_time) VALUES ('test_005', '胰腺脂肪酶免疫反应性（fPLI/cPLI）', '生化', '犬cPLI:≤200 μg/L（正常）, >400 μg/L高度提示胰腺炎 | 猫fPLI:≤3.5 μg/L（正常）, >5.4 μg/L提示胰腺炎', '犬cPLI>400 μg/L对胰腺炎敏感性82%、特异性95%；猫fPLI>5.4 μg/L提示胰腺炎。需结合临床表现和影像学。慢性轻度升高可见于CKD/IBD', 250, 120);
INSERT INTO diagnostic_tests (id, name_zh, category, reference_ranges, interpretation, cost_estimate, turnaround_time) VALUES ('test_006', '胸部X线摄影', '影像学', '正常：心脏轮廓清晰，肺野透亮度正常，气管居中，横膈位置正常（犬：后缘约T11-13）', '心影增大=心肌病/心包积液；肺间质/肺泡浸润=肺炎/肺水肿；气管狭窄=气管塌陷；气胸=肺野透亮度增加+肺回缩；纵隔移位=占位性病变', 150, 30);
INSERT INTO diagnostic_tests (id, name_zh, category, reference_ranges, interpretation, cost_estimate, turnaround_time) VALUES ('test_007', '腹部超声', '影像学', '正常：肝脏回声均匀，肾脏皮髓质分界清晰，膀胱壁光滑，胰腺回声均匀，胃肠道壁层次清晰', '肾脏缩小+被膜不平=CKD；肾脏增大+回声增强=AKI/淋巴瘤；胆囊淤胆=胆管阻塞；胰腺增大+周围脂肪回声增强=胰腺炎；游离液体=腹水/出血；异物=强回声+声影', 300, 45);
INSERT INTO diagnostic_tests (id, name_zh, category, reference_ranges, interpretation, cost_estimate, turnaround_time) VALUES ('test_008', '超声心动图', '影像学', '犬LA/Ao<1.6（正常左房大小）| IVSd<0.6 cm（室间隔厚度）| LVIDd（左室舒张内径）因体重而异 | FS%正常:25-45%', '左房扩大（LA/Ao>1.6）=MMVD/DCM；室壁增厚（IVSd>0.6猫）=HCM；左室扩张+收缩力↓=DCM；瓣膜增厚/脱垂=MMVD；心包液暗区=心包积液', 400, 45);
INSERT INTO diagnostic_tests (id, name_zh, category, reference_ranges, interpretation, cost_estimate, turnaround_time) VALUES ('test_009', '血压测量', '其他', '犬收缩压:110-160 mmHg | 猫收缩压:120-170 mmHg', '高血压（犬>160,猫>170）=继发于CKD/甲亢（猫）/嗜铬细胞瘤/原发性；低血压（<90）=休克/脱水/心律失常。猫白大衣效应显著，需安静环境下多次测量', 50, 15);
INSERT INTO diagnostic_tests (id, name_zh, category, reference_ranges, interpretation, cost_estimate, turnaround_time) VALUES ('test_010', '血气分析', '生化', 'pH:7.35-7.45 | HCO₃⁻:18-24 mEq/L（犬）,16-24 mEq/L（猫）| pCO₂:35-45 mmHg | Na:140-155 mEq/L | K:3.5-5.5 mEq/L', '代谢性酸中毒（HCO₃⁻↓）=DKA/肾衰/乙二醇中毒；代谢性碱中毒（HCO₃⁻↑）=呕吐/利尿剂；呼吸性酸中毒（pCO₂↑）=通气不足；低钾=呕吐/利尿/无尿期后', 150, 10);
INSERT INTO diagnostic_tests (id, name_zh, category, reference_ranges, interpretation, cost_estimate, turnaround_time) VALUES ('test_011', 'ACTH刺激试验', '内分泌', '犬基础皮质醇:1-5 μg/dL,刺激后:5-20 μg/dL | 猫基础皮质醇:0.5-5 μg/dL,刺激后:5-15 μg/dL', '刺激后皮质醇>20 μg/dL=库欣综合征（垂体依赖或肾上腺瘤）；刺激后<2 μg/dL= Addison病（肾上腺皮质功能减退）。需结合临床症状和电解质（Na/K比）', 300, 120);
INSERT INTO diagnostic_tests (id, name_zh, category, reference_ranges, interpretation, cost_estimate, turnaround_time) VALUES ('test_012', '犬细小病毒抗原检测（SNAP）', '微生物', '阴性=正常', '阳性=CPV-2感染。假阴性可见于感染早期（排毒量少）或疫苗接种后近期（疫苗病毒干扰）。需结合临床表现（出血性肠炎+白细胞↓↓）综合判断', 100, 15);
INSERT INTO diagnostic_tests (id, name_zh, category, reference_ranges, interpretation, cost_estimate, turnaround_time) VALUES ('test_013', '猫泛白细胞减少病毒抗原检测（SNAP）', '微生物', '阴性=正常', '阳性=FPV感染。幼猫未免疫+出血性肠炎+泛白细胞减少高度提示。需与犬细小鉴别（FPV不感染犬）', 100, 15);
INSERT INTO diagnostic_tests (id, name_zh, category, reference_ranges, interpretation, cost_estimate, turnaround_time) VALUES ('test_014', '凝血功能检查（PT/APTT）', '血液学', 'PT:5-10秒 | APTT:10-18秒（犬）；10-20秒（猫）', 'PT延长=外源性凝血途径障碍（肝病/维生素K缺乏/灭鼠药中毒）；APTT延长=内源性途径障碍（DIC/血友病）；两者均延长=共同途径障碍/DIC/严重肝病', 120, 20);
INSERT INTO diagnostic_tests (id, name_zh, category, reference_ranges, interpretation, cost_estimate, turnaround_time) VALUES ('test_015', '尿液培养+药敏', '微生物', '阴性=正常 | >10⁵ CFU/mL=有意义菌尿', '确诊尿路感染的金标准。菌落计数>10⁵ CFU/mL+脓尿=确诊UTI。药敏结果指导抗生素选择。注意采样方法（膀胱穿刺最可靠）', 200, 2880);
INSERT INTO diagnostic_tests (id, name_zh, category, reference_ranges, interpretation, cost_estimate, turnaround_time) VALUES ('test_016', '腹腔穿刺液分析', '其他', '正常：少量清亮淡黄色液体，蛋白<2.5 g/dL,细胞数<5000/μL', '渗出液（蛋白>2.5,细胞>5000）=FIP/感染/肿瘤；漏出液（蛋白<2.5,细胞<1000）=低白蛋白/门脉高压；血性=创伤/肿瘤/凝血障碍；乳糜液=淋巴管破裂', 150, 30);
INSERT INTO diagnostic_tests (id, name_zh, category, reference_ranges, interpretation, cost_estimate, turnaround_time) VALUES ('test_017', '阴道细胞学/开放子宫蓄脓诊断组合', '其他', '超声：子宫直径<1 cm（正常绝经后）| 无宫内积液', '超声见子宫扩张（直径>1-2 cm）+宫内积液+临床症状（多饮多尿/呕吐/外阴分泌物）=子宫蓄脓。需与妊娠鉴别（可见胎囊/胎心）', 300, 30);
INSERT INTO diagnostic_tests (id, name_zh, category, reference_ranges, interpretation, cost_estimate, turnaround_time) VALUES ('test_018', '血常规涂片镜检', '血液学', '正常：成熟中性粒细胞为主，偶见杆状核（<10%），无原始细胞', '核左移（杆状粒↑）=严重感染；中毒性变化=严重炎症/败血症；原始细胞=白血病；棘红细胞=脾功能异常；海因茨小体=氧化损伤（猫：洋葱/对乙酰氨基酚中毒）', 50, 20);
INSERT INTO diagnostic_tests (id, name_zh, category, reference_ranges, interpretation, cost_estimate, turnaround_time) VALUES ('test_019', '腹部X线平片', '影像学', '正常：胃肠道内适量气体，无扩张肠袢，肾脏轮廓可见（右肾T13-L1，左肾L2-4），膀胱充盈', '小肠扩张（直径>肋骨宽度或>12mm猫）=梗阻；线性异物=皱褶样肠管；异物=高密度影；胃扩张=GDV（幽门右移+胃分隔征）；输尿管结石=高密度影', 120, 20);
INSERT INTO diagnostic_tests (id, name_zh, category, reference_ranges, interpretation, cost_estimate, turnaround_time) VALUES ('test_020', 'FIP抗体/冠状病毒抗体滴度', '微生物', '阴性或低滴度（<1:100）=正常范围', '高滴度（≥1:1600）+临床表现（发热/腹水/眼部病变/神经症状）支持FIP诊断，但非确诊。猫群中普遍阳性（FCoV携带），需结合腹腔液分析（渗出液+高球蛋白）综合判断', 200, 1440);
INSERT INTO diagnostic_tests (id, name_zh, category, reference_ranges, interpretation, cost_estimate, turnaround_time) VALUES ('test_021', '心丝虫抗原检测', '微生物', '阴性=正常', '阳性=犬心丝虫病确诊（检测成虫体壁抗原）。Knott试验可查微丝蚴。需结合影像学（肺动脉扩张）综合评估感染严重度', 150, 60);
INSERT INTO diagnostic_tests (id, name_zh, category, reference_ranges, interpretation, cost_estimate, turnaround_time) VALUES ('test_022', '皮肤细胞学', '细胞学', '正常：无细菌/少量角化细胞', '脓皮症：中性粒细胞+球菌（葡萄球菌）或杆菌。酵母菌感染：马拉色菌（花生形）。需与真菌培养鉴别', 80, 30);
INSERT INTO diagnostic_tests (id, name_zh, category, reference_ranges, interpretation, cost_estimate, turnaround_time) VALUES ('test_023', '淋巴结细针穿刺', '细胞学', '正常：小淋巴细胞为主，可见少量中淋巴细胞', '淋巴瘤：单一形态的大淋巴细胞大量增生，核质比增大。需与反应性增生鉴别（混合细胞群）。确诊后需分期（血常规/生化/超声/骨髓）', 120, 60);
INSERT INTO diagnostic_tests (id, name_zh, category, reference_ranges, interpretation, cost_estimate, turnaround_time) VALUES ('test_024', '关节液分析', '细胞学', '正常：WBC<1.5×10³/μL，以单核细胞为主，黏稠度高', '炎症性（WBC>5×10³/μL，中性粒为主）=感染性或免疫介导性。需做细菌培养排除感染。IMPA：炎症性+无细菌。感染性关节炎：炎症性+细菌培养阳性', 100, 30);
INSERT INTO diagnostic_tests (id, name_zh, category, reference_ranges, interpretation, cost_estimate, turnaround_time) VALUES ('test_025', '超声心动图', '影像学', '正常：LVIDd犬<55mm，FS% 25-45%，LA/Ao<1.5', 'DCM：LVIDd↑+FS%↓。HCM：室壁增厚（>6mm）+左房扩大。心包积液：心包腔内液暗区。动脉血栓：左心耳内回声团', 300, 45);
INSERT INTO diagnostic_tests (id, name_zh, category, reference_ranges, interpretation, cost_estimate, turnaround_time) VALUES ('test_026', 'MRI（磁共振成像）', '影像学', '正常：脑实质信号均匀，无占位性病变', '癫痫：排除结构性病变（肿瘤/脑炎/脑积水）。神经定位：脊髓压迫/椎间盘突出。软组织分辨率优于CT', 1500, 1440);
INSERT INTO diagnostic_tests (id, name_zh, category, reference_ranges, interpretation, cost_estimate, turnaround_time) VALUES ('test_027', '眼压测量', '眼科检查', '犬：15-25 mmHg；猫：15-27 mmHg', '>25mmHg提示青光眼；<10mmHg提示葡萄膜炎或眼球萎缩', 80, 0);
INSERT INTO diagnostic_tests (id, name_zh, category, reference_ranges, interpretation, cost_estimate, turnaround_time) VALUES ('test_028', '荧光素染色', '眼科检查', '阴性（无荧光素着染）', '阳性（绿色荧光着染）提示角膜上皮缺损/溃疡', 50, 0);
INSERT INTO diagnostic_tests (id, name_zh, category, reference_ranges, interpretation, cost_estimate, turnaround_time) VALUES ('test_029', '脑脊液分析', '神经系统检查', '犬：蛋白<30mg/dL，细胞<5个/μL；猫：蛋白<25mg/dL', '细胞数升高提示炎症或感染；蛋白升高提示血脑屏障破坏', 300, 1440);
INSERT INTO diagnostic_tests (id, name_zh, category, reference_ranges, interpretation, cost_estimate, turnaround_time) VALUES ('test_030', '抗核抗体检测', '免疫学检查', '阴性或滴度<1:40', '阳性（滴度≥1:160有临床意义）提示可能为SLE或其他自身免疫病', 150, 2880);
INSERT INTO diagnostic_tests (id, name_zh, category, reference_ranges, interpretation, cost_estimate, turnaround_time) VALUES ('test_031', '细针抽吸细胞学', '细胞学检查', '因组织类型而异', '可区分炎症与肿瘤，但常不能确定肿瘤类型和分级', 120, 1440);
INSERT INTO diagnostic_tests (id, name_zh, category, reference_ranges, interpretation, cost_estimate, turnaround_time) VALUES ('test_032', '凝血功能检测', '血液学检查', '犬PT：11-14s；犬aPTT：90-120s', 'PT/aPTT延长提示凝血因子缺乏或抗凝物质增多；D-二聚体升高提示纤溶亢进/DIC', 200, 60);
INSERT INTO diagnostic_tests (id, name_zh, category, reference_ranges, interpretation, cost_estimate, turnaround_time) VALUES ('test_033', 'Coombs试验', '免疫学检查', '阴性', '阳性提示自身抗体或补体结合于红细胞表面，支持IMHA诊断', 120, 1440);
INSERT INTO diagnostic_tests (id, name_zh, category, reference_ranges, interpretation, cost_estimate, turnaround_time) VALUES ('test_034', '甲状腺功能检测', '内分泌检查', '犬TT4：15-50nmol/L；猫TT4：10-50nmol/L', 'TT4降低+TSH升高=甲减；TT4升高=甲亢（猫）', 180, 1440);
INSERT INTO diagnostic_tests (id, name_zh, category, reference_ranges, interpretation, cost_estimate, turnaround_time) VALUES ('test_035', '尿蛋白/肌酐比', '尿液检查', '犬<0.5；猫<0.4', '0.5-2.0（犬）为蛋白尿；>2.0为显著蛋白尿，提示肾小球疾病', 80, 60);
INSERT INTO diagnostic_tests (id, name_zh, category, reference_ranges, interpretation, cost_estimate, turnaround_time) VALUES ('test_036', '血压测量', '心血管检查', '犬：收缩压110-160mmHg；猫：收缩压120-170mmHg', '>160mmHg（犬）或>170mmHg（猫）提示高血压；<90mmHg提示低血压', 50, 0);

-- ===== 疾病-治疗关联 =====
INSERT INTO disease_treatment (disease_id,drug_id,line,species,notes) VALUES ('dis_001', 'drug_001', 'first', '犬', '阿莫西林-克拉维酸是犬细菌性肺炎的一线抗生素');
INSERT INTO disease_treatment (disease_id,drug_id,line,species,notes) VALUES ('dis_001', 'drug_003', 'adjunctive', '犬', '严重呼吸困难时辅助利尿，但需排除心衰');
INSERT INTO disease_treatment (disease_id,drug_id,line,species,notes) VALUES ('dis_001', 'drug_018', 'first', '猫', '猫吸入性肺炎可用阿莫西林');
INSERT INTO disease_treatment (disease_id,drug_id,line,species,notes) VALUES ('dis_002', 'drug_003', 'first', '犬', '呋塞米是心衰一线利尿剂，急性肺水肿可IV');
INSERT INTO disease_treatment (disease_id,drug_id,line,species,notes) VALUES ('dis_002', 'drug_006', 'first', '犬', '匹莫苯丹改善心室收缩功能，与呋塞米联用');
INSERT INTO disease_treatment (disease_id,drug_id,line,species,notes) VALUES ('dis_002', 'drug_015', 'second', '犬', '合并房颤时用于心室率控制，需监测血药浓度');
INSERT INTO disease_treatment (disease_id,drug_id,line,species,notes) VALUES ('dis_003', 'drug_004', 'first', '猫', '泼尼松龙是猫哮喘一线抗炎药物，猫需较高剂量');
INSERT INTO disease_treatment (disease_id,drug_id,line,species,notes) VALUES ('dis_003', 'drug_023', 'adjunctive', '猫', '急性发作时辅助镇静/支气管扩张');
INSERT INTO disease_treatment (disease_id,drug_id,line,species,notes) VALUES ('dis_004', 'drug_004', 'adjunctive', '犬', '泼尼松龙减轻气管炎症/水肿，短期使用');
INSERT INTO disease_treatment (disease_id,drug_id,line,species,notes) VALUES ('dis_004', 'drug_011', 'adjunctive', '犬', '曲马多用于控制阵发性咳嗽');
INSERT INTO disease_treatment (disease_id,drug_id,line,species,notes) VALUES ('dis_004', 'drug_012', 'first', '犬', '美洛昔康用于慢性炎症控制疼痛');
INSERT INTO disease_treatment (disease_id,drug_id,line) VALUES ('dis_005', 'drug_029', 'first');
INSERT INTO disease_treatment (disease_id,drug_id,line) VALUES ('dis_005', 'drug_003', 'adjunctive');
INSERT INTO disease_treatment (disease_id,drug_id,line) VALUES ('dis_005', 'drug_009', 'adjunctive');
INSERT INTO disease_treatment (disease_id,drug_id,line) VALUES ('dis_006', 'drug_029', 'first');
INSERT INTO disease_treatment (disease_id,drug_id,line) VALUES ('dis_006', 'drug_027', 'adjunctive');
INSERT INTO disease_treatment (disease_id,drug_id,line) VALUES ('dis_006', 'drug_009', 'first');
INSERT INTO disease_treatment (disease_id,drug_id,line) VALUES ('dis_006', 'drug_003', 'adjunctive');
INSERT INTO disease_treatment (disease_id,drug_id,line) VALUES ('dis_007', 'drug_018', 'first');
INSERT INTO disease_treatment (disease_id,drug_id,line) VALUES ('dis_007', 'drug_001', 'first');
INSERT INTO disease_treatment (disease_id,drug_id,line) VALUES ('dis_007', 'drug_019', 'second');
INSERT INTO disease_treatment (disease_id,drug_id,line,species,notes) VALUES ('dis_008', 'drug_012', 'first', '猫', '美洛昔康单次SC注射镇痛（猫FIC核心治疗）');
INSERT INTO disease_treatment (disease_id,drug_id,line,species,notes) VALUES ('dis_008', 'drug_011', 'adjunctive', '猫', '曲马多用于中重度疼痛');
INSERT INTO disease_treatment (disease_id,drug_id,line,species,notes) VALUES ('dis_008', 'drug_023', 'adjunctive', '猫', '地西泮急性期镇静（IV，避免口服）');
INSERT INTO disease_treatment (disease_id,drug_id,line) VALUES ('dis_009', 'drug_029', 'first');
INSERT INTO disease_treatment (disease_id,drug_id,line) VALUES ('dis_009', 'drug_010', 'first');
INSERT INTO disease_treatment (disease_id,drug_id,line) VALUES ('dis_009', 'drug_009', 'adjunctive');
INSERT INTO disease_treatment (disease_id,drug_id,line,species,notes) VALUES ('dis_009', 'drug_012', 'first', '犬', '美洛昔康镇痛（犬）');
INSERT INTO disease_treatment (disease_id,drug_id,line,species,notes) VALUES ('dis_009', 'drug_011', 'first', '猫', '曲马多镇痛（猫）');
INSERT INTO disease_treatment (disease_id,drug_id,line) VALUES ('dis_009', 'drug_014', 'adjunctive');
INSERT INTO disease_treatment (disease_id,drug_id,line) VALUES ('dis_010', 'drug_029', 'first');
INSERT INTO disease_treatment (disease_id,drug_id,line) VALUES ('dis_010', 'drug_010', 'first');
INSERT INTO disease_treatment (disease_id,drug_id,line) VALUES ('dis_010', 'drug_009', 'adjunctive');
INSERT INTO disease_treatment (disease_id,drug_id,line) VALUES ('dis_010', 'drug_014', 'second');
INSERT INTO disease_treatment (disease_id,drug_id,line) VALUES ('dis_011', 'drug_029', 'first');
INSERT INTO disease_treatment (disease_id,drug_id,line) VALUES ('dis_011', 'drug_010', 'adjunctive');
INSERT INTO disease_treatment (disease_id,drug_id,line) VALUES ('dis_011', 'drug_001', 'adjunctive');
INSERT INTO disease_treatment (disease_id,drug_id,line) VALUES ('dis_012', 'drug_027', 'first');
INSERT INTO disease_treatment (disease_id,drug_id,line) VALUES ('dis_012', 'drug_009', 'first');
INSERT INTO disease_treatment (disease_id,drug_id,line) VALUES ('dis_012', 'drug_014', 'adjunctive');
INSERT INTO disease_treatment (disease_id,drug_id,line) VALUES ('dis_012', 'drug_026', 'first');
INSERT INTO disease_treatment (disease_id,drug_id,line) VALUES ('dis_013', 'drug_004', 'first');
INSERT INTO disease_treatment (disease_id,drug_id,line) VALUES ('dis_013', 'drug_014', 'first');
INSERT INTO disease_treatment (disease_id,drug_id,line) VALUES ('dis_013', 'drug_001', 'second');
INSERT INTO disease_treatment (disease_id,drug_id,line,species,notes) VALUES ('dis_014', 'drug_003', 'first', '犬', '呋塞米减轻肺水肿/全身淤血');
INSERT INTO disease_treatment (disease_id,drug_id,line,species,notes) VALUES ('dis_014', 'drug_006', 'first', '犬', '匹莫苯丹改善收缩功能（DCM核心用药）');
INSERT INTO disease_treatment (disease_id,drug_id,line,species,notes) VALUES ('dis_014', 'drug_015', 'second', '犬', '地高辛用于合并房颤时心室率控制');
INSERT INTO disease_treatment (disease_id,drug_id,line,species,notes) VALUES ('dis_015', 'drug_003', 'first', '猫', '肺水肿时使用，猫需谨慎剂量');
INSERT INTO disease_treatment (disease_id,drug_id,line,species,notes) VALUES ('dis_015', 'drug_004', 'adjunctive', '猫', '合并哮喘样症状时可短期使用');
INSERT INTO disease_treatment (disease_id,drug_id,line,species,notes) VALUES ('dis_015', 'drug_012', 'first', '猫', '动脉血栓疼痛管理');
INSERT INTO disease_treatment (disease_id,drug_id,line) VALUES ('dis_016', 'drug_003', 'adjunctive');
INSERT INTO disease_treatment (disease_id,drug_id,line) VALUES ('dis_016', 'drug_011', 'adjunctive');
INSERT INTO disease_treatment (disease_id,drug_id,line) VALUES ('dis_017', 'drug_005', 'first');
INSERT INTO disease_treatment (disease_id,drug_id,line) VALUES ('dis_017', 'drug_009', 'adjunctive');
INSERT INTO disease_treatment (disease_id,drug_id,line) VALUES ('dis_018', 'drug_004', 'adjunctive');
INSERT INTO disease_treatment (disease_id,drug_id,line,species,notes) VALUES ('dis_019', 'drug_007', 'first', '猫', '甲巯咪唑是猫甲亢一线药物，首选透皮耳膏');
INSERT INTO disease_treatment (disease_id,drug_id,line,species,notes) VALUES ('dis_019', 'drug_003', 'adjunctive', '猫', '合并心衰时利尿');
INSERT INTO disease_treatment (disease_id,drug_id,line,species,notes) VALUES ('dis_020', 'drug_008', 'first', '犬', '左甲状腺素终身替代，需定期监测T4');
INSERT INTO disease_treatment (disease_id,drug_id,line) VALUES ('dis_021', 'drug_030', 'first');
INSERT INTO disease_treatment (disease_id,drug_id,line) VALUES ('dis_021', 'drug_029', 'first');
INSERT INTO disease_treatment (disease_id,drug_id,line) VALUES ('dis_021', 'drug_009', 'adjunctive');
INSERT INTO disease_treatment (disease_id,drug_id,line,species,notes) VALUES ('dis_022', 'drug_030', 'first', '犬', '活性炭吸附，摄入后尽早使用');
INSERT INTO disease_treatment (disease_id,drug_id,line,species,notes) VALUES ('dis_022', 'drug_010', 'adjunctive', '犬', '马罗匹坦止吐');
INSERT INTO disease_treatment (disease_id,drug_id,line,species,notes) VALUES ('dis_022', 'drug_003', 'adjunctive', '犬', '利尿促进排泄');
INSERT INTO disease_treatment (disease_id,drug_id,line,species,notes) VALUES ('dis_023', 'drug_029', 'first', '猫', '摄入8h内积极液体治疗是挽救关键');
INSERT INTO disease_treatment (disease_id,drug_id,line,species,notes) VALUES ('dis_023', 'drug_030', 'first', '猫', '活性炭尽早使用');
INSERT INTO disease_treatment (disease_id,drug_id,line,species,notes) VALUES ('dis_023', 'drug_009', 'adjunctive', '猫', '胃保护');
INSERT INTO disease_treatment (disease_id,drug_id,line) VALUES ('dis_024', 'drug_030', 'first');
INSERT INTO disease_treatment (disease_id,drug_id,line) VALUES ('dis_024', 'drug_009', 'first');
INSERT INTO disease_treatment (disease_id,drug_id,line) VALUES ('dis_024', 'drug_027', 'adjunctive');
INSERT INTO disease_treatment (disease_id,drug_id,line) VALUES ('dis_024', 'drug_029', 'adjunctive');
INSERT INTO disease_treatment (disease_id,drug_id,line,species,notes) VALUES ('dis_025', 'drug_029', 'first', '犬', '积极液体复苏纠正脱水/电解质紊乱是存活关键');
INSERT INTO disease_treatment (disease_id,drug_id,line,species,notes) VALUES ('dis_025', 'drug_001', 'first', '犬', '阿莫西林-克拉维酸预防继发菌血症（白细胞↓↓时常见）');
INSERT INTO disease_treatment (disease_id,drug_id,line,species,notes) VALUES ('dis_025', 'drug_010', 'first', '犬', '马罗匹坦止吐');
INSERT INTO disease_treatment (disease_id,drug_id,line,species,notes) VALUES ('dis_025', 'drug_009', 'adjunctive', '犬', '奥美拉唑预防胃溃疡');
INSERT INTO disease_treatment (disease_id,drug_id,line,species,notes) VALUES ('dis_026', 'drug_029', 'first', '犬', '支持治疗为主，纠正脱水');
INSERT INTO disease_treatment (disease_id,drug_id,line,species,notes) VALUES ('dis_026', 'drug_016', 'adjunctive', '犬', '苯巴比妥控制癫痫发作');
INSERT INTO disease_treatment (disease_id,drug_id,line,species,notes) VALUES ('dis_026', 'drug_001', 'adjunctive', '犬', '抗生素预防继发感染');
INSERT INTO disease_treatment (disease_id,drug_id,line,species,notes) VALUES ('dis_027', 'drug_029', 'first', '猫', '积极液体复苏是存活关键');
INSERT INTO disease_treatment (disease_id,drug_id,line,species,notes) VALUES ('dis_027', 'drug_001', 'first', '猫', '抗生素预防继发感染（泛白细胞减少→免疫崩溃）');
INSERT INTO disease_treatment (disease_id,drug_id,line,species,notes) VALUES ('dis_027', 'drug_010', 'first', '猫', '马罗匹坦止吐');
INSERT INTO disease_treatment (disease_id,drug_id,line,species,notes) VALUES ('dis_028', 'drug_004', 'adjunctive', '猫', '泼尼松龙免疫抑制（传统姑息方案）');
INSERT INTO disease_treatment (disease_id,drug_id,line,species,notes) VALUES ('dis_028', 'drug_029', 'adjunctive', '猫', '支持治疗');
INSERT INTO disease_treatment (disease_id,drug_id,line,species,notes) VALUES ('dis_029', 'drug_029', 'first', '犬', '术前快速液体复苏（大口径针头，20G）是救命关键');
INSERT INTO disease_treatment (disease_id,drug_id,line,species,notes) VALUES ('dis_029', 'drug_010', 'adjunctive', '犬', '术前止吐');
INSERT INTO disease_treatment (disease_id,drug_id,line,species,notes) VALUES ('dis_029', 'drug_011', 'adjunctive', '犬', '术后镇痛');
INSERT INTO disease_treatment (disease_id,drug_id,line,species,notes) VALUES ('dis_029', 'drug_015', 'adjunctive', '犬', '术后心律失常（GDV常见并发症）用地高辛');
INSERT INTO disease_treatment (disease_id,drug_id,line) VALUES ('dis_030', 'drug_029', 'first');
INSERT INTO disease_treatment (disease_id,drug_id,line) VALUES ('dis_030', 'drug_001', 'first');
INSERT INTO disease_treatment (disease_id,drug_id,line) VALUES ('dis_030', 'drug_012', 'adjunctive');
INSERT INTO disease_treatment (disease_id,drug_id,line,species,notes) VALUES ('dis_009', 'drug_034', 'first', '猫', '布托啡诺是猫胰腺炎首选阿片类镇痛药');
INSERT INTO disease_treatment (disease_id,drug_id,line) VALUES ('dis_016', 'drug_034', 'adjunctive');
INSERT INTO disease_treatment (disease_id,drug_id,line,species,notes) VALUES ('dis_029', 'drug_034', 'adjunctive', '犬', 'GDV术前镇痛');
INSERT INTO disease_treatment (disease_id,drug_id,line) VALUES ('dis_013', 'drug_035', 'first');
INSERT INTO disease_treatment (disease_id,drug_id,line,species,notes) VALUES ('dis_018', 'drug_036', 'second', '犬', '司来吉兰是犬垂体依赖型库欣的二线药物，通过抑制MAO-B减少肾上腺刺激');
INSERT INTO disease_treatment (disease_id,drug_id,line,species,notes) VALUES ('dis_004', 'drug_037', 'adjunctive', '犬', '气管塌陷犬的焦虑管理（兴奋可加重咳嗽），曲唑酮可减轻应激');
INSERT INTO disease_treatment (disease_id,drug_id,line) VALUES ('dis_006', 'drug_038', 'first');
INSERT INTO disease_treatment (disease_id,drug_id,line,species,notes) VALUES ('dis_002', 'drug_038', 'adjunctive', '犬', '贝那普利作为ACEI辅助心衰治疗，减轻前后负荷');
INSERT INTO disease_treatment (disease_id,drug_id,line,species,notes) VALUES ('dis_014', 'drug_038', 'adjunctive', '犬', 'DCM辅助治疗，ACEI减轻心脏重构');
INSERT INTO disease_treatment (disease_id,drug_id,line) VALUES ('dis_006', 'drug_039', 'first');
INSERT INTO disease_treatment (disease_id,drug_id,line,species,notes) VALUES ('dis_029', 'drug_040', 'adjunctive', '犬', 'GDV术前镇静辅助（但需注意低血压风险，休克时慎用）');
INSERT INTO disease_treatment (disease_id,drug_id,line,species,notes) VALUES ('dis_003', 'drug_041', 'adjunctive', '猫', '氯雷他定可作为猫哮喘的辅助抗组胺治疗（第二代，镇静轻）');
INSERT INTO disease_treatment (disease_id,drug_id,line,species,notes) VALUES ('dis_031', 'drug_042', 'first', '犬', '苯巴比妥是犬特发性癫痫一线抗癫痫药，需监测血药浓度（目标15-40 μg/mL）');
INSERT INTO disease_treatment (disease_id,drug_id,line,species,notes) VALUES ('dis_031', 'drug_043', 'second', '犬', '溴化钾用于苯巴比妥单药控制不佳时联合用药，起效慢（需3-6月达稳态）');
INSERT INTO disease_treatment (disease_id,drug_id,line,species,notes) VALUES ('dis_031', 'drug_032', 'adjunctive', '犬', '加巴喷丁辅助抗癫痫，也可用于癫痫持续状态的急性期辅助');
INSERT INTO disease_treatment (disease_id,drug_id,line,species,notes) VALUES ('dis_032', 'drug_004', 'first', '犬', '泼尼松龙2 mg/kg诱导缓解，4周后逐渐减量至最低有效剂量');
INSERT INTO disease_treatment (disease_id,drug_id,line,species,notes) VALUES ('dis_032', 'drug_044', 'second', '犬', '硫唑嘌呤作为激素节约剂，与泼尼松龙联用减少激素用量');
INSERT INTO disease_treatment (disease_id,drug_id,line,species,notes) VALUES ('dis_033', 'drug_004', 'first', '犬', '大剂量泼尼松龙（2-4 mg/kg）免疫抑制是IMHA核心治疗');
INSERT INTO disease_treatment (disease_id,drug_id,line,species,notes) VALUES ('dis_033', 'drug_044', 'second', '犬', '硫唑嘌呤用于激素效果不佳或需减少激素用量时');
INSERT INTO disease_treatment (disease_id,drug_id,line,species,notes) VALUES ('dis_033', 'drug_003', 'adjunctive', '犬', '严重贫血（HCT<15%）时输血支持，同时利尿防液体过负荷');
INSERT INTO disease_treatment (disease_id,drug_id,line,species,notes) VALUES ('dis_034', 'drug_045', 'first', '犬', '环磷酰胺是CHOP方案核心组分，每周给药');
INSERT INTO disease_treatment (disease_id,drug_id,line,species,notes) VALUES ('dis_034', 'drug_046', 'first', '犬', '长春新碱是CHOP方案核心组分，每周IV给药，注意渗漏可致组织坏死');
INSERT INTO disease_treatment (disease_id,drug_id,line,species,notes) VALUES ('dis_034', 'drug_047', 'first', '犬', '多柔比星是CHOP方案核心组分，每3周IV给药，累积心脏毒性上限240 mg/m²');
INSERT INTO disease_treatment (disease_id,drug_id,line,species,notes) VALUES ('dis_034', 'drug_004', 'first', '犬', '泼尼松龙是CHOP方案组成部分，单用也可短期缓解');
INSERT INTO disease_treatment (disease_id,drug_id,line,species,notes) VALUES ('dis_035', 'drug_012', 'first', '犬', '美洛昔康用于术前术后镇痛和慢性骨关节炎管理');
INSERT INTO disease_treatment (disease_id,drug_id,line,species,notes) VALUES ('dis_035', 'drug_011', 'adjunctive', '犬', '曲马多用于术后急性期辅助镇痛');
INSERT INTO disease_treatment (disease_id,drug_id,line,species,notes) VALUES ('dis_036', 'drug_048', 'first', '犬', '美拉索明（Immiticide）杀成虫，3次IM注射方案，严格限制运动防肺栓塞');
INSERT INTO disease_treatment (disease_id,drug_id,line,species,notes) VALUES ('dis_036', 'drug_049', 'first', '犬', '伊维菌素每月一次预防用药是最佳策略，柯利犬MDR1突变慎用（预防量安全）');
INSERT INTO disease_treatment (disease_id,drug_id,line,species,notes) VALUES ('dis_037', 'drug_001', 'first', '犬', '阿莫西林-克拉维酸是浅表性脓皮症一线抗生素，疗程3-4周');
INSERT INTO disease_treatment (disease_id,drug_id,line,species,notes) VALUES ('dis_037', 'drug_002', 'second', '犬', '恩诺沙星用于深层感染或一线无效时，注意幼犬软骨毒性');
INSERT INTO disease_treatment (disease_id,drug_id,line,species,notes) VALUES ('dis_038', 'drug_055', 'adjunctive', '犬', '贝那普利控制糖尿病相关白内障进展（辅助）');
INSERT INTO disease_treatment (disease_id,drug_id,line,species,notes) VALUES ('dis_039', 'drug_003', 'adjunctive', '犬', '甘露醇IV快速降眼压（急性发作急救），但需注意脱水');
INSERT INTO disease_treatment (disease_id,drug_id,line,species,notes) VALUES ('dis_040', 'drug_001', 'first', '犬', '局部+全身抗生素控制感染，促进角膜愈合');
INSERT INTO disease_treatment (disease_id,drug_id,line,species,notes) VALUES ('dis_041', 'drug_012', 'first', '犬', '美洛昔康控制脊髓水肿和疼痛，严格笼养休息');
INSERT INTO disease_treatment (disease_id,drug_id,line,species,notes) VALUES ('dis_041', 'drug_052', 'adjunctive', '犬', '加巴喷丁用于神经性疼痛辅助治疗');
INSERT INTO disease_treatment (disease_id,drug_id,line,species,notes) VALUES ('dis_042', 'drug_012', 'first', '犬', '美洛昔康长期控制骨关节炎疼痛和炎症');
INSERT INTO disease_treatment (disease_id,drug_id,line,species,notes) VALUES ('dis_042', 'drug_053', 'adjunctive', '犬', '曲马多用于中重度疼痛辅助');
INSERT INTO disease_treatment (disease_id,drug_id,line,species,notes) VALUES ('dis_043', 'drug_004', 'adjunctive', '犬', '泼尼松龙术前缩小肿瘤体积，术后辅助');
INSERT INTO disease_treatment (disease_id,drug_id,line,species,notes) VALUES ('dis_044', 'drug_046', 'first', '犬', '多柔比星为基础的化疗方案，术后辅助延长生存期');
INSERT INTO disease_treatment (disease_id,drug_id,line,species,notes) VALUES ('dis_045', 'drug_004', 'second', '犬', '泼尼松龙短期控制急性发作，长期使用副作用大');
INSERT INTO disease_treatment (disease_id,drug_id,line,species,notes) VALUES ('dis_045', 'drug_058', 'adjunctive', '犬', '氟西汀辅助控制焦虑相关搔抓');
INSERT INTO disease_treatment (disease_id,drug_id,line,species,notes) VALUES ('dis_046', 'drug_001', 'first', '犬', '青霉素类（氨苄西林）杀灭螺旋体，多西环素清除肾带菌状态');
INSERT INTO disease_treatment (disease_id,drug_id,line,species,notes) VALUES ('dis_046', 'drug_029', 'adjunctive', '犬', '液体治疗支持肾功能，纠正脱水和电解质紊乱');
INSERT INTO disease_treatment (disease_id,drug_id,line,species,notes) VALUES ('dis_047', 'drug_050', 'first', '猫', '积极营养支持是核心治疗，鼻饲管/食道饲管强制喂食高蛋白饮食');
INSERT INTO disease_treatment (disease_id,drug_id,line,species,notes) VALUES ('dis_048', 'drug_004', 'first', '犬', '泼尼松龙1-2mg/kg/d免疫抑制治疗，是ITP一线方案');
INSERT INTO disease_treatment (disease_id,drug_id,line,species,notes) VALUES ('dis_049', 'drug_051', 'adjunctive', '犬', '马罗匹坦止吐，预防继发感染');
INSERT INTO disease_treatment (disease_id,drug_id,line,species,notes) VALUES ('dis_050', 'drug_001', 'adjunctive', '猫', '术前抗生素控制感染，卵巢子宫切除术是根治方案');

-- ===== 疾病-诊断关联 =====
INSERT INTO disease_diagnostic (disease_id,test_id,purpose,evidence_level,species,expected_result) VALUES ('dis_001', 'test_006', 'confirming', 'supportive', '犬', '肺间质/肺泡浸润影，肺门周围为主');
INSERT INTO disease_diagnostic (disease_id,test_id,purpose,evidence_level,species,expected_result) VALUES ('dis_001', 'test_001', 'screening', 'supportive', '犬', '白细胞升高（细菌感染时中性粒↑）');
INSERT INTO disease_diagnostic (disease_id,test_id,purpose,evidence_level,species,expected_result) VALUES ('dis_001', 'test_010', 'monitoring', 'supportive', '犬', '低氧血症，严重时呼吸性酸中毒');
INSERT INTO disease_diagnostic (disease_id,test_id,purpose,evidence_level,species,expected_result) VALUES ('dis_002', 'test_008', 'confirming', 'gold_standard', '犬', '左房/左室扩大，EF可能降低，瓣膜反流（MMVD）');
INSERT INTO disease_diagnostic (disease_id,test_id,purpose,evidence_level,species,expected_result) VALUES ('dis_002', 'test_006', 'confirming', 'supportive', '犬', '心影增大，肺静脉充血，肺水肿（肺泡浸润）');
INSERT INTO disease_diagnostic (disease_id,test_id,purpose,evidence_level,species,expected_result) VALUES ('dis_002', 'test_009', 'monitoring', 'supportive', '犬', '通常正常或偏低，高血压需排除');
INSERT INTO disease_diagnostic (disease_id,test_id,purpose,evidence_level,species,expected_result) VALUES ('dis_003', 'test_006', 'confirming', 'supportive', '猫', '支气管壁增厚（''甜甜圈征''/''轨道征''），过度充气');
INSERT INTO disease_diagnostic (disease_id,test_id,purpose,evidence_level,species,expected_result) VALUES ('dis_003', 'test_001', 'screening', 'supportive', '猫', '嗜酸性粒细胞增多（支持过敏/哮喘）');
INSERT INTO disease_diagnostic (disease_id,test_id,purpose,evidence_level,species,expected_result) VALUES ('dis_004', 'test_006', 'confirming', 'gold_standard', '犬', '吸气时气管腔狭窄（颈段）或呼气时塌陷（胸内段）');
INSERT INTO disease_diagnostic (disease_id,test_id,purpose,evidence_level,species,expected_result) VALUES ('dis_004', 'test_001', 'screening', 'exclusionary', '犬', '排除感染性原因');
INSERT INTO disease_diagnostic (disease_id,test_id,purpose,evidence_level) VALUES ('dis_005', 'test_002', 'confirming', 'gold_standard');
INSERT INTO disease_diagnostic (disease_id,test_id,purpose,evidence_level) VALUES ('dis_005', 'test_003', 'confirming', 'supportive');
INSERT INTO disease_diagnostic (disease_id,test_id,purpose,evidence_level) VALUES ('dis_005', 'test_009', 'screening', 'exclusionary');
INSERT INTO disease_diagnostic (disease_id,test_id,purpose,evidence_level) VALUES ('dis_006', 'test_002', 'confirming', 'gold_standard');
INSERT INTO disease_diagnostic (disease_id,test_id,purpose,evidence_level) VALUES ('dis_006', 'test_003', 'confirming', 'supportive');
INSERT INTO disease_diagnostic (disease_id,test_id,purpose,evidence_level) VALUES ('dis_006', 'test_007', 'confirming', 'supportive');
INSERT INTO disease_diagnostic (disease_id,test_id,purpose,evidence_level) VALUES ('dis_007', 'test_003', 'confirming', 'supportive');
INSERT INTO disease_diagnostic (disease_id,test_id,purpose,evidence_level) VALUES ('dis_007', 'test_015', 'confirming', 'gold_standard');
INSERT INTO disease_diagnostic (disease_id,test_id,purpose,evidence_level,species,expected_result) VALUES ('dis_008', 'test_003', 'screening', 'supportive', '猫', '可能血尿，FIC时培养阴性');
INSERT INTO disease_diagnostic (disease_id,test_id,purpose,evidence_level,species,expected_result) VALUES ('dis_008', 'test_007', 'confirming', 'supportive', '猫', '膀胱壁增厚，排除结石/肿瘤');
INSERT INTO disease_diagnostic (disease_id,test_id,purpose,evidence_level) VALUES ('dis_009', 'test_005', 'confirming', 'gold_standard');
INSERT INTO disease_diagnostic (disease_id,test_id,purpose,evidence_level) VALUES ('dis_009', 'test_007', 'confirming', 'supportive');
INSERT INTO disease_diagnostic (disease_id,test_id,purpose,evidence_level) VALUES ('dis_009', 'test_002', 'screening', 'supportive');
INSERT INTO disease_diagnostic (disease_id,test_id,purpose,evidence_level) VALUES ('dis_010', 'test_001', 'screening', 'exclusionary');
INSERT INTO disease_diagnostic (disease_id,test_id,purpose,evidence_level) VALUES ('dis_010', 'test_003', 'screening', 'exclusionary');
INSERT INTO disease_diagnostic (disease_id,test_id,purpose,evidence_level) VALUES ('dis_011', 'test_019', 'confirming', 'gold_standard');
INSERT INTO disease_diagnostic (disease_id,test_id,purpose,evidence_level) VALUES ('dis_011', 'test_007', 'confirming', 'supportive');
INSERT INTO disease_diagnostic (disease_id,test_id,purpose,evidence_level) VALUES ('dis_011', 'test_014', 'screening', 'exclusionary');
INSERT INTO disease_diagnostic (disease_id,test_id,purpose,evidence_level) VALUES ('dis_012', 'test_002', 'confirming', 'gold_standard');
INSERT INTO disease_diagnostic (disease_id,test_id,purpose,evidence_level) VALUES ('dis_012', 'test_014', 'confirming', 'supportive');
INSERT INTO disease_diagnostic (disease_id,test_id,purpose,evidence_level) VALUES ('dis_012', 'test_007', 'confirming', 'supportive');
INSERT INTO disease_diagnostic (disease_id,test_id,purpose,evidence_level) VALUES ('dis_013', 'test_002', 'screening', 'exclusionary');
INSERT INTO disease_diagnostic (disease_id,test_id,purpose,evidence_level) VALUES ('dis_013', 'test_007', 'confirming', 'supportive');
INSERT INTO disease_diagnostic (disease_id,test_id,purpose,evidence_level) VALUES ('dis_013', 'test_005', 'screening', 'exclusionary');
INSERT INTO disease_diagnostic (disease_id,test_id,purpose,evidence_level,species,expected_result) VALUES ('dis_014', 'test_008', 'confirming', 'gold_standard', '犬', '左室扩张（LVIDd↑），FS%↓（<25%），整体收缩功能降低');
INSERT INTO disease_diagnostic (disease_id,test_id,purpose,evidence_level,species,expected_result) VALUES ('dis_014', 'test_006', 'confirming', 'supportive', '犬', '心影增大（左室+左房），肺静脉充血');
INSERT INTO disease_diagnostic (disease_id,test_id,purpose,evidence_level,species,expected_result) VALUES ('dis_015', 'test_008', 'confirming', 'gold_standard', '猫', '室间隔/左室游离壁增厚（>6mm），左房扩大，SAM征');
INSERT INTO disease_diagnostic (disease_id,test_id,purpose,evidence_level,species,expected_result) VALUES ('dis_015', 'test_006', 'screening', 'supportive', '猫', '心影增大，''爱心形''轮廓（左房扩大）');
INSERT INTO disease_diagnostic (disease_id,test_id,purpose,evidence_level) VALUES ('dis_016', 'test_008', 'confirming', 'gold_standard');
INSERT INTO disease_diagnostic (disease_id,test_id,purpose,evidence_level) VALUES ('dis_016', 'test_006', 'confirming', 'supportive');
INSERT INTO disease_diagnostic (disease_id,test_id,purpose,evidence_level) VALUES ('dis_017', 'test_002', 'confirming', 'gold_standard');
INSERT INTO disease_diagnostic (disease_id,test_id,purpose,evidence_level) VALUES ('dis_017', 'test_003', 'confirming', 'supportive');
INSERT INTO disease_diagnostic (disease_id,test_id,purpose,evidence_level) VALUES ('dis_017', 'test_010', 'screening', 'exclusionary');
INSERT INTO disease_diagnostic (disease_id,test_id,purpose,evidence_level) VALUES ('dis_018', 'test_011', 'confirming', 'gold_standard');
INSERT INTO disease_diagnostic (disease_id,test_id,purpose,evidence_level) VALUES ('dis_018', 'test_002', 'screening', 'supportive');
INSERT INTO disease_diagnostic (disease_id,test_id,purpose,evidence_level) VALUES ('dis_018', 'test_007', 'confirming', 'supportive');
INSERT INTO disease_diagnostic (disease_id,test_id,purpose,evidence_level,species,expected_result) VALUES ('dis_019', 'test_004', 'confirming', 'gold_standard', '猫', '总T4>4.0 μg/dL（猫），fT4↑↑更敏感');
INSERT INTO disease_diagnostic (disease_id,test_id,purpose,evidence_level,species,expected_result) VALUES ('dis_019', 'test_002', 'screening', 'supportive', '猫', 'ALT轻度↑（甲亢继发），BUN/CREA排除CKD');
INSERT INTO disease_diagnostic (disease_id,test_id,purpose,evidence_level,species,expected_result) VALUES ('dis_019', 'test_008', 'monitoring', 'supportive', '猫', '甲亢可继发HCM，监测左室壁厚度');
INSERT INTO disease_diagnostic (disease_id,test_id,purpose,evidence_level,species,expected_result) VALUES ('dis_020', 'test_004', 'confirming', 'gold_standard', '犬', '总T4<0.5 μg/dL，fT4↓，TSH↑（犬）');
INSERT INTO disease_diagnostic (disease_id,test_id,purpose,evidence_level,species,expected_result) VALUES ('dis_020', 'test_002', 'screening', 'supportive', '犬', '胆固醇↑↑（特征性），ALB正常，非再生性贫血');
INSERT INTO disease_diagnostic (disease_id,test_id,purpose,evidence_level) VALUES ('dis_021', 'test_002', 'confirming', 'supportive');
INSERT INTO disease_diagnostic (disease_id,test_id,purpose,evidence_level) VALUES ('dis_021', 'test_003', 'confirming', 'gold_standard');
INSERT INTO disease_diagnostic (disease_id,test_id,purpose,evidence_level) VALUES ('dis_021', 'test_010', 'confirming', 'supportive');
INSERT INTO disease_diagnostic (disease_id,test_id,purpose,evidence_level,species,expected_result) VALUES ('dis_022', 'test_002', 'screening', 'exclusionary', '犬', '排除胰腺炎/肾衰等其他呕吐原因');
INSERT INTO disease_diagnostic (disease_id,test_id,purpose,evidence_level,species,expected_result) VALUES ('dis_022', 'test_010', 'monitoring', 'supportive', '犬', '代谢性酸中毒（严重时）');
INSERT INTO disease_diagnostic (disease_id,test_id,purpose,evidence_level,species,expected_result) VALUES ('dis_023', 'test_002', 'confirming', 'supportive', '猫', 'BUN↑↑, CREA↑↑（AKI），高磷低钙');
INSERT INTO disease_diagnostic (disease_id,test_id,purpose,evidence_level,species,expected_result) VALUES ('dis_023', 'test_003', 'confirming', 'supportive', '猫', '等渗尿，肾性糖尿，管型');
INSERT INTO disease_diagnostic (disease_id,test_id,purpose,evidence_level) VALUES ('dis_024', 'test_002', 'confirming', 'supportive');
INSERT INTO disease_diagnostic (disease_id,test_id,purpose,evidence_level) VALUES ('dis_024', 'test_003', 'screening', 'exclusionary');
INSERT INTO disease_diagnostic (disease_id,test_id,purpose,evidence_level,species,expected_result) VALUES ('dis_025', 'test_012', 'confirming', 'gold_standard', '犬', '阳性（CPV-2抗原）');
INSERT INTO disease_diagnostic (disease_id,test_id,purpose,evidence_level,species,expected_result) VALUES ('dis_025', 'test_001', 'confirming', 'supportive', '犬', '白细胞↓↓（严重时<1000/μL），淋巴细胞↓+中性粒↓');
INSERT INTO disease_diagnostic (disease_id,test_id,purpose,evidence_level,species,expected_result) VALUES ('dis_025', 'test_002', 'monitoring', 'supportive', '犬', '低白蛋白（肠丢失），低血糖（幼犬）');
INSERT INTO disease_diagnostic (disease_id,test_id,purpose,evidence_level,species,expected_result) VALUES ('dis_026', 'test_001', 'screening', 'supportive', '犬', '白细胞变化不定，可能淋巴细胞↓');
INSERT INTO disease_diagnostic (disease_id,test_id,purpose,evidence_level,species,expected_result) VALUES ('dis_026', 'test_006', 'screening', 'exclusionary', '犬', '排除肺炎（CDV可致呼吸道症状）');
INSERT INTO disease_diagnostic (disease_id,test_id,purpose,evidence_level,species,expected_result) VALUES ('dis_027', 'test_013', 'confirming', 'gold_standard', '猫', '阳性（FPV抗原）');
INSERT INTO disease_diagnostic (disease_id,test_id,purpose,evidence_level,species,expected_result) VALUES ('dis_027', 'test_001', 'confirming', 'supportive', '猫', '泛白细胞减少（WBC<2000/μL），淋巴细胞↓↓+中性粒↓↓');
INSERT INTO disease_diagnostic (disease_id,test_id,purpose,evidence_level,species,expected_result) VALUES ('dis_027', 'test_002', 'monitoring', 'supportive', '猫', '低白蛋白，低血糖（幼猫）');
INSERT INTO disease_diagnostic (disease_id,test_id,purpose,evidence_level,species,expected_result) VALUES ('dis_028', 'test_020', 'confirming', 'supportive', '猫', '高滴度（≥1:1600）+渗出液高度提示');
INSERT INTO disease_diagnostic (disease_id,test_id,purpose,evidence_level,species,expected_result) VALUES ('dis_028', 'test_016', 'confirming', 'gold_standard', '猫', '渗出液（蛋白>3.5 g/dL），Rivalta试验阳性，球蛋白↑↑/白蛋白↓');
INSERT INTO disease_diagnostic (disease_id,test_id,purpose,evidence_level,species,expected_result) VALUES ('dis_028', 'test_002', 'screening', 'supportive', '猫', '球蛋白↑↑/白蛋白↓（A:G<0.4高度提示）');
INSERT INTO disease_diagnostic (disease_id,test_id,purpose,evidence_level,species,expected_result) VALUES ('dis_029', 'test_019', 'confirming', 'gold_standard', '犬', '胃扩张+幽门右移+胃分隔征（''双泡征''）=GDV确诊');
INSERT INTO disease_diagnostic (disease_id,test_id,purpose,evidence_level,species,expected_result) VALUES ('dis_029', 'test_010', 'screening', 'supportive', '犬', '代谢性酸中毒+乳酸↑（胃壁缺血）');
INSERT INTO disease_diagnostic (disease_id,test_id,purpose,evidence_level,species,expected_result) VALUES ('dis_029', 'test_014', 'screening', 'supportive', '犬', '排除DIC（GDV可继发）');
INSERT INTO disease_diagnostic (disease_id,test_id,purpose,evidence_level) VALUES ('dis_030', 'test_017', 'confirming', 'gold_standard');
INSERT INTO disease_diagnostic (disease_id,test_id,purpose,evidence_level) VALUES ('dis_030', 'test_001', 'confirming', 'supportive');
INSERT INTO disease_diagnostic (disease_id,test_id,purpose,evidence_level) VALUES ('dis_030', 'test_002', 'screening', 'supportive');
INSERT INTO disease_diagnostic (disease_id,test_id,purpose,evidence_level) VALUES ('dis_031', 'test_002', 'screening', 'exclusionary');
INSERT INTO disease_diagnostic (disease_id,test_id,purpose,evidence_level) VALUES ('dis_031', 'test_010', 'screening', 'exclusionary');
INSERT INTO disease_diagnostic (disease_id,test_id,purpose,evidence_level) VALUES ('dis_031', 'test_026', 'confirming', 'supportive');
INSERT INTO disease_diagnostic (disease_id,test_id,purpose,evidence_level,species,expected_result) VALUES ('dis_032', 'test_024', 'confirming', 'gold_standard', '犬', '关节液分析：炎症性（WBC>5×10³/μL），以中性粒为主，无细菌，培养阴性');
INSERT INTO disease_diagnostic (disease_id,test_id,purpose,evidence_level,species,expected_result) VALUES ('dis_032', 'test_019', 'confirming', 'supportive', '犬', 'X线：关节软组织肿胀，早期无骨侵蚀');
INSERT INTO disease_diagnostic (disease_id,test_id,purpose,evidence_level,species,expected_result) VALUES ('dis_032', 'test_001', 'screening', 'supportive', '犬', 'WBC↑，CRP↑（炎症标志物）');
INSERT INTO disease_diagnostic (disease_id,test_id,purpose,evidence_level,species,expected_result) VALUES ('dis_033', 'test_001', 'confirming', 'gold_standard', '犬', 'HCT↓↓（<20%），球形红细胞+自身凝集+Coombs试验阳性');
INSERT INTO disease_diagnostic (disease_id,test_id,purpose,evidence_level,species,expected_result) VALUES ('dis_033', 'test_002', 'screening', 'supportive', '犬', '总胆红素↑（间接胆红素为主），LDH↑');
INSERT INTO disease_diagnostic (disease_id,test_id,purpose,evidence_level,species,expected_result) VALUES ('dis_033', 'test_014', 'monitoring', 'supportive', '犬', '排除DIC（IMHA可继发DIC，PT/aPTT延长+纤维蛋白原↓）');
INSERT INTO disease_diagnostic (disease_id,test_id,purpose,evidence_level) VALUES ('dis_034', 'test_023', 'confirming', 'gold_standard');
INSERT INTO disease_diagnostic (disease_id,test_id,purpose,evidence_level) VALUES ('dis_034', 'test_001', 'screening', 'supportive');
INSERT INTO disease_diagnostic (disease_id,test_id,purpose,evidence_level) VALUES ('dis_034', 'test_019', 'screening', 'supportive');
INSERT INTO disease_diagnostic (disease_id,test_id,purpose,evidence_level,species,expected_result) VALUES ('dis_035', 'test_019', 'confirming', 'gold_standard', '犬', 'X线：关节积液，胫骨前抽屉征阳性（需镇静下检查）');
INSERT INTO disease_diagnostic (disease_id,test_id,purpose,evidence_level,species,expected_result) VALUES ('dis_035', 'test_017', 'confirming', 'supportive', '犬', '关节超声/关节镜：确认韧带断裂程度和半月板损伤（X线不能直接显示韧带）');
INSERT INTO disease_diagnostic (disease_id,test_id,purpose,evidence_level,species,expected_result) VALUES ('dis_036', 'test_021', 'confirming', 'gold_standard', '犬', '抗原检测阳性（成虫体壁抗原），Knott试验可查微丝蚴');
INSERT INTO disease_diagnostic (disease_id,test_id,purpose,evidence_level,species,expected_result) VALUES ('dis_036', 'test_019', 'confirming', 'supportive', '犬', 'X线：肺动脉扩张，右心增大，肺动脉高压征');
INSERT INTO disease_diagnostic (disease_id,test_id,purpose,evidence_level,species,expected_result) VALUES ('dis_036', 'test_001', 'screening', 'supportive', '犬', '嗜酸性粒细胞↑（寄生虫感染特征）');
INSERT INTO disease_diagnostic (disease_id,test_id,purpose,evidence_level,species,expected_result) VALUES ('dis_037', 'test_022', 'confirming', 'gold_standard', '犬', '皮肤细胞学：中性粒细胞+球菌（葡萄球菌），排除酵母菌和真菌');
INSERT INTO disease_diagnostic (disease_id,test_id,purpose,evidence_level,species,expected_result) VALUES ('dis_037', 'test_001', 'screening', 'supportive', '犬', 'WBC↑（核左移），CRP↑');
INSERT INTO disease_diagnostic (disease_id,test_id,purpose,evidence_level,species,expected_result) VALUES ('dis_038', 'test_028', 'screening', 'supportive', '犬', '排除角膜溃疡等其他眼病');
INSERT INTO disease_diagnostic (disease_id,test_id,purpose,evidence_level,species,expected_result) VALUES ('dis_039', 'test_027', 'confirming', 'gold_standard', '犬', '眼压>25mmHg');
INSERT INTO disease_diagnostic (disease_id,test_id,purpose,evidence_level,species,expected_result) VALUES ('dis_039', 'test_028', 'screening', 'exclusionary', '犬', '排除角膜溃疡');
INSERT INTO disease_diagnostic (disease_id,test_id,purpose,evidence_level,species,expected_result) VALUES ('dis_040', 'test_028', 'confirming', 'gold_standard', '犬', '荧光素着染阳性');
INSERT INTO disease_diagnostic (disease_id,test_id,purpose,evidence_level,species,expected_result) VALUES ('dis_040', 'test_027', 'screening', 'supportive', '犬', '可能继发眼压升高');
INSERT INTO disease_diagnostic (disease_id,test_id,purpose,evidence_level,species,expected_result) VALUES ('dis_041', 'test_025', 'confirming', 'gold_standard', '犬', '脊髓压迫/椎间盘突出影像');
INSERT INTO disease_diagnostic (disease_id,test_id,purpose,evidence_level,species,expected_result) VALUES ('dis_041', 'test_002', 'screening', 'supportive', '犬', '排除肿瘤等其他脊髓病变');
INSERT INTO disease_diagnostic (disease_id,test_id,purpose,evidence_level,species,expected_result) VALUES ('dis_042', 'test_016', 'confirming', 'gold_standard', '犬', '髋关节半脱位，Norberg角<105°');
INSERT INTO disease_diagnostic (disease_id,test_id,purpose,evidence_level,species,expected_result) VALUES ('dis_043', 'test_031', 'confirming', 'gold_standard', '犬', '肥大细胞，可见嗜酸性颗粒');
INSERT INTO disease_diagnostic (disease_id,test_id,purpose,evidence_level,species,expected_result) VALUES ('dis_044', 'test_008', 'confirming', 'gold_standard', '犬', '脾脏/心脏占位性病变');
INSERT INTO disease_diagnostic (disease_id,test_id,purpose,evidence_level,species,expected_result) VALUES ('dis_044', 'test_031', 'confirming', 'supportive', '犬', '血管内皮细胞恶性特征');
INSERT INTO disease_diagnostic (disease_id,test_id,purpose,evidence_level,species,expected_result) VALUES ('dis_045', 'test_030', 'screening', 'exclusionary', '犬', '排除自身免疫性皮肤病');
INSERT INTO disease_diagnostic (disease_id,test_id,purpose,evidence_level,species,expected_result) VALUES ('dis_046', 'test_018', 'confirming', 'gold_standard', '犬', 'MAT血清学阳性，双份血清4倍升高');
INSERT INTO disease_diagnostic (disease_id,test_id,purpose,evidence_level,species,expected_result) VALUES ('dis_046', 'test_013', 'confirming', 'supportive', '犬', 'PCR检测螺旋体DNA');
INSERT INTO disease_diagnostic (disease_id,test_id,purpose,evidence_level,species,expected_result) VALUES ('dis_047', 'test_003', 'confirming', 'supportive', '猫', 'ALT、ALP升高，高胆红素血症');
INSERT INTO disease_diagnostic (disease_id,test_id,purpose,evidence_level,species,expected_result) VALUES ('dis_047', 'test_008', 'confirming', 'gold_standard', '猫', '肝脏回声弥漫性增大，脂肪浸润声像');
INSERT INTO disease_diagnostic (disease_id,test_id,purpose,evidence_level,species,expected_result) VALUES ('dis_048', 'test_033', 'confirming', 'supportive', '犬', 'Coombs试验阳性');
INSERT INTO disease_diagnostic (disease_id,test_id,purpose,evidence_level,species,expected_result) VALUES ('dis_048', 'test_032', 'screening', 'exclusionary', '犬', '排除DIC等其他凝血障碍');
INSERT INTO disease_diagnostic (disease_id,test_id,purpose,evidence_level,species,expected_result) VALUES ('dis_049', 'test_001', 'screening', 'supportive', '犬', '白细胞正常或偏低');
INSERT INTO disease_diagnostic (disease_id,test_id,purpose,evidence_level,species,expected_result) VALUES ('dis_050', 'test_008', 'confirming', 'gold_standard', '猫', '子宫增大，腔内液性暗区');
INSERT INTO disease_diagnostic (disease_id,test_id,purpose,evidence_level,species,expected_result) VALUES ('dis_050', 'test_001', 'screening', 'supportive', '猫', '白细胞升高伴核左移');

-- ===== 病例 (15个) =====
INSERT INTO cases (id, title, species, breed, age, weight, chief_complaint, history, physical_exam, lab_results, imaging, diagnosis, treatment, outcome, learning_points, difficulty) VALUES ('case_001', '3岁绝育雌性金毛猎犬 — 急性呕吐与祈祷姿势', '犬', '金毛猎犬', 3, 28, '呕吐24小时，弓背不愿活动，呈祈祷姿势', '昨晚偷吃了一整盘红烧肉。今早开始呕吐，呕吐物为未消化食物→黄色胆汁样。精神差，不愿走动，弓背，腹部触诊敏感。已绝育，定期免疫驱虫，既往体健。', 'T 39.5°C，HR 120bpm，RR 32次/分，脱水约7%。腹部触诊前腹敏感，呈祈祷姿势（前肢趴地后肢站立）。肠鸣音减弱。黏膜颜色正常，CRT 2秒。', 'cPLI: 850 μg/L（参考≤200）。CBC: WBC 18.5×10³/μL（参考6-17），中性粒85%。生化: ALT 180 U/L（轻度↑），ALP 250 U/L（轻度↑），BUN 35 mg/dL（轻度↑，脱水），GLU 160 mg/dL（轻度↑，应激）。', '腹部超声：胰腺弥漫性增大，周围脂肪回声增强（''毛玻璃样''改变），无游离液体，无异物征象。', '急性胰腺炎（高脂饮食诱发）', '1. 乳酸林格液 10 ml/kg/h IV 纠正脱水；2. 马罗匹坦 1 mg/kg SC q24h 止吐；3. 曲马多 3 mg/kg PO q8h 镇痛；4. 奥美拉唑 1 mg/kg PO q24h 胃保护；5. 禁食48-72h后逐步引入低脂饮食。', '治疗48h后呕吐停止，72h后开始进食低脂罐头，第5天出院。建议长期低脂饮食管理。', '① 祈祷姿势（prayer position）是犬胰腺炎的特征性表现；② cPLI>400 μg/L对犬胰腺炎敏感性82%、特异性95%；③ 高脂饮食是犬胰腺炎最常见诱因；④ 治疗核心是积极液体复苏+止吐+镇痛+禁食，不推荐常规使用抗生素。', 'basic');
INSERT INTO cases (id, title, species, breed, age, weight, chief_complaint, history, physical_exam, lab_results, imaging, diagnosis, treatment, outcome, learning_points, difficulty) VALUES ('case_002', '8岁未绝育雌性家短毛猫 — 多饮多尿与体重下降', '猫', '家短毛猫', 8, 3.2, '近2个月多饮多尿，食欲增加但体重下降', '主人发现猫砂结块明显增多，每天需清理2-3次（之前1次）。食欲旺盛但体重从4.1kg降至3.2kg。活动量略减，偶有呕吐（每周1-2次）。未绝育，室内饲养，未用任何药物。', 'T 38.8°C，HR 220bpm（心动过速），RR 28次/分，体况评分3/9。双侧甲状腺可触及轻度增大（右侧更明显）。肌肉量减少，尤其后肢。心肺听诊：心音增强，无杂音。腹部触诊无异常。', '总T4: 8.5 μg/dL（参考0.8-4.0，显著↑）。CBC: 正常范围。生化: ALT 150 U/L（轻度↑，甲亢继发），BUN 28 mg/dL，CREA 1.8 mg/dL，GLU 180 mg/dL（轻度↑，应激性）。尿比重 1.025（偏低，排除DKA）。', '超声心动图：左室游离壁轻度增厚（5.8mm），左房轻度扩大，收缩功能正常。腹部超声：双侧甲状腺增大，右侧3cm×1.5cm，回声不均。', '猫甲状腺功能亢进（双侧甲状腺增生），继发早期心肌肥厚', '1. 甲巯咪唑透皮耳膏 2.5 mg q12h（首选透皮剂型减少胃肠道副作用）；2. 4周后复查T4调整剂量；3. 每6个月复查超声心动图监测心肌变化。', '用药4周后T4降至3.2 μg/dL，HR降至180bpm，体重回升至3.6kg。主人报告饮尿量明显减少。', '① 老年猫多饮多尿+多食+体重下降=甲亢三联征，必须查T4；② 甲亢可继发HCM，需基线超声心动图；③ 透皮甲巯咪唑耳膏是猫的首选给药途径（避免口服胃肠道副作用）；④ 甲亢猫的ALT↑通常是继发性，不需保肝治疗。', 'basic');
INSERT INTO cases (id, title, species, breed, age, weight, chief_complaint, history, physical_exam, lab_results, imaging, diagnosis, treatment, outcome, learning_points, difficulty) VALUES ('case_003', '5岁雄性绝育杜宾犬 — 运动不耐受与晕厥', '犬', '杜宾犬', 5, 35, '近1个月运动不耐受，上周晕厥1次', '近1个月不愿散步，走500米即喘。上周突然倒地意识丧失约30秒，自行恢复。无抽搐，无大小便失禁。食欲正常，无咳嗽。杜宾犬DCM高发品种。', 'T 38.5°C，HR 160bpm（心动过速），RR 36次/分。心音低沉，可闻及II/VI级收缩期杂音（心尖部）。心律不齐，脉搏短绌。肺部听诊清晰。无腹水。', 'BNP↑↑（提示心室扩张）。CBC: 正常。生化: ALT 80 U/L（正常），BUN 18 mg/dL，CREA 1.2 mg/dL（肾功能正常）。血气: 轻度代谢性碱中毒（代偿性）。', '超声心动图: 左室舒张内径（LVIDd）65mm（参考<55mm，显著扩张），FS% 18%（参考25-45%，显著降低），左房扩大（LA/Ao 2.0），整体收缩功能严重降低。未见瓣膜增厚/脱垂。', '扩张型心肌病（DCM），合并房颤', '1. 呋塞米 2 mg/kg PO q12h 减轻心脏负荷；2. 匹莫苯丹 0.25 mg/kg PO q12h 增强收缩力；3. 地高辛 0.003 mg/kg PO q12h 控制房颤心室率（监测血药浓度）；4. 严格限制运动。', '2周后复查：HR 130bpm，心律仍不齐但心室率控制改善。1个月后晕厥未再发作，可缓慢散步15分钟。告知预后差，中位生存期3-6个月。', '① 杜宾犬是DCM最高发品种，5岁公犬+运动不耐受+晕厥需高度怀疑；② 超声心动图是确诊金标准：LVIDd↑+FS%↓=DCM；③ 房颤是DCM常见并发症，地高辛用于心室率控制；④ 匹莫苯丹+呋塞米是DCM标准治疗方案；⑤ DCM预后差，需与主人充分沟通。', 'advanced');
INSERT INTO cases (id, title, species, breed, age, weight, chief_complaint, history, physical_exam, lab_results, imaging, diagnosis, treatment, outcome, learning_points, difficulty) VALUES ('case_004', '1岁未免疫雄性拉布拉多犬 — 血性腹泻与白细胞危机', '犬', '拉布拉多犬', 1, 22, '严重血便2天，呕吐，精神极差', '3天前开始食欲下降，2天前出现严重血性腹泻（番茄酱样），频繁呕吐（>10次/天），完全拒食。未完成免疫程序（仅接种1次五联，未完成加强）。刚从宠物店购回2周。', 'T 39.8°C，HR 180bpm，RR 40次/分，脱水约10%。精神沉郁，四肢冰凉。黏膜苍白，CRT 3秒。腹部触诊敏感，肠管增厚感。', 'CPV SNAP: 阳性。CBC: WBC 800/μL（参考6-17000，极度↓），淋巴细胞200/μL，中性粒500/μL（泛白细胞减少）。HCT 28%（↓）。PLT 45×10³/μL（↓）。生化: GLU 55 mg/dL（低血糖），TP 4.2 g/dL（↓），BUN 45 mg/dL（↑，脱水+肠道出血吸收）。', '腹部X线: 肠管普遍扩张，肠壁增厚，无异物征。腹部超声: 肠壁层次模糊，肠系膜淋巴结增大，无套叠征。', '犬细小病毒病（CPV-2），严重泛白细胞减少', '1. 乳酸林格液+5%葡萄糖 15 ml/kg/h IV（纠正脱水+低血糖）；2. 阿莫西林-克拉维酸 20 mg/kg IV q12h（预防菌血症）；3. 马罗匹坦 1 mg/kg SC q24h 止吐；4. 奥美拉唑 1 mg/kg IV q24h 胃保护；5. 严格隔离护理。', '治疗第3天WBC开始回升（2500/μL），第5天WBC 8000/μL，血便减少。第7天开始进食，第10天出院。告知2周内仍排毒，需严格隔离。', '① 未免疫幼犬+出血性肠炎+白细胞↓↓=细小，SNAP快速确诊；② 治疗核心是积极液体复苏（不是抗病毒！）；③ 白细胞<2000时菌血症风险极高，必须用抗生素；④ 低血糖是幼犬细小常见致死原因，需监测补充；⑤ 未治疗死亡率91%，积极治疗存活率80-90%。', 'intermediate');
INSERT INTO cases (id, title, species, breed, age, weight, chief_complaint, history, physical_exam, lab_results, imaging, diagnosis, treatment, outcome, learning_points, difficulty) VALUES ('case_005', '12岁绝育雌性贵宾犬 — 咳嗽与呼吸困难', '犬', '贵宾犬', 12, 4.5, '阵发性咳嗽2周，近2天呼吸困难加重', '2周前开始阵发性干咳，运动后加重，夜间明显。近2天出现呼吸困难，张口呼吸，不能平卧。贵宾犬气管塌陷高发品种。既往有轻度心脏杂音（未进一步检查）。', 'T 39.0°C，HR 140bpm，RR 48次/分，吸气性呼吸困难。特征性''鹅叫样''阵发性咳嗽。听诊：吸气相气管喘鸣音，心尖部II/VI级收缩期杂音。发绀（黏膜发紫）。', 'CBC: 正常范围。生化: 基本正常，BUN 22 mg/dL，CREA 1.0 mg/dL。血气: 低氧血症（pO₂ 65 mmHg），轻度高碳酸血症。', '胸部X线: 颈段气管背侧扁平（吸气相），心影轻度增大（左房扩大），肺野清晰（无肺水肿/肺炎）。荧光透视: 吸气时颈段气管腔狭窄>50%。', '气管塌陷（II-III级），合并早期二尖瓣关闭不全（MMVD B2期）', '1. 吸氧（氧笼，FiO₂ 40%）；2. 布托啡诺 0.2 mg/kg IV 镇静+止咳（减少气管刺激）；3. 泼尼松龙 0.5 mg/kg PO q12h 短期减轻气管水肿；4. 曲马多 3 mg/kg PO q8h 止咳；5. 严格避免兴奋/运动，使用胸背带替代项圈。', '24h后呼吸困难改善，可平卧。3天后咳嗽频率减少50%。出院后长期管理：胸背带+止咳药+控制体重。告知气管塌陷无法根治，严重时需气管支架。', '① 小型犬+鹅叫样咳嗽=气管塌陷，荧光透视是确诊金标准；② 气管塌陷分级：I级<25%，II级25-50%，III级50-75%，IV级>75%；③ 急性发作期核心治疗：镇静+止咳+吸氧（不是抗生素！）；④ 需排除合并心衰（老年犬常合并MMVD）；⑤ 胸背带替代项圈是长期管理基础。', 'intermediate');
INSERT INTO cases (id, title, species, breed, age, weight, chief_complaint, history, physical_exam, lab_results, imaging, diagnosis, treatment, outcome, learning_points, difficulty) VALUES ('case_006', '6岁绝育雌性家短毛猫 — 后肢突然瘫痪', '猫', '家短毛猫', 6, 5.5, '突然后肢瘫痪，惨叫', '今早突然惨叫，后肢无法站立拖行。无外伤史。既往体健。主人发现猫最近1个月活动量略减，但未就医。', 'T 37.2°C（偏低），HR 190bpm，RR 32次/分。后肢完全瘫痪，痛觉消失。后肢皮温低，股动脉搏动消失（双侧）。后肢脚趾发绀。心肺听诊：心律不齐，偶发早搏。', 'CK↑↑（肌肉缺血损伤）。CBC: 正常。生化: ALT 120 U/L（轻度↑），BUN 30 mg/dL，CREA 2.0 mg/dL（轻度↑）。凝血: PT/APTT正常。', '超声心动图: 左室游离壁增厚（7.2mm），左房显著扩大（LA/Ao 2.2），左心耳内可见回声团（血栓）。多普勒: 后肢股动脉无血流信号。', '猫肥厚型心肌病（HCM）合并动脉血栓（鞍血栓）', '1. 丁丙诺啡 0.02 mg/kg IV q6h 镇痛（鞍血栓极度疼痛）；2. 低分子肝素 100 U/kg SC q12h 抗凝；3. 氯吡格雷 18.75 mg PO q24h 抗血小板；4. 吸氧；5. 告知预后极差。', '48h后后肢仍瘫痪，痛觉部分恢复。主人选择安乐死。尸检确认HCM+主动脉鞍血栓。', '① 猫突发后肢瘫痪+皮温低+无脉搏=动脉血栓，必须排查HCM；② HCM是猫最常见心脏病，左房扩大是血栓形成高危因素；③ 鞍血栓预后极差，即使取栓/抗凝，复发率和死亡率极高；④ 早期识别HCM（定期超声）是预防血栓的关键；⑤ 镇痛是血栓治疗的核心（疼痛可致休克死亡）。', 'advanced');
INSERT INTO cases (id, title, species, breed, age, weight, chief_complaint, history, physical_exam, lab_results, imaging, diagnosis, treatment, outcome, learning_points, difficulty) VALUES ('case_007', '4岁绝育雄性德国牧羊犬 — 腹胀与干呕', '犬', '德国牧羊犬', 4, 38, '饭后2小时突发腹胀，干呕但吐不出', '晚饭后2小时突然出现腹部膨隆，频繁干呕但无法吐出任何物质。烦躁不安，无法卧下。德牧是GDV高发品种。昨晚饭后有剧烈运动。', 'T 38.0°C，HR 180bpm（心动过速），RR 50次/分，休克状态。腹部极度膨隆，叩诊鼓音。黏膜苍白发灰，CRT 4秒。无法站立。', '采血困难（休克）。床旁: 乳酸8.5 mmol/L（显著↑，正常<2），HCT 55%（血液浓缩）。', '腹部X线（右侧位）: 胃显著扩张，幽门向右移位，胃内大量气体，胃壁可见分隔征（''双泡征''或''咖啡豆征''）=GDV确诊。', '胃扩张-扭转（GDV），休克', '1. 双静脉通路，乳酸林格液 20 ml/kg 快速推注×2（液体复苏）；2. 紧急胃穿刺减压（18G针头经腹壁刺入胃）；3. 术前准备（血常规/凝血/交叉配血）；4. 紧急开腹探查+胃复位+胃固定术（Gastropexy）；5. 如胃壁坏死需胃部分切除。', '术中发现胃顺时针扭转270°，胃壁局部缺血但未坏死。行胃复位+胃固定术。术后48h出现室性心律失常（地高辛治疗），第5天出院。告知GDV复发率（未做胃固定>50%，胃固定后<5%）。', '① 大型深胸犬+饭后剧烈运动+腹胀+干呕=GDV，不能等X线确认再治疗；② 治疗顺序：液体复苏→胃减压→手术（不是先拍片！）；③ 胃固定术是预防复发的关键；④ 术后心律失常是常见致死并发症；⑤ 术前死亡率15-30%，胃壁坏死切除后死亡率>50%。', 'advanced');
INSERT INTO cases (id, title, species, breed, age, weight, chief_complaint, history, physical_exam, lab_results, imaging, diagnosis, treatment, outcome, learning_points, difficulty) VALUES ('case_008', '10岁绝育雌性可卡犬 — 多饮多尿与对称性脱毛', '犬', '可卡犬', 10, 12, '近3个月多饮多尿，对称性脱毛，腹部膨隆', '3个月来饮水量明显增加（每天约2L，正常约0.5L）。对称性脱毛（躯干为主），腹部逐渐膨隆。多食，但肌肉量减少。活动量下降。', 'T 38.5°C，HR 90bpm，RR 20次/分。对称性脱毛（躯干、腹部），皮肤变薄可见血管。腹部膨隆（''壶腹状''），肝缘超出肋弓3cm。肌肉萎缩（四肢、腰部）。', 'ALP 1850 U/L（参考23-212，显著↑↑↑，类固醇诱导型）。ALT 280 U/L（↑）。胆固醇 450 mg/dL（↑↑）。GLU 165 mg/dL（轻度↑）。尿比重 1.008（低）。尿糖阴性。Na/K比 28:1（<27提示Addison，本例排除）。', '腹部超声: 双侧肾上腺增大（右侧4.5mm，左侧3.8mm），肝脏增大回声均匀。腹部X线: 肝肿大。', '库欣综合征（垂体依赖性，PDH）', '1. 曲司氯胺（Trilostane）2 mg/kg PO q12h（抑制皮质醇合成）；2. 2周后复查ACTH刺激试验调整剂量；3. 定期监测电解质+ACTH刺激试验。', '用药4周后饮尿量明显减少，ALP降至600 U/L。3个月后皮肤开始再生毛发。告知需终身用药，定期监测。', '① 犬库欣三联征：多饮多尿多食+对称性脱毛+壶腹状腹部；② ALP显著↑↑（类固醇诱导型）是库欣最敏感的筛查指标；③ ACTH刺激试验是确诊金标准；④ 曲司氯胺是PDH一线治疗药物；⑤ 需与医源性库欣鉴别（是否有糖皮质激素用药史）。', 'intermediate');
INSERT INTO cases (id, title, species, breed, age, weight, chief_complaint, history, physical_exam, lab_results, imaging, diagnosis, treatment, outcome, learning_points, difficulty) VALUES ('case_009', '2岁未绝育雌性家短毛猫 — 发热与腹水', '猫', '家短毛猫', 2, 2.8, '持续发热3周，腹部逐渐膨隆', '3周来持续发热（39.5-40.5°C），抗生素治疗无效。近1周发现腹部膨隆。食欲下降，体重减轻。多猫家庭（4只猫），1周前另一只猫死亡（类似症状）。', 'T 40.2°C，HR 200bpm，RR 36次/分。体况评分2/9。腹部膨隆，波动感（积液）。黏膜轻度黄染。浅表淋巴结轻度增大。', '总蛋白 9.2 g/dL（↑），白蛋白 2.0 g/dL（↓），球蛋白 7.2 g/dL（↑↑），A:G比 0.28（<0.4高度提示FIP）。FIP抗体滴度 1:3200（高滴度）。HCT 22%（非再生性贫血）。', '腹部超声: 大量腹腔积液，肠系膜淋巴结增大，肾脏表面不规则（干性FIP肾周病变）。胸部X线: 无胸腔积液（排除湿性FIP胸水型）。', '猫传染性腹膜炎（FIP，干性/非渗出性为主）', '1. 泼尼松龙 2 mg/kg PO q24h 免疫抑制；2. 腹腔穿刺放液减压；3. 支持治疗（营养支持+补液）；4. 告知传统方案预后极差。', '泼尼松龙治疗后体温下降至39.0°C，食欲改善。但3周后再次恶化，主人选择安乐死。', '① 年轻猫+持续发热+高球蛋白/低白蛋白（A:G<0.4）+FIP高滴度=FIP高度提示；② 干性FIP无典型腹水，可表现为淋巴结增大/神经症状/眼部病变；③ 多猫家庭FCoV传播风险高；④ 传统治疗（泼尼松龙）仅姑息，中位生存期数周至数月；⑤ 需与淋巴瘤/感染性腹膜炎鉴别。', 'advanced');
INSERT INTO cases (id, title, species, breed, age, weight, chief_complaint, history, physical_exam, lab_results, imaging, diagnosis, treatment, outcome, learning_points, difficulty) VALUES ('case_010', '7岁绝育雄性比格犬 — 癫痫持续状态', '犬', '比格犬', 7, 14, '全身强直-阵挛发作持续5分钟', '今早突然倒地，全身强直-阵挛发作，持续约5分钟未自行停止。这是首次发作。无中毒接触史，无外伤。', '发作后状态：T 40.5°C（发作后高热），HR 180bpm，定向力障碍，盲目走动。发作间期神经学检查：正常。', 'GLU 180 mg/dL（发作后应激性高血糖）。CBC/生化: 基本正常（排除低血糖/肝性脑病/电解质紊乱）。', '发作间期：建议MRI（排除结构性病变），主人暂不同意。', '特发性癫痫（首次发作，排除代谢性/结构性原因后）', '1. 地西泮 1 mg/kg IV 终止发作；2. 苯巴比妥 3 mg/kg PO q12h 维持（首次发作通常不立即开始长期抗癫痫，但发作>5分钟需干预）；3. 2周后复查苯巴比妥血药浓度（目标15-40 μg/mL）。', '发作终止。告知如6个月内再次发作则开始长期抗癫痫治疗。3个月后随访无再次发作。', '① 癫痫持续状态（>5分钟）是急症，地西泮IV是首选；② 首次发作需排除代谢性原因（低血糖/肝性脑病/电解质）和中毒；③ 特发性癫痫诊断是排除性诊断；④ 犬特发性癫痫好发品种：比格、金毛、拉布拉多；⑤ 苯巴比妥血药浓度监测是长期管理关键。', 'intermediate');
INSERT INTO cases (id, title, species, breed, age, weight, chief_complaint, history, physical_exam, lab_results, imaging, diagnosis, treatment, outcome, learning_points, difficulty) VALUES ('case_011', '5岁绝育雌性家短毛猫 — 尿频与血尿', '猫', '家短毛猫', 5, 4.2, '尿频、血尿、在猫砂盆外排尿', '近1周尿频，每次尿量少，可见血尿。在猫砂盆外排尿（沙发上）。无多饮多尿。室内饲养，近期有新猫引入（应激因素）。', 'T 38.8°C，HR 180bpm，RR 24次/分。腹部触诊：膀胱小而空（频繁排尿），触诊无疼痛。体表无外伤。', '尿液分析: 血尿（+++），pH 7.0，尿比重 1.040，蛋白（+），沉渣见大量RBC和少量WBC，未见细菌。CBC: 正常范围。生化: BUN 22 mg/dL，CREA 1.4 mg/dL（肾功能正常）。', '腹部X线：膀胱充盈，未见高密度影（排除结石）。腹部超声：膀胱壁轻度增厚，腔内少量回声（血液/结晶），双肾大小回声正常。', '猫特发性膀胱炎（FIC）- 应激相关', '1. 环境丰富化（增加猫砂盆数量、提供垂直空间、减少新猫冲突）；2. 加巴喷丁 10 mg/kg PO q12h 镇痛+抗焦虑；3. 保证充足饮水（湿粮+流动饮水器）；4. 费利威（Feliway）扩散器缓解应激。', '2周后尿频明显改善，血尿消失。继续环境管理，3个月后未复发。', '① 年轻猫血尿最常见原因是特发性膀胱炎（FIC），而非细菌感染；② 猫UTI在年轻猫中罕见（<10岁猫UTI发病率<3%），多见于老年猫/糖尿病猫；③ 应激是FIC的核心诱因（新猫/环境变化）；④ 治疗核心是环境管理+镇痛，不推荐常规使用抗生素；⑤ 需与结石、肿瘤鉴别。', 'basic');
INSERT INTO cases (id, title, species, breed, age, weight, chief_complaint, history, physical_exam, lab_results, imaging, diagnosis, treatment, outcome, learning_points, difficulty) VALUES ('case_012', '10岁绝育雌性贵宾犬 - 双侧后肢无力与多饮多尿', '犬', '贵宾犬', 10, 6.5, '后肢无力1个月，多饮多尿，腹部膨隆', '近1个月后肢无力加重，上下楼梯困难。多饮多尿明显。腹部逐渐膨隆。食欲增加但四肢肌肉萎缩。既往无重大疾病。', 'T 38.5C，HR 90bpm，RR 24次/分。典型满月脸，腹部膨隆（肝肿大+腹水），四肢肌肉萎缩，皮肤变薄。后肢肌力减弱。', 'ALP 850 U/L（显著升高，参考23-212），ALT 200 U/L（升高），胆固醇 380 mg/dL（升高），GLU 180 mg/dL（轻度升高，类固醇性糖尿病前期）。CBC: 淋巴细胞减少（<1.0x10^3/uL），嗜酸性粒细胞减少（应激/皮质醇）。尿比重 1.015（偏低）。ACTH刺激试验: 基础皮质醇 6 ug/dL，刺激后 28 ug/dL（>20=库欣综合征）。', '腹部超声: 双侧肾上腺增大（右侧5mm，左侧6mm），肝脏增大，少量腹水。排除肾上腺肿瘤（双侧增大提示垂体依赖型）。', '库欣综合征（垂体依赖型）- 肾上腺皮质功能亢进', '1. 曲洛斯坦（Trilostane）3 mg/kg PO q24h（抑制皮质醇合成）；2. 2周后复查ACTH刺激试验调整剂量（目标刺激后皮质醇1-5 ug/dL）；3. 监测电解质和肾功能。', '用药4周后ACTH刺激试验：刺激后皮质醇4.2 ug/dL（达标）。多饮多尿明显改善，肌力逐渐恢复。需终身用药，每3个月复查。', '① 库欣综合征三联征：多饮多尿+腹部膨隆+皮肤变薄/满月脸；② ALP显著升高（通常>500）是库欣最敏感的生化指标；③ ACTH刺激试验是首选确诊方法；④ 曲洛斯坦是首选药物（可逆性抑制）；⑤ 需鉴别医源性库欣（长期使用糖皮质激素）。', 'intermediate');
INSERT INTO cases (id, title, species, breed, age, weight, chief_complaint, history, physical_exam, lab_results, imaging, diagnosis, treatment, outcome, learning_points, difficulty) VALUES ('case_013', '6岁未绝育雄性德国牧羊犬 - 突发腹胀与干呕', '犬', '德国牧羊犬', 6, 38, '突发腹部膨大，干呕但吐不出东西，烦躁不安', '晚饭后剧烈运动，1小时后腹部迅速膨大，尝试干呕但无呕吐物。烦躁不安，不愿躺下。大型深胸犬种，GDV高风险。', 'T 38.0C，HR 180bpm（严重心动过速），RR 40次/分，黏膜苍白，CRT 3秒。腹部膨隆如鼓，叩诊鼓音。胃管插入受阻（贲门扭转）。休克体征明显。', '血气: 严重代谢性酸中毒（pH 7.20，HCO3- 12 mEq/L）- 组织灌注不足/乳酸酸中毒。K+ 3.0 mEq/L（降低）。BUN 40 mg/dL（升高，肾前性）。', '腹部X线右侧位：胃显著扩张，幽门向右侧移位，胃内大量气体/液体，双气泡征（分隔征）。确诊GDV。', '胃扩张-扭转（GDV）', '1. 紧急！两条大口径静脉通路，乳酸林格液 90 ml/kg/h 抗休克；2. 胃穿刺减压（18G针头穿刺胃扩张部）；3. 紧急手术：胃复位+胃固定术（胃壁固定于腹壁防复发）；4. 术中评估胃壁活力（坏死胃壁切除）；5. 术后24-48h心电监护（室性心律失常高发）。', '手术成功，胃壁活力尚可。术后12h出现室性早搏（利多卡因 2 mg/kg IV控制）。第3天开始进食，第5天出院。建议终身少量多餐，避免餐后剧烈运动。', '① GDV是真正的急症，时间=生命，延迟手术死亡率>50%；② 大型深胸犬种高发（德牧、大丹、圣伯纳）；③ X线双气泡征是GDV特征性表现；④ 术前必须抗休克+胃减压；⑤ 胃固定术是预防复发的关键；⑥ 术后心律失常（室性）是最常见致死并发症。', 'advanced');
INSERT INTO cases (id, title, species, breed, age, weight, chief_complaint, history, physical_exam, lab_results, imaging, diagnosis, treatment, outcome, learning_points, difficulty) VALUES ('case_014', '2岁未绝育雄性家短毛猫 - 发热、腹水与黄疸', '猫', '家短毛猫', 2, 3.8, '发热2周，腹部膨隆，精神差', '近2周发热（体温波动39.5-40.5C），抗生素治疗无效。食欲下降，体重减轻。腹部逐渐膨隆。多猫家庭（5只猫），近期有新生小猫。', 'T 40.2C，HR 200bpm，RR 32次/分。黄疸（黏膜黄染），腹部膨隆有波动感，触诊有疼痛。体况评分3/9。', '总蛋白 9.2 g/dL（升高），球蛋白 7.0 g/dL（显著升高），白蛋白 2.2 g/dL（降低），A/G比 0.24（显著降低）。CBC: 淋巴细胞减少，轻度非再生性贫血。生化: ALT 120 U/L（轻度升高），TBIL 5.0 mg/dL（显著升高）。FCoV抗体滴度 1:3200（高滴度）。', '腹部超声：腹腔内大量黄色黏稠液体，肝脏表面可见白色渗出物附着，肠系膜淋巴结增大。肾脏大小正常。', '猫传染性腹膜炎（FIP，湿性/渗出型）', '1. GS-441528（瑞德西韦类似物）5 mg/kg SC q24h，疗程12周（FIP特效治疗）；2. 穿刺放腹水缓解呼吸压迫；3. 泼尼松龙 2 mg/kg PO q24h 抗炎（逐渐减量）；4. 营养支持（高蛋白饮食）。', '治疗2周后体温恢复正常，腹水逐渐吸收。12周疗程结束后病毒学指标转阴。持续随访6个月无复发。', '① 湿性FIP诊断要点：发热+腹水+高球蛋白+低A/G比+高FCoV滴度；② 腹腔液分析（渗出液+高球蛋白）是关键；③ GS-441528/Remdesivir是FIP突破性治疗（>80%治愈率）；④ FIP好发于年轻猫（<2岁），多猫环境高发；⑤ 干湿混合型FIP可共存。', 'advanced');
INSERT INTO cases (id, title, species, breed, age, weight, chief_complaint, history, physical_exam, lab_results, imaging, diagnosis, treatment, outcome, learning_points, difficulty) VALUES ('case_015', '4岁绝育雌性拉布拉多犬 - 跛行与关节肿胀', '犬', '拉布拉多犬', 4, 32, '右前肢跛行2周，近期左后肢也出现跛行', '2周前开始右前肢跛行，休息后无明显改善。近3天左后肢也开始跛行。无外伤史。多关节对称性发病。食欲正常，偶有低热。', 'T 39.2C，HR 100bpm，RR 20次/分。右腕关节和左膝关节肿胀、温热、触诊疼痛。跛行评分3/5。肌肉量正常。', 'CBC: WBC 16x10^3/uL（轻度升高），中性粒80%。CRP升高（炎症标志物）。RF（类风湿因子）阴性。ANA（抗核抗体）阴性。关节液分析: 黄色透明，黏稠度降低，WBC 25x10^3/uL（炎症性），以中性粒为主，无细菌。', 'X线：右腕关节和左膝关节软组织肿胀，关节间隙轻度增宽，未见明显骨侵蚀（早期）。', '免疫介导性多关节炎（IMPA）- 特发性', '1. 泼尼松龙 2 mg/kg PO q24h 诱导缓解，4周后逐渐减量；2. 硫唑嘌呤 2 mg/kg PO q24h（激素节约剂）；3. 限制运动；4. 每2周复查CBC监测药物副作用。', '2周后跛行明显改善，关节肿胀消退。6周后激素开始缓慢减量。需长期低剂量免疫抑制维持。', '① 多关节对称性跛行+无外伤史=免疫介导性关节炎可能性大；② 关节液分析排除感染性关节炎（无细菌+炎症性）；③ 特发性IMPA是排除性诊断（需排除RF/ANA阳性）；④ 治疗需要长期免疫抑制，不可过早停药；⑤ 需与莱姆病、类风湿关节炎鉴别。', 'intermediate');

-- ===== 病例-疾病关联 =====
INSERT INTO case_disease (case_id, disease_id) VALUES ('case_001', 'dis_009');
INSERT INTO case_disease (case_id, disease_id) VALUES ('case_002', 'dis_019');
INSERT INTO case_disease (case_id, disease_id) VALUES ('case_003', 'dis_014');
INSERT INTO case_disease (case_id, disease_id) VALUES ('case_004', 'dis_025');
INSERT INTO case_disease (case_id, disease_id) VALUES ('case_005', 'dis_004');
INSERT INTO case_disease (case_id, disease_id) VALUES ('case_006', 'dis_015');
INSERT INTO case_disease (case_id, disease_id) VALUES ('case_007', 'dis_029');
INSERT INTO case_disease (case_id, disease_id) VALUES ('case_008', 'dis_018');
INSERT INTO case_disease (case_id, disease_id) VALUES ('case_009', 'dis_028');
INSERT INTO case_disease (case_id, disease_id) VALUES ('case_010', 'dis_031');
INSERT INTO case_disease (case_id, disease_id) VALUES ('case_011', 'dis_008');
INSERT INTO case_disease (case_id, disease_id) VALUES ('case_012', 'dis_018');
INSERT INTO case_disease (case_id, disease_id) VALUES ('case_013', 'dis_029');
INSERT INTO case_disease (case_id, disease_id) VALUES ('case_014', 'dis_028');
INSERT INTO case_disease (case_id, disease_id) VALUES ('case_015', 'dis_032');

