-- ============================================
-- 兽医知识库 种子数据 v3.0 (Markdown+Frontmatter 驱动)
-- 50 疾病 + 45 症状 + 60 药物 + 36 检查 + 15 病例 + 6 治疗 + 标签系统 + 完整关联关系
-- 生成时间: 2026-05-05 22:06:40
-- ============================================

-- ===== 标签 (48个) =====
INSERT INTO tags (id, name_zh, tag_group, color) VALUES ('body_cardiovascular', '心血管系统', 'body_system', '#E74C3C');
INSERT INTO tags (id, name_zh, tag_group, color) VALUES ('body_digestive', '消化系统', 'body_system', '#E67E22');
INSERT INTO tags (id, name_zh, tag_group, color) VALUES ('body_endocrine', '内分泌系统', 'body_system', '#1ABC9C');
INSERT INTO tags (id, name_zh, tag_group, color) VALUES ('body_eye_ear', '眼耳系统', 'body_system', '#607D8B');
INSERT INTO tags (id, name_zh, tag_group, color) VALUES ('body_immune', '免疫系统', 'body_system', '#00BCD4');
INSERT INTO tags (id, name_zh, tag_group, color) VALUES ('body_musculoskeletal', '肌肉骨骼系统', 'body_system', '#795548');
INSERT INTO tags (id, name_zh, tag_group, color) VALUES ('body_nervous', '神经系统', 'body_system', '#3498DB');
INSERT INTO tags (id, name_zh, tag_group, color) VALUES ('body_reproductive', '生殖系统', 'body_system', '#E91E63');
INSERT INTO tags (id, name_zh, tag_group, color) VALUES ('body_respiratory', '呼吸系统', 'body_system', '#4A90D9');
INSERT INTO tags (id, name_zh, tag_group, color) VALUES ('body_skin', '皮肤系统', 'body_system', '#F39C12');
INSERT INTO tags (id, name_zh, tag_group, color) VALUES ('body_urinary', '泌尿系统', 'body_system', '#9B59B6');
INSERT INTO tags (id, name_zh, tag_group, color) VALUES ('damnit_anomalous', '畸形/先天', 'damnit_v', '#3F51B5');
INSERT INTO tags (id, name_zh, tag_group, color) VALUES ('damnit_degenerative', '退行性', 'damnit_v', '#607D8B');
INSERT INTO tags (id, name_zh, tag_group, color) VALUES ('damnit_infectious', '感染/炎症', 'damnit_v', '#D32F2F');
INSERT INTO tags (id, name_zh, tag_group, color) VALUES ('damnit_metabolic', '代谢性', 'damnit_v', '#8BC34A');
INSERT INTO tags (id, name_zh, tag_group, color) VALUES ('damnit_neoplastic', '肿瘤性', 'damnit_v', '#455A64');
INSERT INTO tags (id, name_zh, tag_group, color) VALUES ('damnit_toxic', '中毒/创伤', 'damnit_v', '#9C27B0');
INSERT INTO tags (id, name_zh, tag_group, color) VALUES ('damnit_vascular', '血管性', 'damnit_v', '#F44336');
INSERT INTO tags (id, name_zh, name_en, tag_group, emergency_level, clinical_action, textbook_logic, typical_scenario, color) VALUES ('em_green', '绿色', 'Green - Non-Urgent', 'emergency', 'green', '常规检查，侧重病史采集与病理分析', '病情稳定，无急性生命威胁，可按计划进行系统评估', '皮肤瘙痒、疫苗接种、常规体检、慢性疾病复诊', '#388E3C');
INSERT INTO tags (id, name_zh, name_en, tag_group, emergency_level, clinical_action, textbook_logic, typical_scenario, color) VALUES ('em_orange', '橙色', 'Orange - Emergent', 'emergency', 'orange', '15 分钟内介入，重点监测核心生理指标', '生命体征不稳定但尚未至濒死，快速干预可防止恶化至红色等级', '呼吸困难、重度创伤、严重呕吐/腹泻伴脱水、抽搐持续状态', '#F57C00');
INSERT INTO tags (id, name_zh, name_en, tag_group, emergency_level, clinical_action, textbook_logic, typical_scenario, color) VALUES ('em_red', '红色', 'Red - Critical', 'emergency', 'red', '立即心肺复苏或生命支持 (Resuscitative)', '生命体征极不稳定，随时可能进展至心跳呼吸骤停，需争分夺秒干预', '心跳呼吸骤停、严重气道梗阻、失血性休克、濒死状态', '#D32F2F');
INSERT INTO tags (id, name_zh, name_en, tag_group, emergency_level, clinical_action, textbook_logic, typical_scenario, color) VALUES ('em_yellow', '黄色', 'Yellow - Urgent', 'emergency', 'yellow', '60 分钟内介入，评估代偿状态', '机体尚能代偿，但病因持续存在将导致失代偿，需尽快明确诊断', '反复呕吐/腹泻、轻度脱水、间歇性跛行、不明原因发热', '#FBC02D');
INSERT INTO tags (id, name_zh, tag_group, color) VALUES ('mech_degenerative', '退行性', 'mechanism', '#607D8B');
INSERT INTO tags (id, name_zh, tag_group, color) VALUES ('mech_genetic', '遗传/先天', 'mechanism', '#3F51B5');
INSERT INTO tags (id, name_zh, tag_group, color) VALUES ('mech_immune_mediated', '免疫介导', 'mechanism', '#009688');
INSERT INTO tags (id, name_zh, tag_group, color) VALUES ('mech_infectious', '感染', 'mechanism', '#D32F2F');
INSERT INTO tags (id, name_zh, tag_group, color) VALUES ('mech_inflammation', '炎症免疫', 'mechanism', '#FF5722');
INSERT INTO tags (id, name_zh, tag_group, color) VALUES ('mech_metabolic', '代谢', 'mechanism', '#8BC34A');
INSERT INTO tags (id, name_zh, tag_group, color) VALUES ('mech_neoplastic', '肿瘤', 'mechanism', '#455A64');
INSERT INTO tags (id, name_zh, tag_group, color) VALUES ('mech_obstruction', '梗阻', 'mechanism', '#FF9800');
INSERT INTO tags (id, name_zh, tag_group, color) VALUES ('mech_pain', '疼痛信号', 'mechanism', '#795548');
INSERT INTO tags (id, name_zh, tag_group, color) VALUES ('mech_toxic', '中毒', 'mechanism', '#9C27B0');
INSERT INTO tags (id, name_zh, tag_group, color) VALUES ('mech_vascular', '血管循环', 'mechanism', '#F44336');
INSERT INTO tags (id, name_zh, tag_group, color) VALUES ('species_cat', '猫', 'species', '#607D8B');
INSERT INTO tags (id, name_zh, tag_group, color) VALUES ('species_cattle', '牛', 'species', '#5D4037');
INSERT INTO tags (id, name_zh, tag_group, color) VALUES ('species_dog', '犬', 'species', '#795548');
INSERT INTO tags (id, name_zh, tag_group, color) VALUES ('species_exotic', '异宠', 'species', '#455A64');
INSERT INTO tags (id, name_zh, tag_group, color) VALUES ('species_horse', '马', 'species', '#4E342E');
INSERT INTO tags (id, name_zh, tag_group) VALUES ('免疫介导', '免疫介导', 'custom');
INSERT INTO tags (id, name_zh, tag_group) VALUES ('呼吸系统', '呼吸系统', 'custom');
INSERT INTO tags (id, name_zh, tag_group) VALUES ('心血管系统', '心血管系统', 'custom');
INSERT INTO tags (id, name_zh, tag_group) VALUES ('感染', '感染', 'custom');
INSERT INTO tags (id, name_zh, tag_group) VALUES ('梗阻', '梗阻', 'custom');
INSERT INTO tags (id, name_zh, tag_group) VALUES ('消化系统', '消化系统', 'custom');
INSERT INTO tags (id, name_zh, tag_group) VALUES ('炎症免疫', '炎症免疫', 'custom');
INSERT INTO tags (id, name_zh, tag_group) VALUES ('疼痛信号', '疼痛信号', 'custom');
INSERT INTO tags (id, name_zh, tag_group) VALUES ('血管循环', '血管循环', 'custom');
INSERT INTO tags (id, name_zh, tag_group) VALUES ('退行性', '退行性', 'custom');

-- ===== 疾病 (50种) =====
INSERT INTO diseases (id, name_zh, name_en, name_latin, category, species, body_system, pathogenic_type, epidemiology, overview, etiology, pathophysiology, physiological_basis, prognosis, difficulty, urgency_level) VALUES ('dis_001', '肺炎', 'Pneumonia', 'Pneumonia', '["呼吸系统"]', '["犬", "猫"]', '呼吸系统', '感染性', '犬细菌性肺炎多发于幼犬及老年犬，尤其是免疫抑制个体；任何品种均可发病，短头品种风险略高。吸入性肺炎常见于灌食不当或食管疾病患犬。无明显季节性，但冬季因呼吸道感染高发而间接增加发病率。免疫功能低下动物全年均可发病。', '肺部炎症反应，可由细菌、病毒、真菌或吸入性因素引起。犬最常见为细菌性肺炎，猫多为吸入性或病毒性。', '["细菌感染(博德特氏菌、链球菌)", "病毒感染", "真菌感染", "吸入性因素"]', '病原体入侵肺泡后炎症介质释放，中性粒细胞浸润，肺泡充满渗出液导致气体交换障碍和低氧血症。', '病原体（细菌、病毒、真菌或吸入物）突破呼吸道防御机制后侵入肺泡，激活固有免疫反应。中性粒细胞和巨噬细胞募集至感染部位，释放促炎因子（IL-1、IL-6、TNF-α），导致肺泡毛细血管通透性增加，富含蛋白质的渗出液和中性粒细胞充填肺泡腔。肺实变区域气体交换面积减少，通气/血流比例失调，引起低氧血症。严重者可并发脓胸或急性呼吸窘迫综合征（ARDS）。', '早期治疗预后良好。', 'intermediate', 3);
INSERT INTO diseases (id, name_zh, name_en, name_latin, category, species, body_system, pathogenic_type, epidemiology, overview, etiology, pathophysiology, physiological_basis, prognosis, difficulty, urgency_level) VALUES ('dis_002', '心力衰竭(犬)', 'CHF', 'Insufficiencia cordis', '["心血管系统"]', '["犬"]', '心血管系统', '退行性', '最常见于中老年小型犬，黏液样二尖瓣退化（MMVD）在骑士查理王小猎犬、迷你贵宾犬、腊肠犬等品种中有显著遗传倾向。扩张型心肌病（DCM）多见于大型犬，如杜宾犬、大丹犬和拳师犬，公犬发病率高于母犬。一般发病年龄为5岁以上，随年龄增长发病率显著升高。无明显季节性。', '心脏泵血功能不足以满足机体代谢需求，导致肺循环和/或体循环淤血。最常见病因是黏液样二尖瓣退化(MMVD)。', '["MMVD", "DCM", "先天性心脏病"]', '瓣膜关闭不全导致血液反流，心房压力升高导致肺静脉压升高引发肺水肿。', 'MMVD导致二尖瓣叶增厚变形，收缩期无法完全闭合，血液从左心室反流至左心房。左心房容量负荷增加导致扩张，肺静脉回流受阻，肺毛细血管静水压升高。当肺毛细血管楔压超过血浆胶体渗透压（约25 mmHg）时，液体渗入肺泡腔形成肺水肿。同时，心输出量下降激活肾素-血管紧张素-醛固酮系统（RAAS），导致水钠潴留、前负荷进一步增加，形成恶性神经体液循环。长期代偿性心肌肥厚最终导致心肌纤维化和收缩功能下降。', '取决于病因和控制程度。', 'advanced', 4);
INSERT INTO diseases (id, name_zh, name_en, name_latin, category, species, body_system, pathogenic_type, epidemiology, overview, etiology, pathophysiology, physiological_basis, prognosis, difficulty, urgency_level) VALUES ('dis_003', '猫哮喘', 'Feline Asthma', 'Asthma felinum', '["呼吸系统"]', '["猫"]', '呼吸系统', '免疫介导性', '猫哮喘多发于2-8岁中年猫，暹罗猫及其杂交品种有遗传易感性，母猫发病率略高于公猫。环境因素如粉尘、烟雾、花粉和猫砂粉尘是常见诱因。无明显季节性，但春季花粉季节和冬季室内通风不良时发作频率可能增加。全球发病率约为1-5%，实际发病率可能因漏诊而被低估。', '猫下呼吸道慢性炎症性疾病，特征为气道高反应性和可逆性气流受限。', '["过敏原(尘螨、花粉、烟雾)", "环境刺激物", "应激", "特发性"]', 'IgE介导的I型超敏反应，肥大细胞脱颗粒，嗜酸性粒细胞浸润导致气道平滑肌收缩和黏膜水肿。', '过敏原经呼吸道进入后，被树突状细胞呈递给Th2淋巴细胞，刺激B细胞产生特异性IgE。IgE与肥大细胞表面FcεRI受体结合，再次接触过敏原时发生交联，触发肥大细胞脱颗粒，释放组胺、白三烯、前列腺素D2等预存介质。这些介质导致急性支气管平滑肌痉挛、黏膜水肿和黏液分泌增加。同时，趋化因子招募嗜酸性粒细胞、淋巴细胞至气道壁，释放主要碱性蛋白（MBP）和嗜酸性粒细胞阳离子蛋白（ECP），损伤气道上皮。慢性炎症导致气道重塑：基底膜增厚、平滑肌增生和杯状细胞化生，造成不可逆性气流受限。', '需终身管理，多数猫经治疗可正常生活。', 'intermediate', 2);
INSERT INTO diseases (id, name_zh, name_en, name_latin, category, species, body_system, pathogenic_type, epidemiology, overview, etiology, pathophysiology, physiological_basis, prognosis, difficulty, urgency_level) VALUES ('dis_004', '气管塌陷', 'Tracheal Collapse', 'Collapsus tracheae', '["呼吸系统"]', '["犬"]', '呼吸系统', '退行性', '主要发生于小型犬，约克夏梗、博美犬、贵宾犬、吉娃娃和马尔济斯犬等品种有明确的遗传倾向。多发于中老年犬（6岁以上），但部分易感品种可在2-3岁即出现症状。肥胖是重要的加重因素。无明显季节性和性别差异，但高温高湿环境可加重呼吸困难症状。', '气管软骨环变平、气管膜松弛导致气管腔狭窄，多见于小型犬。特征性表现为阵发性鹅叫样咳嗽。', '["遗传倾向(贵宾、约克夏)", "肥胖", "老年退行性变"]', '软骨结构异常导致吸气时气管塌陷气流受阻而咳嗽。', '气管软骨环的软骨基质发生退行性变性，糖胺聚糖含量减少，软骨细胞萎缩，导致软骨环机械强度下降、变平。同时气管膜（气管肌和结缔组织）松弛冗余。吸气时胸腔负压增大，使膜部向气管腔内膨出，管腔面积缩小；呼气时胸腔正压使已经变扁的软骨环进一步塌陷。气流通过狭窄气道时产生湍流，刺激黏膜感受器引发特征性鹅叫样咳嗽。慢性刺激导致气管黏膜继发性炎症、水肿和黏液分泌增加，进一步加重气道狭窄，形成恶性循环。', '控制症状为主，无法根治。', 'intermediate', 2);
INSERT INTO diseases (id, name_zh, name_en, name_latin, category, species, body_system, pathogenic_type, epidemiology, overview, etiology, pathophysiology, physiological_basis, prognosis, difficulty, urgency_level) VALUES ('dis_005', '急性肾损伤', 'AKI', 'Insufficiencia renalis acuta', '["泌尿系统", "急诊"]', '["犬", "猫"]', '泌尿系统', '中毒性', '任何年龄、品种和性别的动物均可发生。乙二醇中毒多见于冬季（防冻液使用季节），有地区性分布特点。钩端螺旋体病多发于温暖潮湿季节，与鼠类接触史密切相关，公犬因嗅闻行为暴露风险更高。NSAIDs相关AKI多见于老年犬和已有肾功能减退的个体。尿路梗阻性AKI公猫因尿道狭窄更易发生。', '肾功能急剧下降，表现为氮质血症、少尿/无尿和电解质紊乱。', '["缺血(脱水、休克)", "肾毒性药物(NSAIDs、乙二醇)", "钩端螺旋体病", "尿路梗阻"]', '肾血流下降或肾毒性因素导致肾小管上皮细胞坏死，GFR下降导致代谢废物蓄积。', '缺血性AKI时，有效循环血量下降导致肾血流减少，入球小动脉收缩，肾小球滤过率（GFR）急剧下降。肾小管上皮细胞（尤其是近端小管S3段和髓袢升支粗段）对缺氧极为敏感，发生细胞肿胀、刷状缘脱落和细胞凋亡/坏死。毒性物质（如乙二醇代谢产物草酸钙结晶、庆大霉素）直接损伤肾小管上皮细胞线粒体和溶酶体。坏死的细胞脱落形成管型堵塞肾小管，肾小管内压升高进一步降低GFR。同时，受损内皮细胞释放内皮素和一氧化氮失衡，加重肾血管收缩。如损伤持续，可进展为急性肾小管坏死（ATN），基底膜破坏后再生修复困难。', '早期干预可逆，延误则可能进展为CKD或死亡。', 'advanced', 4);
INSERT INTO diseases (id, name_zh, name_en, name_latin, category, species, body_system, pathogenic_type, epidemiology, overview, etiology, pathophysiology, physiological_basis, prognosis, difficulty, urgency_level) VALUES ('dis_006', '慢性肾病', 'CKD', 'Morbus renalis chronicus', '["泌尿系统"]', '["犬", "猫"]', '泌尿系统', '退行性', '是老年猫最常见的疾病之一，15岁以上猫发病率超过30%，猫平均发病年龄为9-10岁。犬的发病率随年龄增长而升高，7岁以上犬风险显著增加。某些品种有遗传倾向：猫中的阿比西尼亚猫和波斯猫易患多囊肾；犬中的伯恩山犬易患肾小球肾炎。公猫因尿道问题继发肾后性CKD风险略高。无明显季节性。', '肾功能进行性和不可逆性丧失，是老年猫最常见的疾病之一。', '["特发性肾小管间质性肾炎", "肾淀粉样变(猫)", "多囊肾(猫)", "既往AKI后遗症"]', '肾单位逐渐丢失，残余肾单位高滤过导致进一步损伤和纤维化。', '各种原发性肾损伤（免疫介导性肾小球肾炎、间质性肾炎、肾淀粉样变等）导致功能性肾单位逐渐丢失。残余肾单位代偿性高滤过，肾小球毛细血管内压升高，蛋白滤过增加。滤过的蛋白质在近端小管重吸收后激活溶酶体通路，释放促炎和促纤维化因子。同时，肾小球高压导致足细胞损伤和基底膜增厚，最终肾小球硬化。肾小管间质纤维化是各种CKD的共同终末通路：成纤维细胞活化增殖，细胞外基质过度沉积，肾小管萎缩。纤维化区域缺氧进一步刺激促纤维化因子（TGF-β）释放，形成不可逆的恶性循环。', '不可逆，但早期干预可显著延长生存期。', 'advanced', 2);
INSERT INTO diseases (id, name_zh, name_en, name_latin, category, species, body_system, pathogenic_type, epidemiology, overview, etiology, pathophysiology, physiological_basis, prognosis, difficulty, urgency_level) VALUES ('dis_007', '尿路感染', 'UTI', 'Infectio tractus urinarii', '["泌尿系统"]', '["犬", "猫"]', '泌尿系统', '细菌性', '犬的发病率显著高于猫。母犬因尿道短而宽，细菌上行感染风险高于公犬。老年动物、糖尿病患犬、长期使用糖皮质激素或免疫抑制剂的动物发病率升高。英国可卡犬、德国牧羊犬等品种有易感性。无明显季节性，但夏季因饮水量变化可能影响发病率。约14%的犬在其一生中至少发生一次UTI。', '细菌侵入泌尿道并定植繁殖引起的炎症。犬较猫常见。', '["大肠杆菌(最常见)", "葡萄球菌", "逆行性上行感染"]', '细菌经尿道口上行在膀胱黏膜定植引发炎症反应。', '致病菌（最常见为大肠杆菌，占50%以上；其次为葡萄球菌、变形杆菌、肠球菌等）经尿道口逆行上行至膀胱。细菌通过菌毛黏附于尿路上皮细胞表面的甘露糖受体，逃避尿液冲刷的清除机制。定植后细菌繁殖，释放内毒素和溶血素，激活尿路上皮细胞Toll样受体（TLR4），触发NF-κB信号通路，释放IL-6、IL-8等趋化因子，募集中性粒细胞至感染部位。中性粒细胞浸润导致局部炎症反应，黏膜充血水肿，严重者形成黏膜溃疡。如感染沿输尿管逆行至肾脏，可引发肾盂肾炎，导致肾实质脓肿和瘢痕形成。', '单纯性UTI抗生素治疗预后极好。', 'basic', 1);
INSERT INTO diseases (id, name_zh, name_en, name_latin, category, species, body_system, pathogenic_type, epidemiology, overview, etiology, pathophysiology, physiological_basis, prognosis, difficulty, urgency_level) VALUES ('dis_008', '猫下尿路疾病', 'FLUTD', 'Dysuria tractus urinarii felinum', '["泌尿系统"]', '["猫"]', '泌尿系统', '特发性', '多发于2-6岁中年猫，肥胖猫、室内饲养猫和运动不足猫的发病率显著升高。波斯猫和异国短毛猫有品种倾向。公猫因尿道细长弯曲，尿道梗阻风险远高于母猫。多猫家庭中的猫因社交应激发病率更高。冬季和换季时因活动减少、饮水量变化，发作频率可能增加。约5-10%的猫会反复发作。', '猫下泌尿道疾病的总称，包括特发性膀胱炎(最常见)、尿结石、尿道梗阻等。', '["特发性膀胱炎(FIC)", "鸟粪石/草酸钙结石", "尿道痉挛", "应激"]', '应激导致交感神经激活，膀胱黏膜通透性增加，钾离子渗入组织层刺激C纤维导致疼痛。', '猫特发性膀胱炎（FIC，占FLUTD病例60%以上）的核心机制是应激-神经内分泌-膀胱轴功能紊乱。应激激活下丘脑-垂体-肾上腺轴（HPA轴）和交感神经系统，儿茶酚胺释放增加，膀胱壁血管收缩导致黏膜缺血。同时，糖胺聚糖（GAG）层缺损使尿液中的钾离子和有害物质渗透至膀胱壁深层，激活C纤维伤害性感受器，释放P物质和降钙素基因相关肽（CGRP），引发神经源性炎症。膀胱逼尿肌和尿道平滑肌痉挛导致排尿困难和尿频。公猫可因尿道痉挛和黏液栓或结晶形成完全梗阻，引起急性肾后性氮质血症和危及生命的电解质紊乱（高钾血症）。', 'FIC易复发，尿道梗阻为急症。', 'intermediate', 4);
INSERT INTO diseases (id, name_zh, name_en, name_latin, category, species, body_system, pathogenic_type, epidemiology, overview, etiology, pathophysiology, physiological_basis, prognosis, difficulty, urgency_level) VALUES ('dis_009', '胰腺炎', 'Pancreatitis', 'Pancreatitis', '["消化系统"]', '["犬", "猫"]', '消化系统', '特发性', '犬多发于中老年、肥胖犬，迷你雪纳瑞、约克夏梗和可卡犬有品种倾向（可能与高甘油三酯血症相关）。猫多为特发性，常与炎症性胆管炎、IBD组成三联征。犬发病与高脂饮食密切相关，节假日前后因人类食物摄入增加而出现发病高峰。母犬发病率略高于公犬。无明显品种和性别差异（猫）。', '胰腺的炎症性疾病。犬多与高脂饮食有关，猫多为特发性或继发于IBD。', '["高脂饮食/高甘油三酯血症", "药物(化疗药)", "创伤", "特发性(猫)"]', '胰酶在胰腺内提前激活导致自身消化，炎症介质释放引发全身炎症反应。', '胰腺腺泡细胞内的胰蛋白酶原在病理条件下被异常激活为胰蛋白酶（正常情况下在十二指肠由肠激酶激活），触发所有消化酶原的级联激活。活化的磷脂酶A2破坏细胞膜磷脂层，弹性蛋白酶溶解血管壁弹性纤维，脂肪酶分解脂肪细胞。胰腺自身消化导致腺泡细胞坏死、脂肪皂化和出血。损伤相关分子模式（DAMPs）释放，激活Toll样受体和NLRP3炎症小体，大量释放IL-1β、IL-6、TNF-α等促炎因子，触发全身炎症反应综合征（SIRS）。炎症介质进入体循环可导致多器官功能障碍：急性呼吸窘迫综合征、弥散性血管内凝血（DIC）和急性肾损伤。', '轻度预后良好，重症坏死性胰腺炎死亡率30-50%。', 'advanced', 3);
INSERT INTO diseases (id, name_zh, name_en, name_latin, category, species, body_system, pathogenic_type, epidemiology, overview, etiology, pathophysiology, physiological_basis, prognosis, difficulty, urgency_level) VALUES ('dis_010', '胃肠炎', 'Gastroenteritis', 'Gastroenteritis', '["消化系统"]', '["犬", "猫"]', '消化系统', '感染性', '各年龄段的犬猫均可发病，但幼龄动物（小于6月龄）因免疫系统未成熟而发病率和死亡率更高。未免疫幼犬感染犬细小病毒（CPV-2）风险极高。饮食不当相关的胃肠炎在犬中更为常见（犬的杂食性和异食癖倾向）。寄生虫性胃肠炎在散养和群养动物中更常见。无明显品种倾向，但免疫缺陷品种（如罗威纳犬对CPV-2易感）风险更高。', '胃和/或肠道的炎症，是最常见的消化系统主诉之一。', '["饮食不当/食物变质", "细菌(沙门氏菌)", "病毒(细小、冠状病毒)", "寄生虫"]', '病原体或刺激物损伤胃肠黏膜导致炎症反应，黏膜屏障破坏导致水电解质分泌异常。', '病原体（病毒、细菌、寄生虫）或刺激物（变质食物、化学毒物）破坏胃肠道黏膜屏障。病毒（如CPV-2）直接感染和溶解快速分裂的肠隐窝上皮细胞，导致肠绒毛萎缩、吸收面积锐减。细菌（如沙门氏菌、产气荚膜梭菌）通过侵袭肠黏膜或释放肠毒素，刺激肠上皮细胞氯离子和水分大量分泌进入肠腔。黏膜屏障破坏后，肠道通透性增加，细菌和内毒素移位进入门静脉循环，激活库普弗细胞释放炎症介质。肠道神经系统参与调节：5-羟色胺（5-HT）从肠嗜铬细胞释放，激活迷走神经传入纤维引发呕吐反射。炎症介质和肠毒素刺激化学感受器触发区（CTZ），加重呕吐和腹泻。', '单纯性预后极好，病毒性细小未免疫幼犬死亡率可达91%。', 'basic', 2);
INSERT INTO diseases (id, name_zh, name_en, name_latin, category, species, body_system, pathogenic_type, epidemiology, overview, etiology, pathophysiology, physiological_basis, prognosis, difficulty, urgency_level) VALUES ('dis_011', '异物梗阻', 'Foreign Body', 'Corpus alienum / Foreign body obstruction', '["消化系统", "外科"]', '["犬", "猫"]', '消化系统', '外伤性', '犬发病率显著高于猫，幼犬和青年犬因好奇心强、异食癖倾向更高发。无显著性别差异。犬多见骨性异物和线性异物，猫多见毛球和绳线异物。全年可发，无明确季节性。', '异物滞留消化道导致机械性梗阻。犬更常见。', '["玩具、骨头、袜子", "毛球(猫)", "线性异物(绳线，猫特有)"]', '异物嵌顿导致局部压迫，静脉回流受阻后动脉供血障碍导致肠壁缺血坏死。', '异物嵌顿于消化道狭窄部位（如幽门、十二指肠、回盲瓣），首先压迫肠壁导致静脉回流受阻，肠壁充血水肿；随后动脉供血障碍引发肠壁缺血、缺氧性损伤，最终可致肠壁坏死穿孔。线性异物可导致肠管折叠、皱缩，加速缺血进程。局部炎症反应释放组胺、前列腺素等介质，加重水肿和疼痛。', '早期取出预后好，穿孔后并发症风险高。', 'intermediate', 3);
INSERT INTO diseases (id, name_zh, name_en, name_latin, category, species, body_system, pathogenic_type, epidemiology, overview, etiology, pathophysiology, physiological_basis, prognosis, difficulty, urgency_level) VALUES ('dis_012', '肝衰竭', 'Liver Failure', 'Hepatic insufficiency / Liver failure', '["消化系统"]', '["犬", "猫"]', '消化系统', '中毒性', '犬猫均可发病，犬因对乙酰氨基酚、木糖醇等肝毒性物质暴露风险更高。猫因缺乏葡萄糖醛酸转移酶对药物性肝损伤更敏感。急性肝衰竭无品种偏好，慢性肝病多见于中老年犬。无明确季节性，但毒素暴露相关病例在节假日期间可能增多。', '肝脏功能严重受损，可分为急性肝衰竭和慢性肝病终末期。', '["药物/毒素(对乙酰氨基酚-猫、木糖醇-犬)", "感染(钩端螺旋体、FIP)", "肿瘤"]', '大量肝细胞坏死导致解毒功能下降(高氨血症)、合成功能下降(低白蛋白)、胆汁排泄障碍(黄疸)。', '大量肝细胞坏死或功能障碍导致三大核心病理生理改变：一是解毒功能下降，氨等毒性物质蓄积引发肝性脑病；二是合成功能下降，白蛋白、凝血因子合成减少导致低白蛋白血症和凝血障碍；三是胆汁排泄障碍，胆红素蓄积引发黄疸。同时肝糖原储备减少可致低血糖，门脉高压可引发腹水。', '急性早期治疗可恢复，终末期预后差。', 'advanced', 3);
INSERT INTO diseases (id, name_zh, name_en, name_latin, category, species, body_system, pathogenic_type, epidemiology, overview, etiology, pathophysiology, physiological_basis, prognosis, difficulty, urgency_level) VALUES ('dis_013', '炎症性肠病', 'IBD', 'Inflammatory bowel disease (IBD)', '["消化系统"]', '["犬", "猫"]', '消化系统', '免疫介导性', '犬猫均可发病，犬以中年到老年多见，德国牧羊犬、纯种犬有遗传易感性。猫无明确品种偏好，但中年猫发病率较高。无显著性别差异。部分病例与食物过敏原暴露相关，可能随饮食变化而波动。诊断需排除感染性、肿瘤性等继发原因。', '特发性慢性胃肠道炎症性疾病，特征为持续性GI症状和组织学炎症。', '["食物过敏/不耐受", "肠道菌群失调", "免疫调节异常"]', '肠黏膜免疫失调导致慢性炎症浸润，黏膜屏障损伤导致吸收不良。', 'IBD的核心发病机制是肠黏膜免疫系统对肠道菌群和食物抗原的异常免疫反应。T淋巴细胞、嗜酸性粒细胞、浆细胞等炎症细胞浸润肠壁各层，释放促炎细胞因子（如TNF-α、IL-1、IL-6），导致黏膜屏障完整性破坏。紧密连接蛋白表达下调增加肠通透性（肠漏），进一步加剧抗原暴露和免疫激活，形成恶性循环。慢性炎症导致绒毛萎缩、隐窝增生，引起吸收不良和蛋白丢失性肠病。', '需长期管理，部分可药物控制。', 'advanced', 2);
INSERT INTO diseases (id, name_zh, name_en, name_latin, category, species, body_system, pathogenic_type, epidemiology, overview, etiology, pathophysiology, physiological_basis, prognosis, difficulty, urgency_level) VALUES ('dis_014', '扩张型心肌病', 'DCM', 'Dilated cardiomyopathy (DCM)', '["心血管系统"]', '["犬"]', '心血管系统', '退行性', '主要发生于大型和巨型犬种，杜宾犬、大丹犬、爱尔兰猎狼犬、拳师犬等品种具有显著遗传倾向。犬多发于4-8岁，雄性发病率略高于雌性。猫罕见，多与牛磺酸缺乏相关。无明确季节性。', '心室腔扩大伴收缩功能降低，是大型犬最常见的获得性心脏病。杜宾、大丹高发。', '["遗传(杜宾、大丹)", "营养缺乏(牛磺酸)", "特发性"]', '心肌收缩力下降导致心输出量降低，代偿性心室扩张进一步加重瓣膜反流。', 'DCM的核心病理生理是心肌细胞变性、坏死和纤维化导致收缩功能进行性下降。心肌肌节蛋白基因突变或获得性损伤使心肌收缩力减弱，心输出量降低。机体通过Frank-Starling机制代偿性扩张心室腔以维持每搏量，但心室扩张导致二尖瓣环扩大、瓣膜反流，进一步加重容量负荷。神经体液系统（RAAS、交感神经）持续激活导致水钠潴留和前后负荷增加，最终发展为充血性心力衰竭。', '预后差，确诊后中位生存期3-6个月。', 'advanced', 3);
INSERT INTO diseases (id, name_zh, name_en, name_latin, category, species, body_system, pathogenic_type, epidemiology, overview, etiology, pathophysiology, physiological_basis, prognosis, difficulty, urgency_level) VALUES ('dis_015', '猫肥厚型心肌病', 'HCM', 'Hypertrophic cardiomyopathy (HCM)', '["心血管系统"]', '["猫"]', '心血管系统', '先天性/遗传性', '是猫最常见的心脏病，中老年猫高发（平均发病年龄约10岁）。缅因猫和布偶猫存在明确的常染色体显性遗传模式（MYBPC3基因突变），美国短毛猫、波斯猫也有较高发病率。无显著性别差异，部分研究提示雄性略多。无季节性。', '左心室壁和/或室间隔向心性肥厚，是猫最常见的心脏病。缅因猫、布偶猫有遗传倾向。', '["遗传(肌节蛋白基因突变)", "继发于甲亢", "继发于高血压"]', '心肌肥厚导致舒张功能障碍，左房压升高引发肺静脉充血和肺水肿。', 'HCM以左心室壁和/或室间隔向心性肥厚为特征，肌节蛋白基因突变导致心肌细胞排列紊乱和间质纤维化。肥厚的心肌导致心室腔缩小、舒张期顺应性降低，左室充盈受阻，左房压升高，进而引发肺静脉充血和肺水肿。同时舒张功能障碍导致心房扩大，血流淤滞易形成血栓。部分病例存在左室流出道动力性梗阻（SAM现象），进一步降低心输出量。', '取决于严重程度，合并动脉血栓预后差。', 'advanced', 2);
INSERT INTO diseases (id, name_zh, name_en, name_latin, category, species, body_system, pathogenic_type, epidemiology, overview, etiology, pathophysiology, physiological_basis, prognosis, difficulty, urgency_level) VALUES ('dis_016', '心包积液', 'Pericardial Effusion', 'Pericardial effusion / Cardiac tamponade', '["心血管系统"]', '["犬", "猫"]', '心血管系统', '肿瘤性', '犬发病率高于猫，金毛寻回犬、德国牧羊犬因血管肉瘤高发而风险显著增加。中老年犬多发，无明确性别差异。猫少见，病因多为充血性心力衰竭或感染。恶性病因（血管肉瘤、心包囊腺癌）预后极差，良性病因（特发性、感染性）经治疗预后相对较好。', '心包腔内液体异常积聚，可导致心脏压塞。犬最常见病因是血管肉瘤。', '["血管肉瘤(金毛、德牧)", "心包囊腺癌", "感染性心包炎", "特发性"]', '心包内液体积聚导致心包压升高，心室舒张受限，心输出量急剧下降。', '心包腔内液体异常积聚导致心包内压升高，当超过右室舒张压时即发生心脏压塞。心室舒张受限导致静脉回流减少、每搏量和心输出量急剧下降。代偿性心动过速和全身血管收缩短期内维持血压，但随积液量增加最终失代偿。同时心室间相互依赖增强，呼吸周期中左右心室充盈量交替变化，表现为奇脉。冠脉灌注压降低可致心肌缺血。', '恶性病因预后极差。', 'advanced', 5);
INSERT INTO diseases (id, name_zh, name_en, name_latin, category, species, body_system, pathogenic_type, epidemiology, overview, etiology, pathophysiology, physiological_basis, prognosis, difficulty, urgency_level) VALUES ('dis_017', '糖尿病', 'Diabetes Mellitus', 'Diabetes mellitus', '["内分泌系统"]', '["犬", "猫"]', '内分泌系统', '代谢性', '犬多为I型糖尿病（自身免疫性beta细胞破坏），母犬发病率约为公犬2倍，中老年犬多发，萨摩耶、澳大利亚梗、迷你雪纳瑞等品种有遗传易感性。猫多为II型糖尿病（胰岛素抵抗），肥胖猫、去势公猫风险更高。犬无季节性，猫诊断率在冬季可能略高。', '胰岛素分泌不足或胰岛素抵抗导致的高血糖综合征。犬多为I型，猫多为II型。', '["自身免疫性beta细胞破坏(犬)", "胰岛素抵抗/肥胖(猫)", "胰腺炎后继发", "药物(糖皮质激素)"]', '胰岛素不足导致葡萄糖利用障碍而高血糖，脂肪分解增加导致酮体生成和酮症酸中毒。', '胰岛素绝对或相对不足导致组织细胞葡萄糖利用障碍，血糖持续升高超过肾糖阈（犬约11 mmol/L，猫约14 mmol/L）出现糖尿和渗透性利尿。同时脂肪分解加速，游离脂肪酸在肝脏经β氧化生成大量酮体，超过外周组织利用能力时发生酮症酸中毒。蛋白质分解增加导致负氮平衡和体重下降。长期高血糖导致糖基化终产物蓄积，引发微血管病变（视网膜病变、肾病、神经病变）。', '需终身胰岛素治疗(犬)，猫部分可缓解。', 'intermediate', 2);
INSERT INTO diseases (id, name_zh, name_en, name_latin, category, species, body_system, pathogenic_type, epidemiology, overview, etiology, pathophysiology, physiological_basis, prognosis, difficulty, urgency_level) VALUES ('dis_018', '库欣综合征', 'Hyperadrenocorticism', 'Hyperadrenocorticism / Cushing''s syndrome', '["内分泌系统"]', '["犬", "猫"]', '内分泌系统', '肿瘤性', '犬多发，垂体依赖性占85%，肾上腺肿瘤占15%。犬发病年龄多在中老年（7-12岁），贵宾犬、腊肠犬、小型梗犬等品种易感。猫罕见，多为肾上腺肿瘤。母犬发病率略高于公犬。医源性库欣与长期使用糖皮质激素相关，无品种偏好。', '肾上腺皮质分泌过多皮质醇导致的临床综合征。犬多为垂体依赖性(85%)。', '["垂体ACTH瘤(85%犬)", "肾上腺肿瘤(15%)", "医源性(长期使用糖皮质激素)"]', '皮质醇过量导致蛋白质分解增加(皮肤变薄、肌肉萎缩)、肝糖异生增加(高血糖)、免疫抑制。', '皮质醇持续过量分泌导致多系统病理生理改变：促进肝糖异生并抑制外周葡萄糖利用，导致类固醇性糖尿病；促进蛋白质分解代谢，引起皮肤变薄、肌肉萎缩、腹部膨隆（悬腹）；抑制免疫功能，增加感染风险；抑制成纤维细胞活性，伤口愈合延迟；促进肾小管钠重吸收和钾排泄，导致低钾血症；增加胃酸分泌和降低胃黏膜保护，增加消化性溃疡风险。垂体ACTH瘤导致双侧肾上腺弥漫性增生。', '垂体依赖性经药物控制中位生存期2-3年。', 'advanced', 2);
INSERT INTO diseases (id, name_zh, name_en, name_latin, category, species, body_system, pathogenic_type, epidemiology, overview, etiology, pathophysiology, physiological_basis, prognosis, difficulty, urgency_level) VALUES ('dis_019', '猫甲状腺功能亢进', 'Feline Hyperthyroidism', 'Feline hyperthyroidism / Thyrotoxicosis', '["内分泌系统"]', '["猫"]', '内分泌系统', '肿瘤性', '是老年猫最常见的内分泌疾病，多发于10岁以上猫，13岁以上猫发病率可达10%。无明确品种偏好，但部分研究提示暹罗猫和喜马拉雅猫发病率略低。无性别差异。环境因素（罐头食品中双酚A和邻苯二甲酸酯暴露、猫砂中的多溴联苯醚）可能增加发病风险。', '甲状腺激素过度分泌，是老年猫最常见的内分泌疾病。多为甲状腺腺瘤样增生。', '["甲状腺腺瘤样增生(95%)", "甲状腺腺癌(<5%)"]', 'T3和T4升高导致基础代谢率增加，蛋白质分解增加(体重下降但食欲增加)，心率增加可引发HCM。', '甲状腺腺瘤样增生或腺癌导致T3和T4自主性过度分泌，不受下丘脑-垂体-甲状腺轴负反馈调节。甲状腺激素增加基础代谢率，促进蛋白质、脂肪和糖原分解，导致体重下降但食欲亢进。心血管系统对儿茶酚胺敏感性增加，导致心动过速、心肌收缩力增强，长期可引发继发性肥厚型心肌病（甲状腺性心脏病）。中枢神经系统兴奋性增加导致多动、易激惹。肝酶升高反映肝细胞代谢负荷增加。', '药物或放射性碘治疗效果良好。', 'intermediate', 2);
INSERT INTO diseases (id, name_zh, name_en, name_latin, category, species, body_system, pathogenic_type, epidemiology, overview, etiology, pathophysiology, physiological_basis, prognosis, difficulty, urgency_level) VALUES ('dis_020', '甲状腺功能减退', 'Hypothyroidism', 'Hypothyroidism', '["内分泌系统"]', '["犬"]', '内分泌系统', '免疫介导性', '是犬最常见的内分泌疾病，多发于中老年犬（4-10岁）。金毛寻回犬、杜宾犬、爱尔兰雪达犬、大麦町犬、可卡犬等品种有遗传易感性。已去势犬风险略高。无明确季节性。猫罕见，多为先天性或医源性。', '甲状腺激素分泌不足，是犬最常见的内分泌疾病。多为自身免疫性甲状腺炎。', '["自身免疫性淋巴性甲状腺炎", "特发性甲状腺萎缩", "先天性(罕见)"]', 'T3和T4下降导致基础代谢率降低，体重增加、怕冷、嗜睡。', '甲状腺激素（T3、T4）分泌不足导致全身基础代谢率降低。自身免疫性淋巴性甲状腺炎是主要病因，淋巴细胞浸润和抗甲状腺抗体导致甲状腺滤泡进行性破坏和纤维化。代谢减慢导致体重增加（尽管食欲降低）、怕冷、嗜睡。皮肤因黏多糖沉积呈现黏液性水肿（tragic face）。高胆固醇血症因LDL受体表达下调导致脂质清除减少。心肌收缩力减弱、心率减慢导致心输出量降低。神经髓鞘代谢减慢可引发外周神经病变。', '需终身甲状腺素替代治疗，预后极好。', 'basic', 1);
INSERT INTO diseases (id, name_zh, name_en, name_latin, category, species, body_system, pathogenic_type, epidemiology, overview, etiology, pathophysiology, physiological_basis, prognosis, difficulty, urgency_level) VALUES ('dis_021', '乙二醇中毒', 'Ethylene Glycol', 'Ethylene Glycol Toxicosis', '["中毒与急救"]', '["犬", "猫"]', '泌尿系统', '中毒性', '多发于冬季防冻剂使用季节，犬比猫更常见。犬因甜味而主动舔食，猫因接触被污染的物体而中毒。无品种和性别倾向，户外散养犬风险最高。', '防冻剂中毒，代谢为草酸钙结晶沉积于肾小管导致AKI。猫致死剂量仅1.5ml/kg。', '["摄入防冻剂(汽车冷却液)", "园林产品", "某些油漆溶剂"]', '乙二醇代谢为草酸，与钙结合形成草酸钙结晶沉积于肾小管导致机械性损伤和缺血。', '乙二醇本身毒性较低，但经肝脏醇脱氢酶代谢为一系列毒性代谢产物：乙醇醛、乙醇酸、乙醛酸，最终生成草酸。草酸与血清钙结合形成草酸钙结晶，沉积于肾小管腔内造成机械性阻塞和上皮细胞坏死。同时代谢产物直接损伤肾小管细胞，导致急性肾小管坏死。中枢神经系统在早期受乙二醇原形影响出现醉酒样症状，后期草酸钙结晶也可沉积于脑组织。', '犬12-24h内治疗可能存活，猫预后极差。', 'advanced', 5);
INSERT INTO diseases (id, name_zh, name_en, name_latin, category, species, body_system, pathogenic_type, epidemiology, overview, etiology, pathophysiology, physiological_basis, prognosis, difficulty, urgency_level) VALUES ('dis_022', '巧克力中毒', 'Chocolate Toxicity', 'Methylxanthine Toxicosis (Chocolate Toxicity)', '["中毒与急救"]', '["犬"]', '心血管系统', '中毒性', '犬最常见，尤其是贪吃的幼犬和小型犬。黑巧克力和烘焙巧克力毒性最高。无性别倾向，全年可发，节假日期间（万圣节、圣诞节、复活节）发病率显著升高。', '可可碱和咖啡因中毒，刺激中枢神经系统和心血管系统。黑巧毒性最高。', '["摄入巧克力", "可可制品"]', '可可碱抑制腺苷受体导致中枢兴奋，磷酸二酯酶抑制导致cAMP升高引发心律失常。', '巧克力中的主要毒性成分为可可碱和咖啡因，属于甲基黄嘌呤类化合物。其机制包括：(1) 竞争性抑制腺苷受体，导致中枢神经系统兴奋和惊厥阈值降低；(2) 抑制磷酸二酯酶，使细胞内cAMP浓度升高，增强心肌收缩力和心率；(3) 促进肌浆网释放钙离子，增强心肌兴奋性。这些综合作用导致心律失常（室性早搏、室性心动过速）、骨骼肌兴奋和胃肠痉挛。犬代谢可可碱的半衰期长达17.5小时，因此中毒持续时间较长。', '轻度预后好，严重心律失常可致死。', 'basic', 1);
INSERT INTO diseases (id, name_zh, name_en, name_latin, category, species, body_system, pathogenic_type, epidemiology, overview, etiology, pathophysiology, physiological_basis, prognosis, difficulty, urgency_level) VALUES ('dis_023', '百合中毒', 'Lily Toxicity', 'Lilium spp. Nephrotoxicity', '["中毒与急救"]', '["猫"]', '泌尿系统', '中毒性', '仅发生于猫，犬不敏感。所有百合科植物（复活节百合、虎百合、亚洲百合等）均具毒性，包括叶片、花瓣、花粉和浸泡花瓶的水。无品种、年龄和性别倾向，室内猫因接触盆栽或切花而中毒。全年可发。', '百合属植物对猫有剧毒，任何部位(包括花粉和水)均可导致AKI。', '["摄入百合属植物", "接触花粉", "饮用百合花瓶水"]', '肾小管上皮细胞坏死导致AKI，机制尚未完全明确。', '百合中毒的确切肾毒性成分尚未完全分离鉴定，但已知其导致急性肾小管坏死。病理过程为：摄入后肾小管上皮细胞发生变性坏死，细胞脱落阻塞肾小管，肾小球滤过率急剧下降。组织学上可见肾小管上皮细胞空泡变性、坏死和钙化。同时伴有肾间质水肿和炎症反应。少尿期通常在摄入后24-72小时出现，如不及时干预可进展为无尿型肾衰竭。猫对此毒素的敏感性远高于其他动物，具体机制可能与猫缺乏某些肝脏代谢酶有关。', '摄入后8h内积极治疗可挽救，延误则致死率极高。', 'advanced', 5);
INSERT INTO diseases (id, name_zh, name_en, name_latin, category, species, body_system, pathogenic_type, epidemiology, overview, etiology, pathophysiology, physiological_basis, prognosis, difficulty, urgency_level) VALUES ('dis_024', '布洛芬中毒', 'Ibuprofen Toxicity', 'Ibuprofen Toxicosis', '["中毒与急救"]', '["犬", "猫"]', '消化系统', '中毒性', '犬和猫均可发生，但猫因缺乏葡萄糖醛酸转移酶而对NSAIDs极为敏感。最常见原因为主人自行给宠物喂药。无品种和性别倾向，全年可发。幼龄和老年动物风险更高。', 'NSAIDs中毒，猫极为敏感。', '["主人自行喂药", "误食药物", "过量使用"]', 'COX-1抑制导致胃黏膜PG合成减少引发胃溃疡，肾血管收缩导致肾血流减少引发AKI。', '布洛芬为非选择性环氧化酶（COX）抑制剂，同时抑制COX-1和COX-2。COX-1抑制导致胃黏膜前列腺素E2（PGE2）合成减少，进而引起胃黏膜血流减少、黏液分泌降低和碳酸氢盐分泌减少，破坏胃黏膜屏障，导致胃溃疡和穿孔。在肾脏，COX抑制导致肾血管收缩、肾血流量减少和肾小球滤过率下降，尤其在低血容量状态下更易发生急性肾损伤。此外，布洛芬还可引起血小板功能抑制，加重出血倾向。猫的毒性剂量远低于犬（猫>25mg/kg即可中毒）。', '剂量依赖，猫>50mg/kg可致死。', 'basic', 4);
INSERT INTO diseases (id, name_zh, name_en, name_latin, category, species, body_system, pathogenic_type, epidemiology, overview, etiology, pathophysiology, physiological_basis, prognosis, difficulty, urgency_level) VALUES ('dis_025', '犬细小病毒病', 'Parvovirus', 'Canine Parvovirosis', '["传染病"]', '["犬"]', '消化系统', '病毒性', '主要影响6周至6月龄未免疫幼犬，罗威纳、杜宾、比特犬等品种易感性更高。CPV-2各亚型（2a/2b/2c）全球分布。环境卫生差、多犬密集场所（犬舍、收容所）高发。全年可发，夏秋季略多。', '高度传染性病毒性肠炎，主要影响未免疫幼犬。特征为严重出血性肠炎和白细胞减少。', '["CPV-2(2a/2b/2c型)", "未免疫/免疫失败"]', '病毒感染肠隐窝上皮导致细胞坏死和肠绒毛萎缩，骨髓抑制导致白细胞急剧下降。', 'CPV-2通过粪-口途径感染，先在口咽部和肠系膜淋巴结中复制，形成病毒血症。病毒靶向分裂活跃的细胞，尤其肠隐窝上皮细胞。感染后肠隐窝上皮细胞大量坏死脱落，导致肠绒毛萎缩变短，吸收表面积急剧减少，引起严重出血性肠炎和吸收不良。同时病毒侵犯骨髓前体细胞，导致中性粒细胞和淋巴细胞急剧减少（泛白细胞减少），严重削弱免疫防御。肠道屏障破坏后细菌移位可引发败血症和内毒素血症。', '未治疗死亡率91%，积极治疗存活率80-90%。', 'intermediate', 3);
INSERT INTO diseases (id, name_zh, name_en, name_latin, category, species, body_system, pathogenic_type, epidemiology, overview, etiology, pathophysiology, physiological_basis, prognosis, difficulty, urgency_level) VALUES ('dis_026', '犬瘟热', 'Canine Distemper', 'Morbilli (Canine Distemper)', '["传染病"]', '["犬"]', '多系统', '病毒性', '主要影响未免疫的3-6月龄幼犬，但任何年龄的未免疫犬均可感染。雪貂、浣熊等野生动物可为本病的储存宿主。多犬密集环境传播迅速。冬季发病率较高，可能与病毒在低温下存活时间更长有关。', '犬瘟热病毒引起的多系统感染，可影响呼吸、消化和神经系统。', '["CDV", "未免疫", "接触感染犬分泌物"]', '病毒先在淋巴系统复制后形成病毒血症，多系统感染，神经损伤可为不可逆。', '犬瘟热病毒（CDV）属于副黏病毒科麻疹病毒属，通过呼吸道分泌物传播。感染后病毒先在呼吸道淋巴组织复制，经淋巴和血液播散至全身上皮组织和中枢神经系统。病毒对淋巴组织（胸腺、脾脏、淋巴结）的破坏导致严重的免疫抑制。呼吸道感染引起双侧浆液性至黏液脓性鼻分泌物和肺炎。消化道感染导致呕吐和腹泻。神经系统感染可表现为脑炎、脊髓炎、小脑变性，病毒在神经细胞内包涵体形成导致脱髓鞘病变，神经损伤常为不可逆性。', '神经症状出现后预后差，存活犬可能有永久性后遗症。', 'advanced', 3);
INSERT INTO diseases (id, name_zh, name_en, name_latin, category, species, body_system, pathogenic_type, epidemiology, overview, etiology, pathophysiology, physiological_basis, prognosis, difficulty, urgency_level) VALUES ('dis_027', '猫泛白细胞减少症', 'Feline Panleukopenia', 'Feline Panleukopenia', '["传染病"]', '["猫"]', '消化系统', '病毒性', '主要影响未免疫的幼猫（3-5月龄最易感），但任何年龄猫均可发病。FPV极其稳定，在环境中可存活一年以上。多猫家庭、猫舍和流浪猫群体中传播迅速。无品种和性别倾向，春季（繁殖季节后幼猫增多）发病率升高。', '猫细小病毒引起的高度传染性病毒病，特征为泛白细胞减少和出血性肠炎。', '["FPV", "未免疫"]', '病毒感染分裂活跃的细胞(肠隐窝、骨髓)导致肠炎和泛白细胞减少。', 'FPV为单链DNA病毒，靶向分裂活跃的细胞。病毒经口鼻感染后在口咽部淋巴组织复制，形成病毒血症后播散至肠隐窝上皮和骨髓。肠隐窝上皮细胞坏死导致严重出血性肠炎和肠绒毛萎缩，临床表现剧烈呕吐和血便。骨髓感染导致泛白细胞减少（白细胞可降至<1000/μL），其中中性粒细胞减少最为显著，造成严重免疫抑制。妊娠母猫感染可导致胎儿小脑发育不全，出生后表现为小脑性共济失调。', '未治疗死亡率>90%，积极治疗存活率约50%。', 'intermediate', 4);
INSERT INTO diseases (id, name_zh, name_en, name_latin, category, species, body_system, pathogenic_type, epidemiology, overview, etiology, pathophysiology, physiological_basis, prognosis, difficulty, urgency_level) VALUES ('dis_028', '猫传染性腹膜炎', 'FIP', 'Feline Infectious Peritonitis', '["传染病"]', '["猫"]', '多系统', '病毒性（免疫介导性）', '多发于2岁以下年轻猫（6月-2岁高峰），纯种猫（波斯、伯曼、布偶等）遗传易感性更高。多猫环境（猫舍、收容所）中FCoV流行率高，但仅少数（5-10%）感染FCoV的猫发展为FIP。应激是重要的诱发因素。', '猫冠状病毒突变引起的免疫介导性血管炎，分为湿性和干性。预后极差。', '["FCoV突变", "多猫环境", "应激", "遗传易感性"]', '突变病毒在巨噬细胞中复制，免疫复合物沉积于血管壁导致血管炎。', 'FIP的发病机制核心是猫肠道冠状病毒（FCoV）在个体内发生突变，获得在单核-巨噬细胞系中有效复制的能力。突变病毒在巨噬细胞中持续复制，激发III型（免疫复合物介导）和IV型（细胞介导）超敏反应。免疫复合物沉积于小血管壁激活补体系统，导致脓性肉芽肿性血管炎。湿性FIP以富含蛋白的渗出液积聚于体腔（腹腔、胸腔）为特征，系血管通透性增加所致。干性FIP以多器官（肾、肝、CNS、眼）脓性肉芽肿为特征。两种形式可同时存在。', '传统观点认为不治之症。', 'advanced', 3);
INSERT INTO diseases (id, name_zh, name_en, name_latin, category, species, body_system, pathogenic_type, epidemiology, overview, etiology, pathophysiology, physiological_basis, prognosis, difficulty, urgency_level) VALUES ('dis_029', '胃扩张-扭转', 'GDV', 'Gastric Dilatation-Volvulus', '["外科", "急诊"]', '["犬"]', '消化系统', '外伤性', '大型和巨型深胸犬种高发，大丹犬、圣伯纳、威玛犬、德国牧羊犬、标准贵宾犬等风险最高。中老年犬（>7岁）发病率显著升高。公犬略多于母犬。饭后剧烈运动、大量进食或饮水为常见诱因。', '胃内气体/液体积聚并发生轴向扭转，是大型深胸犬的致命急症。', '["大型/巨型犬(大丹、德牧)", "老年", "饭后剧烈运动"]', '胃扭转导致贲门和幽门闭塞，胃内压升高导致静脉回流受阻和胃壁缺血坏死。', 'GDV的病理生理核心是胃沿长轴发生扭转（通常顺时针旋转180-360度），导致贲门和幽门双重梗阻。胃内发酵气体和分泌物无法排出而积聚，胃内压急剧升高。胃扩张首先压迫后腔静脉，减少静脉回流导致前负荷下降和心输出量降低。胃壁静脉回流受阻导致胃壁水肿、缺血，最终胃壁坏死穿孔。门静脉受压导致内脏淤血和休克。胃左动脉和胃短动脉受压可导致脾脏缺血和梗死。低血压和缺血再灌注损伤释放大量炎症介质，引发全身炎症反应综合征（SIRS）和多器官功能障碍。', '术前死亡率15-30%，胃壁坏死需切除则死亡率>50%。', 'advanced', 5);
INSERT INTO diseases (id, name_zh, name_en, name_latin, category, species, body_system, pathogenic_type, epidemiology, overview, etiology, pathophysiology, physiological_basis, prognosis, difficulty, urgency_level) VALUES ('dis_030', '子宫蓄脓', 'Pyometra', 'Pyometra', '["外科", "生殖系统"]', '["犬", "猫"]', '生殖系统', '细菌性', '未绝育的中老年母犬最常见，平均发病年龄7-9岁。猫较少见但也可发生。发情后4-8周（黄体期）为高发时段。部分品种（金毛、迷你雪纳瑞、英国斗牛犬等）发病率较高。与孕激素使用史相关。', '子宫内脓液积聚，是未绝育母犬的常见急症。多在发情后4-8周发生。', '["黄体期孕激素作用", "继发细菌感染(大肠杆菌)", "未绝育中老年母犬"]', '孕激素导致子宫内膜增生、子宫颈关闭，细菌在封闭子宫内繁殖导致脓液蓄积和内毒素吸收。', '子宫蓄脓的发生需要两个关键条件：子宫内膜囊性增生（CEH）和继发细菌感染。发情周期中，孕激素持续刺激导致子宫内膜腺体增生、分泌增加，同时子宫肌层收缩力减弱和子宫颈关闭。CEH创造的封闭、富含分泌物的环境为细菌（主要是大肠杆菌）提供了理想的繁殖场所。细菌内毒素持续吸收导致全身中毒症状。严重时子宫壁因过度扩张而缺血坏死，可发生子宫破裂导致腹膜炎和败血症。内毒素还可引发肾小球肾炎（免疫复合物沉积）。', '手术切除预后极好，延误可致子宫破裂和败血症死亡。', 'intermediate', 3);
INSERT INTO diseases (id, name_zh, name_en, name_latin, category, species, body_system, pathogenic_type, epidemiology, overview, etiology, pathophysiology, physiological_basis, prognosis, difficulty, urgency_level) VALUES ('dis_031', '癫痫', 'Epilepsy', 'Epilepsia', '["神经系统"]', '["犬", "猫"]', '神经系统', '特发性/遗传性', '犬特发性癫痫发病率约0.5-5%，多见于6月龄至5岁犬。品种易感性强：金毛寻回犬、拉布拉多、比格犬、德国牧羊犬等有遗传倾向。猫多为继发性癫痫，无明确品种和性别倾向。无季节性差异。', '大脑神经元异常过度放电导致的反复发作性神经功能障碍。犬多为特发性癫痫，猫多为继发性。', '["特发性/遗传性(犬)", "结构性病变(肿瘤、脑炎)", "代谢性(低血糖、肝性脑病)", "中毒"]', '大脑皮层神经元同步异常放电，GABA能抑制功能下降或谷氨酸能兴奋性增强导致发作阈值降低。', '癫痫发作的本质是大脑皮层神经元异常同步化过度放电。在特发性癫痫中，GABA能抑制性神经递质功能下降或谷氨酸能兴奋性递质功能增强，导致神经元膜电位不稳定，发作阈值降低。离子通道（钠、钙、钾通道）功能异常也是重要机制。反复发作可导致海马神经元坏死和胶质增生（兴奋性毒性），形成恶性循环。', '特发性癫痫经药物控制预后良好，但需终身用药。结构性病因预后取决于原发病。', 'intermediate', 3);
INSERT INTO diseases (id, name_zh, name_en, name_latin, category, species, body_system, pathogenic_type, epidemiology, overview, etiology, pathophysiology, physiological_basis, prognosis, difficulty, urgency_level) VALUES ('dis_032', '免疫介导性多关节炎', 'IMPA', 'Arthritidis immunomediata multiplex', '["免疫系统"]', '["犬"]', '免疫系统', '免疫介导性', '好发于2-7岁成年犬，母犬略多于公犬。品种易感性：贵宾犬、史宾格犬、德国牧羊犬、喜乐蒂牧羊犬高发。猫罕见。无季节性，但部分病例在感染或疫苗接种后诱发。约占犬关节疾病的10-15%。', '免疫系统攻击自身关节滑膜导致的对称性多关节炎症。是犬最常见的免疫介导性疾病之一。', '["特发性(最常见)", "药物反应", "肿瘤相关", "感染后免疫复合物沉积"]', '免疫复合物沉积于滑膜血管壁激活补体，中性粒细胞浸润释放蛋白酶和炎症介质导致滑膜增生和关节软骨破坏。', '核心机制为III型超敏反应：循环免疫复合物沉积于滑膜毛细血管壁，激活补体经典途径（C1q结合IgG/IgM），产生C3a、C5a等过敏毒素，趋化中性粒细胞浸润。中性粒细胞释放溶酶体酶（胶原酶、弹性蛋白酶）和炎症介质（前列腺素、白三烯），导致滑膜充血水肿、滑膜细胞增生。持续炎症激活破骨细胞，释放基质金属蛋白酶（MMP），破坏关节软骨和软骨下骨。', '早期积极免疫抑制治疗预后良好，但需长期维持。感染性关节炎必须排除。', 'intermediate', 2);
INSERT INTO diseases (id, name_zh, name_en, name_latin, category, species, body_system, pathogenic_type, epidemiology, overview, etiology, pathophysiology, physiological_basis, prognosis, difficulty, urgency_level) VALUES ('dis_033', '免疫介导性溶血性贫血', 'IMHA', 'Anaemia haemolytica immunomediata', '["免疫系统", "血液系统"]', '["犬", "猫"]', '免疫系统', '免疫介导性', '犬发病率远高于猫，占犬溶血性贫血病例的60-75%。好发于中年犬（3-7岁），母犬发病率是公犬的2-3倍。品种易感性：可卡犬、英国史宾格犬、贵宾犬、老式英国牧羊犬高发。猫多继发于FeLV感染或支原体感染。春季和夏季发病率略高（可能与免疫刺激事件增多有关）。', '免疫系统攻击自身红细胞导致的急性溶血性贫血。犬发病率高，猫多为继发性。致死率高，是内科急症。', '["特发性(犬最常见)", "继发于肿瘤/感染/药物", "猫继发于FeLV/支原体"]', 'IgG或IgM抗体结合红细胞表面抗原，激活补体导致血管内溶血，或巨噬细胞吞噬导致血管外溶血。', 'IMHA的核心病理机制为II型超敏反应。IgG或IgM类自身抗体结合红细胞表面抗原（I型或II型抗原），通过两条途径导致溶血：1）血管外溶血：抗体致敏的红细胞被脾脏和肝脏巨噬细胞通过Fc受体识别并吞噬破坏，形成球形红细胞；2）血管内溶血：IgM抗体激活补体级联反应至膜攻击复合物（MAC），直接在血管内溶解红细胞。血红蛋白释放导致血红蛋白尿和含铁血黄素沉积。', '犬死亡率30-50%，合并DIC预后极差。猫继发性IMHA预后取决于原发病。', 'advanced', 4);
INSERT INTO diseases (id, name_zh, name_en, name_latin, category, species, body_system, pathogenic_type, epidemiology, overview, etiology, pathophysiology, physiological_basis, prognosis, difficulty, urgency_level) VALUES ('dis_034', '淋巴瘤', 'Lymphoma', 'Lymphoma / Lymphosarcoma', '["肿瘤科"]', '["犬", "猫"]', '免疫系统', '肿瘤性', '是犬猫最常见的造血系统肿瘤。犬发病率约13-24/10万，多中心型最常见（80%以上），高发品种：金毛寻回犬、拳师犬、斗牛犬、圣伯纳犬。猫发病率约200/10万（FeLV流行地区），消化道型最常见。犬多见于6-9岁中年到老年犬，猫多见于9-13岁（FeLV相关）或老年猫（FeLV阴性）。犬无性别倾向，猫公猫略多。', '淋巴细胞的恶性肿瘤，是犬猫最常见的肿瘤类型。犬多为多中心型，猫多为消化道型。', '["遗传易感性(犬)", "FeLV/FIV(猫)", "环境因素(除草剂暴露-犬)", "慢性炎症"]', '淋巴细胞克隆性增殖，侵犯淋巴结、肝脾、骨髓等器官。肿瘤细胞抑制正常造血和免疫功能。', '淋巴瘤起源于淋巴细胞（B细胞或T细胞）的恶性克隆性增殖。B细胞型占犬淋巴瘤的60-80%，T细胞型预后更差。肿瘤细胞通过以下机制致病：1）淋巴结结构破坏导致免疫监视功能丧失；2）肝脾浸润导致器官肿大和功能障碍；3）骨髓浸润导致正常造血抑制（全血细胞减少）；4）肿瘤细胞分泌细胞因子导致副肿瘤综合征（高钙血症、恶病质）。染色体易位（如BCL-2基因重排）和表观遗传异常驱动细胞凋亡逃逸和不受控增殖。', '犬不治疗中位生存期4-6周，化疗后12-14个月。猫低度恶性可达2年。', 'advanced', 3);
INSERT INTO diseases (id, name_zh, name_en, name_latin, category, species, body_system, pathogenic_type, epidemiology, overview, etiology, pathophysiology, physiological_basis, prognosis, difficulty, urgency_level) VALUES ('dis_035', '前十字韧带撕裂', 'CCL Tear', 'Rupture ligamenti cruciati cranialis', '["外科", "骨科"]', '["犬"]', '运动系统', '退行性', '是犬最常见的骨科疾病之一，年发病率约1.2-2.5%。好发于2-10岁大型犬和巨型犬，高发品种：拉布拉多寻回犬、金毛寻回犬、罗威纳犬、纽芬兰犬。肥胖犬风险增加3-5倍。母犬略多于公犬。约30-40%病例在12-18个月内对侧膝关节也发生撕裂。无明显季节性。', '前十字韧带(ACL)部分或完全断裂，是犬最常见的骨科手术指征。多见于大型犬和肥胖犬。', '["退行性韧带变性(最常见)", "肥胖", "品种易感性(拉布拉多、金毛)", "外伤性(少见)"]', '韧带变性导致机械强度下降，轻微外力即可断裂。关节不稳定导致继发性骨关节炎和半月板损伤。', '犬前十字韧带撕裂绝大多数为退变性而非外伤性。韧带胶原纤维（主要是I型胶原）发生渐进性粘液样变性和纤维化，导致韧带机械强度下降，在正常运动负荷下即可发生部分或完全断裂。断裂后胫骨前移和旋转不稳定，导致：1）内侧半月板后角受压撕裂（约50%病例）；2）关节滑膜增生和关节囊纤维化；3）异常力学刺激激活破骨细胞，关节软骨退变加速，进行性骨关节炎。炎症介质（IL-1、TNF-alpha、PGE2）进一步破坏软骨基质。', '手术修复后预后良好，80-90%恢复良好功能。未手术将进行性骨关节炎。', 'intermediate', 2);
INSERT INTO diseases (id, name_zh, name_en, name_latin, category, species, body_system, pathogenic_type, epidemiology, overview, etiology, pathophysiology, physiological_basis, prognosis, difficulty, urgency_level) VALUES ('dis_036', '心丝虫病', 'Heartworm Disease', 'Dirofilariasis / Heartworm Disease', '["寄生虫", "心血管系统"]', '["犬", "猫"]', '心血管系统', '寄生虫性', '全球分布，主要见于热带和亚热带地区。中国长江流域、华南、东北地区均有报道。犬感染率在未预防地区可达10-40%，猫约为犬的5-20%。蚊虫活跃季节（春末至秋末）为感染高峰期，气温15-30摄氏度时传播风险最高。户外活动犬和未预防用药犬风险最高。所有品种犬均易感，但德国牧羊犬对成虫负荷耐受性较差。', '犬恶丝虫(Dirofilaria immitis)寄生于肺动脉和右心，通过蚊虫传播。可导致肺动脉高压和右心衰。', '["蚊虫叮咬传播", "未预防用药", "温暖潮湿地区高发"]', '成虫寄生于肺动脉，机械损伤血管内皮引发肺动脉高压。死亡虫体栓塞肺血管可致急性呼吸衰竭。', '犬恶丝虫成虫（体长15-30cm）寄生于肺动脉主干和右心室，雌虫产出微丝蚴进入血液循环。病理机制包括：1）机械性损伤：成虫刺激肺动脉内皮，引发血管内皮增生和纤维化；2）免疫介导性血管炎：虫体抗原和Wolbachia内共生菌激活免疫反应，导致肺动脉壁炎症；3）肺动脉高压：血管腔狭窄和血管壁弹性下降导致肺血管阻力增加，右心室代偿性肥厚最终失代偿；4）死亡虫体栓塞远端肺血管，引发急性肺栓塞和肉芽肿性炎症。重度感染（>50条成虫）可导致腔静脉综合征。', '犬治疗后预后取决于病变严重程度。猫无特效治疗，以支持治疗为主。预防远优于治疗。', 'intermediate', 3);
INSERT INTO diseases (id, name_zh, name_en, name_latin, category, species, body_system, pathogenic_type, epidemiology, overview, etiology, pathophysiology, physiological_basis, prognosis, difficulty, urgency_level) VALUES ('dis_037', '脓皮症', 'Pyoderma', 'Pyoderma', '["皮肤科"]', '["犬"]', '皮肤系统', '细菌性', '是犬最常见的皮肤病，占所有皮肤病例的15-30%。任何品种犬均可发生，但短毛犬和皮肤褶皱品种（巴哥犬、英国斗牛犬、沙皮犬）高发。继发性脓皮症中，特应性皮炎是最常见原发病（占60%以上）。温暖潮湿季节发病率升高。免疫抑制犬（库欣综合征、甲减）易反复发作。猫罕见，多与免疫抑制或肿瘤相关。', '细菌性皮肤感染，是犬最常见的皮肤病。多为浅表性，常继发于过敏、寄生虫或内分泌疾病。', '["葡萄球菌(最常见)", "继发于特应性皮炎/食物过敏", "内分泌疾病(甲减/库欣)", "皮肤褶皱"]', '皮肤屏障破坏后细菌定植繁殖，释放毒素和酶导致炎症反应。深层感染可形成脓肿和蜂窝织炎。', '脓皮症的核心发病环节为皮肤屏障功能破坏后继发细菌感染。犬皮肤角质层薄（仅3-5层细胞），屏障脆弱。当过敏、寄生虫或内分泌疾病导致皮肤炎症和搔抓损伤后，表皮葡萄球菌（S. pseudintermedius为主）通过粘附素（如蛋白A、纤连蛋白结合蛋白）定植于暴露的真皮层，分泌溶血素、白细胞毒素和蛋白酶破坏组织。浅表型局限于毛囊和表皮深层型侵入真皮和皮下组织，形成脓肿和蜂窝织炎。细菌生物膜形成导致抗生素耐药和慢性反复感染。', '浅表性抗生素治疗预后极好。深层感染需4-6周抗生素。必须治疗原发病以防复发。', 'basic', 1);
INSERT INTO diseases (id, name_zh, name_en, name_latin, category, species, body_system, pathogenic_type, epidemiology, overview, etiology, pathophysiology, physiological_basis, prognosis, difficulty, urgency_level) VALUES ('dis_038', '白内障', 'Cataract', 'Cataracta', '["眼科"]', '["犬", "猫"]', '感觉系统', '退行性/代谢性', '是犬最常见的致盲性眼病。遗传性白内障多发于1-5岁年轻犬，高发品种：迷你贵宾犬、可卡犬、迷你雪纳瑞、哈士奇。糖尿病性白内障可在数天至数周内迅速发展，约75%的糖尿病犬在16个月内发生白内障。老年性白内障多见于8岁以上犬。猫白内障少见，多与葡萄膜炎或外伤相关。无明显性别和季节性差异。', '晶状体混浊导致视力下降，是犬最常见的眼科疾病之一。糖尿病性白内障是犬最常见的类型，发展迅速。', '["遗传(常见于贵宾、可卡犬)", "糖尿病(犬最常见继发原因)", "老年退行性变", "外伤", "先天性"]', '晶状体纤维变性导致光散射增加，晶状体透明度下降。糖尿病性白内障因高血糖导致山梨醇蓄积，渗透性水肿破坏晶状体纤维。', '白内障的核心病理改变为晶状体纤维蛋白变性和晶状体透明度丧失。机制包括：1）遗传性：晶状体蛋白（晶体蛋白）基因突变导致蛋白构象异常，光散射增加；2）糖尿病性：高血糖激活醛糖还原酶，葡萄糖转化为山梨醇在晶状体内蓄积，渗透压升高导致晶状体纤维水肿、破裂和变性；3）老年性：氧化应激损伤晶状体蛋白，硫醇基团氧化导致蛋白交联聚集；4）钙离子稳态破坏激活钙依赖性蛋白酶，降解晶体蛋白。晶状体纤维坏死释放蛋白进一步引发晶状体源性葡萄膜炎。', '手术(超声乳化摘除)后预后良好，视力恢复率90%以上。需控制原发病(如糖尿病)。', 'intermediate', 2);
INSERT INTO diseases (id, name_zh, name_en, name_latin, category, species, body_system, pathogenic_type, epidemiology, overview, etiology, pathophysiology, physiological_basis, prognosis, difficulty, urgency_level) VALUES ('dis_039', '青光眼', 'Glaucoma', 'Glaucoma', '["眼科"]', '["犬", "猫"]', '感觉系统', '退行性/先天性', '犬原发性闭角型青光眼发病率约0.5%，高发品种：美国可卡犬、巴塞特猎犬、松狮犬、萨摩耶犬、阿拉斯加雪橇犬，有明显遗传倾向。继发性青光眼更常见，多继发于葡萄膜炎（最常见原因）、晶状体脱位和眼内肿瘤。猫青光眼罕见，多为继发性（葡萄膜炎或肿瘤）。犬多见于4-9岁中年犬，猫多见于老年。无明显季节性，但葡萄膜炎诱发的青光眼在感染活跃季节可能增多。', '眼内压升高导致视网膜和视神经不可逆损伤，是致盲性眼病。急性闭角型青光眼为眼科急症。', '["原发性(遗传，可卡犬、巴塞特猎犬高发)", "继发性(晶状体脱位、葡萄膜炎、眼内肿瘤)", "先天性"]', '房水排出受阻导致眼内压升高，视网膜神经节细胞缺血性损伤。犬急性眼压>40mmHg可在48-72小时内永久失明。', '青光眼的根本病理机制为房水排出障碍导致眼内压（IOP）病理性升高。犬原发性闭角型青光眼因虹膜根部前移，小梁网入口狭窄，房水经小梁网-Schlemm管途径排出受阻。继发性机制包括：炎性渗出物阻塞小梁网（葡萄膜炎相关）、晶状体前脱位机械性阻塞瞳孔（瞳孔阻滞）。持续高IOP（>25mmHg）导致：1）视网膜神经节细胞轴浆流中断和缺血性凋亡；2）视神经乳头凹陷加深（视杯扩大）；3）视网膜光感受器不可逆损伤。犬IOP>40mmHg持续48-72小时即可造成永久失明。', '早期治疗可延缓进展，已失明者不可逆。需终身管理，对侧眼有发病风险。', 'advanced', 4);
INSERT INTO diseases (id, name_zh, name_en, name_latin, category, species, body_system, pathogenic_type, epidemiology, overview, etiology, pathophysiology, physiological_basis, prognosis, difficulty, urgency_level) VALUES ('dis_040', '角膜溃疡', 'Corneal Ulcer', 'Ulcera corneae', '["眼科"]', '["犬", "猫"]', '感觉系统', '外伤性/感染性', '是犬最常见的眼科急症之一。短头种犬（巴哥犬、斗牛犬、北京犬）因眼球突出和角膜暴露而高发。猫角膜溃疡多见于幼猫（猫疱疹病毒相关）和老年猫（肿瘤相关）。外伤性溃疡无品种和年龄偏好。干眼症相关溃疡多见于老年母犬，高发品种：西高地白梗、骑士查理王猎犬、英国斗牛犬。温暖季节因户外活动增加，外伤性溃疡发病率升高。', '角膜上皮缺损，可由外伤、感染、干眼症或眼睑异常引起。深部溃疡和穿孔为眼科急症。', '["外伤(猫抓伤最常见)", "感染(细菌、真菌)", "干眼症(KCS)", "眼睑内翻/倒睫", "暴露性(面神经麻痹)"]', '角膜上皮屏障破坏后基质暴露，胶原酶活化导致基质溶解。深后弹力层膨出可致角膜穿孔。', '角膜溃疡的核心病理过程为角膜上皮缺损后基质层暴露和降解。正常角膜上皮是抵御微生物和机械损伤的第一道屏障。上皮缺损后：1）基质层胶原暴露，基质金属蛋白酶（MMP-2、MMP-9）和胶原酶被激活，消化角膜胶原纤维导致基质溶解；2）细菌（葡萄球菌、假单胞菌）通过粘附素定植于暴露基质，分泌蛋白酶和毒素加速组织破坏；3）角膜基质变薄至后弹力层时，眼内压推动后弹力层向前膨出（后弹力层膨出），随时可能穿孔；4）穿孔后房水漏出，虹膜脱出，可发展为眼内炎和眼球痨。', '浅表溃疡经治疗1-2周内愈合。深部溃疡需手术(角膜移植/结膜瓣)，穿孔预后差。', 'intermediate', 3);
INSERT INTO diseases (id, name_zh, name_en, name_latin, category, species, body_system, pathogenic_type, epidemiology, overview, etiology, pathophysiology, physiological_basis, prognosis, difficulty, urgency_level) VALUES ('dis_041', '椎间盘疾病', 'IVDD', 'Intervertebral Disc Disease', '["骨科", "神经系统"]', '["犬"]', '神经系统/运动系统', '退行性', '腊肠犬、比格犬、法国斗牛犬等软骨营养不良品种高发，与遗传性椎间盘退变密切相关。多发于3-7岁，无明显性别倾向。小型犬以颈椎和胸腰段多见，大型犬以腰椎为主。', '椎间盘退变后突出或脱出压迫脊髓，是犬最常见的脊髓疾病。腊肠犬、比格犬等软骨营养不良品种高发。', '["遗传性软骨营养不良(腊肠犬、比格犬)", "年龄相关退行性变", "外伤"]', '椎间盘髓核钙化后突然突出压迫脊髓，导致脊髓水肿、缺血和神经功能缺损。根据压迫程度分为I-V级。', '遗传性软骨营养不良导致椎间盘髓核早期钙化和纤维化，失去弹性缓冲功能。在轻微外力或正常活动下，变性髓核经破裂的纤维环突出或脱出至椎管，直接压迫脊髓并引发脊髓水肿、缺血性损伤。急性压迫导致微血管痉挛和血-脊髓屏障破坏，慢性压迫则引起脱髓鞘和胶质增生。压迫程度决定神经功能缺损的严重性，从疼痛、共济失调到瘫痪不等。', 'I-II级保守治疗预后好；III-V级需手术减压。深痛觉消失超过48h预后极差。', 'advanced', 3);
INSERT INTO diseases (id, name_zh, name_en, name_latin, category, species, body_system, pathogenic_type, epidemiology, overview, etiology, pathophysiology, physiological_basis, prognosis, difficulty, urgency_level) VALUES ('dis_042', '髋关节发育不良', 'Hip Dysplasia', 'Hip Dysplasia', '["骨科"]', '["犬"]', '运动系统', '先天性/遗传性', '大型犬和巨型犬高发，金毛寻回犬、拉布拉多、德国牧羊犬、圣伯纳等品种易感性最高。部分研究显示母犬发病率略高。快速生长期（4-12月龄）是发病关键窗口，营养过剩和环境因素可加重病情。', '髋关节窝和股骨头匹配不良导致关节不稳定和退行性关节病，是大型犬最常见的骨科疾病。', '["遗传(金毛、拉布拉多、德牧高发)", "快速生长", "营养过剩(高热量饮食)", "运动不当"]', '髋关节松弛导致半脱位，关节软骨磨损，继发骨关节炎。进行性关节破坏导致疼痛和功能障碍。', '髋关节发育过程中，髋臼和股骨头的生长速率不匹配，导致关节松弛和半脱位。关节不稳定引发关节囊纤维化和关节软骨退行性变，继而发展为骨关节炎。进行性关节面破坏导致疼痛、跛行和活动受限。关节松弛程度与遗传因素密切相关，多基因遗传模式已被证实。', '早期干预(幼年骨盆切开术)预后好。成年犬以药物管理和体重控制为主，严重者需股骨头切除或全髋置换。', 'intermediate', 2);
INSERT INTO diseases (id, name_zh, name_en, name_latin, category, species, body_system, pathogenic_type, epidemiology, overview, etiology, pathophysiology, physiological_basis, prognosis, difficulty, urgency_level) VALUES ('dis_043', '肥大细胞瘤', 'Mast Cell Tumor', 'Mast Cell Tumor', '["肿瘤科"]', '["犬", "猫"]', '皮肤系统/免疫系统', '肿瘤性', '犬最常见的皮肤肿瘤，占皮肤肿瘤约20%。斗牛犬、拳师犬、波士顿梗、拉布拉多等品种高发。多发于中老年犬（平均8-10岁），无明显性别倾向。猫以皮肤型和内脏型均可发生，暹罗猫内脏型风险较高。', '肥大细胞来源的肿瘤，是犬最常见的皮肤肿瘤(占20%)，也是猫最常见的皮肤和内脏肿瘤之一。', '["遗传易斗牛犬、拳师犬高发)", "慢性炎症刺激", "c-kit基因突变"]', '肥大细胞脱颗粒释放组胺、肝素等介质，可导致局部红肿、胃溃疡和过敏反应。高分级肿瘤可转移至淋巴结和内脏。', '肥大细胞异常增殖形成肿瘤，c-kit基因突变（特别是外显子11内部串联重复）是犬肥大细胞瘤的重要驱动突变。肿瘤性肥大细胞脱颗粒释放组胺、肝素、蛋白酶等生物活性介质，导致局部红肿、水肿、胃溃疡和凝血异常。高分级肿瘤具有侵袭性生长和早期转移倾向，常转移至区域淋巴结、肝、脾和骨髓。肿瘤分级（Patnaik或Kiupel系统）是预后的关键决定因素。', '犬低分级(I-II)手术切除后中位生存期>2年；高分级(III)预后差。猫皮肤型预后好，内脏型预后差。', 'advanced', 3);
INSERT INTO diseases (id, name_zh, name_en, name_latin, category, species, body_system, pathogenic_type, epidemiology, overview, etiology, pathophysiology, physiological_basis, prognosis, difficulty, urgency_level) VALUES ('dis_044', '血管肉瘤', 'Hemangiosarcoma', 'Hemangiosarcoma', '["肿瘤科"]', '["犬"]', '心血管系统', '肿瘤性', '金毛寻回犬、德国牧羊犬、拉布拉多等深胸大型犬种高发，与遗传易感性密切相关。多发于中老年犬（8-13岁），公犬发病率略高于母犬。皮下型与紫外线暴露相关，浅肤色犬风险更高。', '血管内皮细胞的恶性肿瘤，高度侵袭性和转移性。最常见部位为脾脏、右心和皮下。金毛、德牧高发。', '["遗传易感性(金毛寻回犬)", "紫外线暴露(浅肤色犬皮下型)", "慢性异物刺激"]', '肿瘤生长迅速，易自发性破裂导致致命性出血。早期血行转移至肺、肝和脑。', '血管内皮细胞恶性转化形成肿瘤，最常见于脾脏、右心耳和皮下组织。肿瘤组织脆弱易碎，自发性破裂导致致命性腹腔或心包腔出血是其最危险的并发症。肿瘤细胞早期经血行转移至肺、肝、脑和网膜。分子水平上，VEGF通路异常激活促进肿瘤血管生成，p53和PTEN等抑基因失活促进肿瘤进展。', '极差。单纯手术中位生存期1-3月，联合化疗可延长至6-8月。', 'advanced', 5);
INSERT INTO diseases (id, name_zh, name_en, name_latin, category, species, body_system, pathogenic_type, epidemiology, overview, etiology, pathophysiology, physiological_basis, prognosis, difficulty, urgency_level) VALUES ('dis_045', '异位性皮炎', 'Canine Atopic Dermatitis', 'Canine Atopic Dermatitis', '["皮肤科"]', '["犬"]', '皮肤系统', '免疫介导性', '犬最常见的过敏性皮肤病，发病率约10-15%。西高地白梗、拉布拉多、法国斗牛犬、金毛寻回犬等品种遗传易感性高。多发于1-3岁青年犬，无明显性别倾向。部分病例具有季节性（花粉过敏），非季节性过敏原（尘螨、霉菌）则全年发病。', '遗传性过敏反应性炎症性皮肤病，是犬最常见的皮肤病。特征为慢性瘙痒，多始于1-3岁。', '["遗传性IgE介导的超敏反应", "环境过敏原(尘螨、花粉、霉菌)", "皮肤屏障缺陷"]', '过敏原经皮肤进入，被朗格汉斯细胞呈递，Th2型免疫反应导致IgE产生和肥大细胞脱颗粒，释放炎症介质引起瘙痒。', '遗传性皮肤屏障缺陷（特别是丝聚蛋白基因突变）使环境过敏原易于穿透表皮。过敏原被朗格汉斯细胞捕获并呈递，激活Th2型免疫应答，产生大量过敏原特异性IgE。IgE与肥大细胞表面FcRI结合，再次接触过敏原时触发肥大细胞脱颗粒，释放组胺、白三烯、前列腺素等炎症介质，引起剧烈瘙痒。慢性炎症导致表皮增生、苔藓化和色素沉着，皮肤屏障功能进一步恶化，形成恶性循环。', '需终身管理，无法根治。奥克拉珠单抗靶向治疗效果好。继发感染需积极控制。', 'intermediate', 2);
INSERT INTO diseases (id, name_zh, name_en, name_latin, category, species, body_system, pathogenic_type, epidemiology, overview, etiology, pathophysiology, physiological_basis, prognosis, difficulty, urgency_level) VALUES ('dis_046', '钩端螺旋体病', 'Leptospirosis', 'Leptospirosis', '["传染病"]', '["犬", "猫"]', '泌尿系统/肝胆系统', '细菌性', '主要通过接触受感染动物（特别是鼠类）尿液污染的水源传播。公犬因嗅探行为暴露风险更高。温暖潮湿气候地区多发，雨季和洪水后发病率显著升高。未免疫犬、户外犬和猎犬风险最高。', '人畜共患的螺旋体感染，可导致急性肝肾衰竭。主要通过接触受感染动物尿液污染的水源传播。', '["钩端螺旋体(血清型: icterohaemorrhagiae, canicola, pomona)", "接触污染水源", "野生动物传播"]', '螺旋体经黏膜侵入后血行播散至肝肾，导致肾小管间质性肾炎和肝细胞损伤。', '钩端螺旋体经黏膜或皮肤破损处侵入，进入血行播散至全身各器官，以肾脏和肝脏为主要靶器官。螺旋体在肾小管中繁殖，引发间质性肾炎和肾小管功能障碍，导致蛋白尿和氮质血症。肝脏受累表现为肝细胞损伤和胆汁淤积性黄疸。部分血清型（如icterohaemorrhagiae）可引发血管内皮损伤，导致出血性素质、DIC和肺出血。', '早期抗生素+支持治疗预后良好。严重肝肾衰竭或肺出血型预后差。可传播给人。', 'intermediate', 4);
INSERT INTO diseases (id, name_zh, name_en, name_latin, category, species, body_system, pathogenic_type, epidemiology, overview, etiology, pathophysiology, physiological_basis, prognosis, difficulty, urgency_level) VALUES ('dis_047', '脂肪肝(猫)', 'Hepatic Lipidosis', 'Hepatic Lipidosis', '["消化系统"]', '["猫"]', '消化系统', '代谢性', '猫最常见的肝病，肥胖猫和中老年猫高发。任何导致厌食或禁食的疾病（胰腺炎、糖尿病、胆管炎、肿瘤等）均可诱发。无明显品种和性别倾向，但家养短毛猫和波斯猫报道较多。体重快速下降是重要诱因。', '肝细胞内大量甘油三酯蓄积导致肝功能衰竭，是猫最常见的肝病。多由厌食/禁食诱发，肥胖猫高发。', '["厌食/禁食(最常继发于其他疾病)", "肥胖", "糖尿病", "胰腺炎", "甲亢"]', '机体能量需求增加时脂肪大量动员至肝脏，超过肝脏氧化和转运能力导致肝细胞脂肪变性。严重时胆汁排泄障碍导致黄疸。', '厌食或禁食状态下，机体动员外周脂肪组织释放大量游离脂肪酸至肝脏。当脂肪酸输入量超过肝脏的氧化能力和极低密度脂蛋白（VLDL）分泌能力时，甘油三酯在肝细胞内大量蓄积，导致肝细胞脂肪变性和功能障碍。严重脂肪肝影响胆汁排泄，导致肝内胆汁淤积和高胆红素血症。同时，肝脏合成功能下降导致低白蛋白血症和凝血障碍。', '积极营养支持(鼻饲/食道饲管)后预后良好，存活率可达80%。延误治疗可致死。', 'intermediate', 4);
INSERT INTO diseases (id, name_zh, name_en, name_latin, category, species, body_system, pathogenic_type, epidemiology, overview, etiology, pathophysiology, physiological_basis, prognosis, difficulty, urgency_level) VALUES ('dis_048', '免疫介导性血小板减少症', 'ITP', 'Immune-Mediated Thrombocytopenia', '["免疫系统", "血液系统"]', '["犬"]', '血液系统/免疫系统', '免疫介导性', '犬最常见的获得性出血性疾病，母犬发病率约为公犬的2倍。可发生于任何品种，但贵宾犬、可卡犬、德国牧羊犬和古代英国牧羊犬等品种易感性较高。多发于中年犬（4-8岁），可继发于感染、肿瘤、药物或疫苗接种。', '免疫系统攻击自身血小板导致血小板减少，是犬最常见的获得性出血性疾病。母犬发病率高于公犬。', '["特发性(最常见)", "继发于感染(埃立克体、利什曼)", "药物诱导", "肿瘤相关", "疫苗诱发"]', 'IgG抗体结合血小板表面糖蛋白，被脾脏巨噬细胞吞噬破坏。血小板<30,000/μL时有自发性出血风险。', '自身IgG抗体靶向血小板表面糖蛋白（主要是GPIIb/IIIa和GPIb/IX），致敏的血小板被脾脏和肝脏巨噬细胞通过Fc受体介导的吞噬作用加速破坏。抗体还可结合巨核细胞，抑制血小板生成。当血小板计数降至30,000/L以下时，自发性出血风险显著增加，表现为皮肤瘀点、鼻出血、血尿和黑便。严重者可发生DIC。', '单纯ITP经免疫抑制治疗后70-80%可缓解。合并严重出血或DIC预后差。复发率20-30%。', 'advanced', 4);
INSERT INTO diseases (id, name_zh, name_en, name_latin, category, species, body_system, pathogenic_type, epidemiology, overview, etiology, pathophysiology, physiological_basis, prognosis, difficulty, urgency_level) VALUES ('dis_049', '犬副流感', 'Canine Parainfluenza', 'Canine Parainfluenza', '["传染病"]', '["犬"]', '呼吸系统', '病毒性', '犬副流感病毒（CPIV）是犬窝咳综合征的重要病原之一。群养环境（犬舍、寄养所、收容所）中传播迅速，发病率可达100%。各年龄犬均可感染，幼犬和免疫抑制犬症状更重。无明显品种和性别倾向，冬季发病率略高。', '犬副流感病毒(CPIV)引起的高度传染性呼吸道疾病，是犬窝咳综合征的常见病原之一。', '["犬副流感病毒(CPIV)", "多病原混合感染(博德特氏菌)", "群养环境传播"]', '病毒损伤呼吸道纤毛上皮，破坏黏膜屏障，继发细菌感染加重症状。', 'CPIV经呼吸道飞沫传播，感染气管和支气管纤毛上皮细胞，导致纤毛破坏和上皮细胞坏死脱落。受损的黏膜屏障为细菌（特别是支气管败血博德特氏菌）继发感染创造条件。炎症反应引起气管支气管黏膜充血水肿、黏液分泌增多，导致特征性的干性阵发性咳嗽。单纯病毒感染通常自限，但混合感染可发展为支气管肺炎。', '单纯感染5-10天自愈。继发细菌感染需抗生素治疗。预防以疫苗接种为主。', 'basic', 2);
INSERT INTO diseases (id, name_zh, name_en, name_latin, category, species, body_system, pathogenic_type, epidemiology, overview, etiology, pathophysiology, physiological_basis, prognosis, difficulty, urgency_level) VALUES ('dis_050', '子宫蓄脓(猫)', 'Pyometra (Cat)', 'Pyometra', '["外科", "生殖系统"]', '["猫"]', '生殖系统', '细菌性', '未绝育中老年母猫（通常>5岁）在发情后4-8周高发。与犬相比，猫子宫蓄脓发病率较低，但后果同样严重。任何品种均可发生，暹罗猫和缅甸猫有报道倾向。使用外源性孕激素的猫风险显著增加。', '猫的子宫蓄脓，与犬类似但发病率较低。未绝育中老年母猫在发情后易发。', '["黄体期孕激素作用", "继发细菌感染", "未绝育母猫"]', '与犬相同，孕激素导致子宫内膜增生和子宫颈关闭，细菌在封闭子宫内繁殖。', '发情后黄体期，孕激素持续作用于子宫内膜，导致子宫内膜囊性增生（囊性子宫内膜增生-子宫积液综合征）和子宫颈关闭。增生的子宫内膜分泌液积聚在封闭的子宫腔内，为细菌（主要是大肠杆菌）提供了理想的繁殖环境。细菌感染后形成脓液积聚，子宫扩张变薄。严重时子宫破裂导致腹膜炎和败血症，内毒素吸收可引发感染性休克和多器官功能衰竭。', '卵巢子宫切除术预后极好。延误可致子宫破裂和败血症。建议早期绝育预防。', 'intermediate', 3);

-- ===== 疾病-标签关联 =====
INSERT INTO entity_tags (entity_type, entity_id, tag_id) VALUES ('disease', 'dis_001', 'body_respiratory');
INSERT INTO entity_tags (entity_type, entity_id, tag_id) VALUES ('disease', 'dis_001', 'em_yellow');
INSERT INTO entity_tags (entity_type, entity_id, tag_id) VALUES ('disease', 'dis_001', 'mech_infectious');
INSERT INTO entity_tags (entity_type, entity_id, tag_id) VALUES ('disease', 'dis_001', 'mech_inflammation');
INSERT INTO entity_tags (entity_type, entity_id, tag_id) VALUES ('disease', 'dis_001', 'species_cat');
INSERT INTO entity_tags (entity_type, entity_id, tag_id) VALUES ('disease', 'dis_001', 'species_dog');
INSERT INTO entity_tags (entity_type, entity_id, tag_id) VALUES ('disease', 'dis_002', 'body_cardiovascular');
INSERT INTO entity_tags (entity_type, entity_id, tag_id) VALUES ('disease', 'dis_002', 'em_orange');
INSERT INTO entity_tags (entity_type, entity_id, tag_id) VALUES ('disease', 'dis_002', 'mech_vascular');
INSERT INTO entity_tags (entity_type, entity_id, tag_id) VALUES ('disease', 'dis_002', 'species_dog');
INSERT INTO entity_tags (entity_type, entity_id, tag_id) VALUES ('disease', 'dis_003', 'body_respiratory');
INSERT INTO entity_tags (entity_type, entity_id, tag_id) VALUES ('disease', 'dis_003', 'em_green');
INSERT INTO entity_tags (entity_type, entity_id, tag_id) VALUES ('disease', 'dis_003', 'species_cat');
INSERT INTO entity_tags (entity_type, entity_id, tag_id) VALUES ('disease', 'dis_004', 'body_respiratory');
INSERT INTO entity_tags (entity_type, entity_id, tag_id) VALUES ('disease', 'dis_004', 'em_green');
INSERT INTO entity_tags (entity_type, entity_id, tag_id) VALUES ('disease', 'dis_004', 'species_dog');
INSERT INTO entity_tags (entity_type, entity_id, tag_id) VALUES ('disease', 'dis_005', 'body_urinary');
INSERT INTO entity_tags (entity_type, entity_id, tag_id) VALUES ('disease', 'dis_005', 'em_orange');
INSERT INTO entity_tags (entity_type, entity_id, tag_id) VALUES ('disease', 'dis_005', 'species_cat');
INSERT INTO entity_tags (entity_type, entity_id, tag_id) VALUES ('disease', 'dis_005', 'species_dog');
INSERT INTO entity_tags (entity_type, entity_id, tag_id) VALUES ('disease', 'dis_006', 'body_urinary');
INSERT INTO entity_tags (entity_type, entity_id, tag_id) VALUES ('disease', 'dis_006', 'em_green');
INSERT INTO entity_tags (entity_type, entity_id, tag_id) VALUES ('disease', 'dis_006', 'species_cat');
INSERT INTO entity_tags (entity_type, entity_id, tag_id) VALUES ('disease', 'dis_006', 'species_dog');
INSERT INTO entity_tags (entity_type, entity_id, tag_id) VALUES ('disease', 'dis_007', 'body_urinary');
INSERT INTO entity_tags (entity_type, entity_id, tag_id) VALUES ('disease', 'dis_007', 'em_green');
INSERT INTO entity_tags (entity_type, entity_id, tag_id) VALUES ('disease', 'dis_007', 'species_cat');
INSERT INTO entity_tags (entity_type, entity_id, tag_id) VALUES ('disease', 'dis_007', 'species_dog');
INSERT INTO entity_tags (entity_type, entity_id, tag_id) VALUES ('disease', 'dis_008', 'body_urinary');
INSERT INTO entity_tags (entity_type, entity_id, tag_id) VALUES ('disease', 'dis_008', 'em_orange');
INSERT INTO entity_tags (entity_type, entity_id, tag_id) VALUES ('disease', 'dis_008', 'species_cat');
INSERT INTO entity_tags (entity_type, entity_id, tag_id) VALUES ('disease', 'dis_009', 'body_digestive');
INSERT INTO entity_tags (entity_type, entity_id, tag_id) VALUES ('disease', 'dis_009', 'em_yellow');
INSERT INTO entity_tags (entity_type, entity_id, tag_id) VALUES ('disease', 'dis_009', 'mech_inflammation');
INSERT INTO entity_tags (entity_type, entity_id, tag_id) VALUES ('disease', 'dis_009', 'species_cat');
INSERT INTO entity_tags (entity_type, entity_id, tag_id) VALUES ('disease', 'dis_009', 'species_dog');
INSERT INTO entity_tags (entity_type, entity_id, tag_id) VALUES ('disease', 'dis_010', 'body_digestive');
INSERT INTO entity_tags (entity_type, entity_id, tag_id) VALUES ('disease', 'dis_010', 'em_green');
INSERT INTO entity_tags (entity_type, entity_id, tag_id) VALUES ('disease', 'dis_010', 'mech_inflammation');
INSERT INTO entity_tags (entity_type, entity_id, tag_id) VALUES ('disease', 'dis_010', 'species_cat');
INSERT INTO entity_tags (entity_type, entity_id, tag_id) VALUES ('disease', 'dis_010', 'species_dog');
INSERT INTO entity_tags (entity_type, entity_id, tag_id) VALUES ('disease', 'dis_011', 'body_digestive');
INSERT INTO entity_tags (entity_type, entity_id, tag_id) VALUES ('disease', 'dis_011', 'em_yellow');
INSERT INTO entity_tags (entity_type, entity_id, tag_id) VALUES ('disease', 'dis_011', 'mech_inflammation');
INSERT INTO entity_tags (entity_type, entity_id, tag_id) VALUES ('disease', 'dis_011', 'species_cat');
INSERT INTO entity_tags (entity_type, entity_id, tag_id) VALUES ('disease', 'dis_011', 'species_dog');
INSERT INTO entity_tags (entity_type, entity_id, tag_id) VALUES ('disease', 'dis_012', 'body_digestive');
INSERT INTO entity_tags (entity_type, entity_id, tag_id) VALUES ('disease', 'dis_012', 'em_yellow');
INSERT INTO entity_tags (entity_type, entity_id, tag_id) VALUES ('disease', 'dis_012', 'species_cat');
INSERT INTO entity_tags (entity_type, entity_id, tag_id) VALUES ('disease', 'dis_012', 'species_dog');
INSERT INTO entity_tags (entity_type, entity_id, tag_id) VALUES ('disease', 'dis_013', 'body_digestive');
INSERT INTO entity_tags (entity_type, entity_id, tag_id) VALUES ('disease', 'dis_013', 'em_green');
INSERT INTO entity_tags (entity_type, entity_id, tag_id) VALUES ('disease', 'dis_013', 'mech_inflammation');
INSERT INTO entity_tags (entity_type, entity_id, tag_id) VALUES ('disease', 'dis_013', 'species_cat');
INSERT INTO entity_tags (entity_type, entity_id, tag_id) VALUES ('disease', 'dis_013', 'species_dog');
INSERT INTO entity_tags (entity_type, entity_id, tag_id) VALUES ('disease', 'dis_014', 'body_cardiovascular');
INSERT INTO entity_tags (entity_type, entity_id, tag_id) VALUES ('disease', 'dis_014', 'em_yellow');
INSERT INTO entity_tags (entity_type, entity_id, tag_id) VALUES ('disease', 'dis_014', 'mech_vascular');
INSERT INTO entity_tags (entity_type, entity_id, tag_id) VALUES ('disease', 'dis_014', 'species_dog');
INSERT INTO entity_tags (entity_type, entity_id, tag_id) VALUES ('disease', 'dis_015', 'body_cardiovascular');
INSERT INTO entity_tags (entity_type, entity_id, tag_id) VALUES ('disease', 'dis_015', 'em_green');
INSERT INTO entity_tags (entity_type, entity_id, tag_id) VALUES ('disease', 'dis_015', 'mech_vascular');
INSERT INTO entity_tags (entity_type, entity_id, tag_id) VALUES ('disease', 'dis_015', 'species_cat');
INSERT INTO entity_tags (entity_type, entity_id, tag_id) VALUES ('disease', 'dis_016', 'body_cardiovascular');
INSERT INTO entity_tags (entity_type, entity_id, tag_id) VALUES ('disease', 'dis_016', 'em_red');
INSERT INTO entity_tags (entity_type, entity_id, tag_id) VALUES ('disease', 'dis_016', 'mech_vascular');
INSERT INTO entity_tags (entity_type, entity_id, tag_id) VALUES ('disease', 'dis_016', 'species_cat');
INSERT INTO entity_tags (entity_type, entity_id, tag_id) VALUES ('disease', 'dis_016', 'species_dog');
INSERT INTO entity_tags (entity_type, entity_id, tag_id) VALUES ('disease', 'dis_017', 'body_endocrine');
INSERT INTO entity_tags (entity_type, entity_id, tag_id) VALUES ('disease', 'dis_017', 'damnit_metabolic');
INSERT INTO entity_tags (entity_type, entity_id, tag_id) VALUES ('disease', 'dis_017', 'em_green');
INSERT INTO entity_tags (entity_type, entity_id, tag_id) VALUES ('disease', 'dis_017', 'mech_metabolic');
INSERT INTO entity_tags (entity_type, entity_id, tag_id) VALUES ('disease', 'dis_017', 'species_cat');
INSERT INTO entity_tags (entity_type, entity_id, tag_id) VALUES ('disease', 'dis_017', 'species_dog');
INSERT INTO entity_tags (entity_type, entity_id, tag_id) VALUES ('disease', 'dis_018', 'body_endocrine');
INSERT INTO entity_tags (entity_type, entity_id, tag_id) VALUES ('disease', 'dis_018', 'damnit_metabolic');
INSERT INTO entity_tags (entity_type, entity_id, tag_id) VALUES ('disease', 'dis_018', 'em_green');
INSERT INTO entity_tags (entity_type, entity_id, tag_id) VALUES ('disease', 'dis_018', 'mech_metabolic');
INSERT INTO entity_tags (entity_type, entity_id, tag_id) VALUES ('disease', 'dis_018', 'species_cat');
INSERT INTO entity_tags (entity_type, entity_id, tag_id) VALUES ('disease', 'dis_018', 'species_dog');
INSERT INTO entity_tags (entity_type, entity_id, tag_id) VALUES ('disease', 'dis_019', 'body_endocrine');
INSERT INTO entity_tags (entity_type, entity_id, tag_id) VALUES ('disease', 'dis_019', 'damnit_metabolic');
INSERT INTO entity_tags (entity_type, entity_id, tag_id) VALUES ('disease', 'dis_019', 'em_green');
INSERT INTO entity_tags (entity_type, entity_id, tag_id) VALUES ('disease', 'dis_019', 'mech_metabolic');
INSERT INTO entity_tags (entity_type, entity_id, tag_id) VALUES ('disease', 'dis_019', 'species_cat');
INSERT INTO entity_tags (entity_type, entity_id, tag_id) VALUES ('disease', 'dis_020', 'body_endocrine');
INSERT INTO entity_tags (entity_type, entity_id, tag_id) VALUES ('disease', 'dis_020', 'damnit_metabolic');
INSERT INTO entity_tags (entity_type, entity_id, tag_id) VALUES ('disease', 'dis_020', 'em_green');
INSERT INTO entity_tags (entity_type, entity_id, tag_id) VALUES ('disease', 'dis_020', 'mech_metabolic');
INSERT INTO entity_tags (entity_type, entity_id, tag_id) VALUES ('disease', 'dis_020', 'species_dog');
INSERT INTO entity_tags (entity_type, entity_id, tag_id) VALUES ('disease', 'dis_021', 'damnit_toxic');
INSERT INTO entity_tags (entity_type, entity_id, tag_id) VALUES ('disease', 'dis_021', 'em_red');
INSERT INTO entity_tags (entity_type, entity_id, tag_id) VALUES ('disease', 'dis_021', 'mech_toxic');
INSERT INTO entity_tags (entity_type, entity_id, tag_id) VALUES ('disease', 'dis_021', 'species_cat');
INSERT INTO entity_tags (entity_type, entity_id, tag_id) VALUES ('disease', 'dis_021', 'species_dog');
INSERT INTO entity_tags (entity_type, entity_id, tag_id) VALUES ('disease', 'dis_022', 'damnit_toxic');
INSERT INTO entity_tags (entity_type, entity_id, tag_id) VALUES ('disease', 'dis_022', 'em_green');
INSERT INTO entity_tags (entity_type, entity_id, tag_id) VALUES ('disease', 'dis_022', 'mech_toxic');
INSERT INTO entity_tags (entity_type, entity_id, tag_id) VALUES ('disease', 'dis_022', 'species_dog');
INSERT INTO entity_tags (entity_type, entity_id, tag_id) VALUES ('disease', 'dis_023', 'damnit_toxic');
INSERT INTO entity_tags (entity_type, entity_id, tag_id) VALUES ('disease', 'dis_023', 'em_red');
INSERT INTO entity_tags (entity_type, entity_id, tag_id) VALUES ('disease', 'dis_023', 'mech_toxic');
INSERT INTO entity_tags (entity_type, entity_id, tag_id) VALUES ('disease', 'dis_023', 'species_cat');
INSERT INTO entity_tags (entity_type, entity_id, tag_id) VALUES ('disease', 'dis_024', 'damnit_toxic');
INSERT INTO entity_tags (entity_type, entity_id, tag_id) VALUES ('disease', 'dis_024', 'em_orange');
INSERT INTO entity_tags (entity_type, entity_id, tag_id) VALUES ('disease', 'dis_024', 'mech_toxic');
INSERT INTO entity_tags (entity_type, entity_id, tag_id) VALUES ('disease', 'dis_024', 'species_cat');
INSERT INTO entity_tags (entity_type, entity_id, tag_id) VALUES ('disease', 'dis_024', 'species_dog');
INSERT INTO entity_tags (entity_type, entity_id, tag_id) VALUES ('disease', 'dis_025', 'damnit_infectious');
INSERT INTO entity_tags (entity_type, entity_id, tag_id) VALUES ('disease', 'dis_025', 'em_yellow');
INSERT INTO entity_tags (entity_type, entity_id, tag_id) VALUES ('disease', 'dis_025', 'mech_infectious');
INSERT INTO entity_tags (entity_type, entity_id, tag_id) VALUES ('disease', 'dis_025', 'species_dog');
INSERT INTO entity_tags (entity_type, entity_id, tag_id) VALUES ('disease', 'dis_026', 'damnit_infectious');
INSERT INTO entity_tags (entity_type, entity_id, tag_id) VALUES ('disease', 'dis_026', 'em_yellow');
INSERT INTO entity_tags (entity_type, entity_id, tag_id) VALUES ('disease', 'dis_026', 'mech_infectious');
INSERT INTO entity_tags (entity_type, entity_id, tag_id) VALUES ('disease', 'dis_026', 'species_dog');
INSERT INTO entity_tags (entity_type, entity_id, tag_id) VALUES ('disease', 'dis_027', 'em_orange');
INSERT INTO entity_tags (entity_type, entity_id, tag_id) VALUES ('disease', 'dis_027', 'species_cat');
INSERT INTO entity_tags (entity_type, entity_id, tag_id) VALUES ('disease', 'dis_028', 'body_digestive');
INSERT INTO entity_tags (entity_type, entity_id, tag_id) VALUES ('disease', 'dis_028', 'em_yellow');
INSERT INTO entity_tags (entity_type, entity_id, tag_id) VALUES ('disease', 'dis_028', 'mech_infectious');
INSERT INTO entity_tags (entity_type, entity_id, tag_id) VALUES ('disease', 'dis_028', 'species_cat');
INSERT INTO entity_tags (entity_type, entity_id, tag_id) VALUES ('disease', 'dis_029', 'body_digestive');
INSERT INTO entity_tags (entity_type, entity_id, tag_id) VALUES ('disease', 'dis_029', 'damnit_anomalous');
INSERT INTO entity_tags (entity_type, entity_id, tag_id) VALUES ('disease', 'dis_029', 'em_red');
INSERT INTO entity_tags (entity_type, entity_id, tag_id) VALUES ('disease', 'dis_029', 'mech_inflammation');
INSERT INTO entity_tags (entity_type, entity_id, tag_id) VALUES ('disease', 'dis_029', 'mech_obstruction');
INSERT INTO entity_tags (entity_type, entity_id, tag_id) VALUES ('disease', 'dis_029', 'mech_vascular');
INSERT INTO entity_tags (entity_type, entity_id, tag_id) VALUES ('disease', 'dis_029', 'species_dog');
INSERT INTO entity_tags (entity_type, entity_id, tag_id) VALUES ('disease', 'dis_030', 'body_reproductive');
INSERT INTO entity_tags (entity_type, entity_id, tag_id) VALUES ('disease', 'dis_030', 'em_yellow');
INSERT INTO entity_tags (entity_type, entity_id, tag_id) VALUES ('disease', 'dis_030', 'mech_infectious');
INSERT INTO entity_tags (entity_type, entity_id, tag_id) VALUES ('disease', 'dis_030', 'mech_inflammation');
INSERT INTO entity_tags (entity_type, entity_id, tag_id) VALUES ('disease', 'dis_030', 'species_cat');
INSERT INTO entity_tags (entity_type, entity_id, tag_id) VALUES ('disease', 'dis_030', 'species_dog');
INSERT INTO entity_tags (entity_type, entity_id, tag_id) VALUES ('disease', 'dis_031', 'body_nervous');
INSERT INTO entity_tags (entity_type, entity_id, tag_id) VALUES ('disease', 'dis_031', 'damnit_degenerative');
INSERT INTO entity_tags (entity_type, entity_id, tag_id) VALUES ('disease', 'dis_031', 'em_yellow');
INSERT INTO entity_tags (entity_type, entity_id, tag_id) VALUES ('disease', 'dis_031', 'species_cat');
INSERT INTO entity_tags (entity_type, entity_id, tag_id) VALUES ('disease', 'dis_031', 'species_dog');
INSERT INTO entity_tags (entity_type, entity_id, tag_id) VALUES ('disease', 'dis_032', 'body_immune');
INSERT INTO entity_tags (entity_type, entity_id, tag_id) VALUES ('disease', 'dis_032', 'damnit_anomalous');
INSERT INTO entity_tags (entity_type, entity_id, tag_id) VALUES ('disease', 'dis_032', 'em_green');
INSERT INTO entity_tags (entity_type, entity_id, tag_id) VALUES ('disease', 'dis_032', 'mech_immune_mediated');
INSERT INTO entity_tags (entity_type, entity_id, tag_id) VALUES ('disease', 'dis_032', 'species_dog');
INSERT INTO entity_tags (entity_type, entity_id, tag_id) VALUES ('disease', 'dis_033', 'body_immune');
INSERT INTO entity_tags (entity_type, entity_id, tag_id) VALUES ('disease', 'dis_033', 'damnit_anomalous');
INSERT INTO entity_tags (entity_type, entity_id, tag_id) VALUES ('disease', 'dis_033', 'em_orange');
INSERT INTO entity_tags (entity_type, entity_id, tag_id) VALUES ('disease', 'dis_033', 'mech_immune_mediated');
INSERT INTO entity_tags (entity_type, entity_id, tag_id) VALUES ('disease', 'dis_033', 'species_cat');
INSERT INTO entity_tags (entity_type, entity_id, tag_id) VALUES ('disease', 'dis_033', 'species_dog');
INSERT INTO entity_tags (entity_type, entity_id, tag_id) VALUES ('disease', 'dis_034', 'body_immune');
INSERT INTO entity_tags (entity_type, entity_id, tag_id) VALUES ('disease', 'dis_034', 'damnit_neoplastic');
INSERT INTO entity_tags (entity_type, entity_id, tag_id) VALUES ('disease', 'dis_034', 'em_yellow');
INSERT INTO entity_tags (entity_type, entity_id, tag_id) VALUES ('disease', 'dis_034', 'mech_neoplastic');
INSERT INTO entity_tags (entity_type, entity_id, tag_id) VALUES ('disease', 'dis_034', 'species_cat');
INSERT INTO entity_tags (entity_type, entity_id, tag_id) VALUES ('disease', 'dis_034', 'species_dog');
INSERT INTO entity_tags (entity_type, entity_id, tag_id) VALUES ('disease', 'dis_035', 'body_musculoskeletal');
INSERT INTO entity_tags (entity_type, entity_id, tag_id) VALUES ('disease', 'dis_035', 'em_green');
INSERT INTO entity_tags (entity_type, entity_id, tag_id) VALUES ('disease', 'dis_035', 'mech_degenerative');
INSERT INTO entity_tags (entity_type, entity_id, tag_id) VALUES ('disease', 'dis_035', 'species_dog');
INSERT INTO entity_tags (entity_type, entity_id, tag_id) VALUES ('disease', 'dis_036', 'body_cardiovascular');
INSERT INTO entity_tags (entity_type, entity_id, tag_id) VALUES ('disease', 'dis_036', 'damnit_vascular');
INSERT INTO entity_tags (entity_type, entity_id, tag_id) VALUES ('disease', 'dis_036', 'em_yellow');
INSERT INTO entity_tags (entity_type, entity_id, tag_id) VALUES ('disease', 'dis_036', 'mech_vascular');
INSERT INTO entity_tags (entity_type, entity_id, tag_id) VALUES ('disease', 'dis_036', 'species_cat');
INSERT INTO entity_tags (entity_type, entity_id, tag_id) VALUES ('disease', 'dis_036', 'species_dog');
INSERT INTO entity_tags (entity_type, entity_id, tag_id) VALUES ('disease', 'dis_037', 'body_skin');
INSERT INTO entity_tags (entity_type, entity_id, tag_id) VALUES ('disease', 'dis_037', 'em_green');
INSERT INTO entity_tags (entity_type, entity_id, tag_id) VALUES ('disease', 'dis_037', 'mech_inflammation');
INSERT INTO entity_tags (entity_type, entity_id, tag_id) VALUES ('disease', 'dis_037', 'species_dog');
INSERT INTO entity_tags (entity_type, entity_id, tag_id) VALUES ('disease', 'dis_038', 'body_eye_ear');
INSERT INTO entity_tags (entity_type, entity_id, tag_id) VALUES ('disease', 'dis_038', 'em_green');
INSERT INTO entity_tags (entity_type, entity_id, tag_id) VALUES ('disease', 'dis_038', 'species_cat');
INSERT INTO entity_tags (entity_type, entity_id, tag_id) VALUES ('disease', 'dis_038', 'species_dog');
INSERT INTO entity_tags (entity_type, entity_id, tag_id) VALUES ('disease', 'dis_039', 'body_eye_ear');
INSERT INTO entity_tags (entity_type, entity_id, tag_id) VALUES ('disease', 'dis_039', 'em_orange');
INSERT INTO entity_tags (entity_type, entity_id, tag_id) VALUES ('disease', 'dis_039', 'species_cat');
INSERT INTO entity_tags (entity_type, entity_id, tag_id) VALUES ('disease', 'dis_039', 'species_dog');
INSERT INTO entity_tags (entity_type, entity_id, tag_id) VALUES ('disease', 'dis_040', 'body_eye_ear');
INSERT INTO entity_tags (entity_type, entity_id, tag_id) VALUES ('disease', 'dis_040', 'em_yellow');
INSERT INTO entity_tags (entity_type, entity_id, tag_id) VALUES ('disease', 'dis_040', 'species_cat');
INSERT INTO entity_tags (entity_type, entity_id, tag_id) VALUES ('disease', 'dis_040', 'species_dog');
INSERT INTO entity_tags (entity_type, entity_id, tag_id) VALUES ('disease', 'dis_041', 'body_musculoskeletal');
INSERT INTO entity_tags (entity_type, entity_id, tag_id) VALUES ('disease', 'dis_041', 'body_nervous');
INSERT INTO entity_tags (entity_type, entity_id, tag_id) VALUES ('disease', 'dis_041', 'damnit_degenerative');
INSERT INTO entity_tags (entity_type, entity_id, tag_id) VALUES ('disease', 'dis_041', 'em_yellow');
INSERT INTO entity_tags (entity_type, entity_id, tag_id) VALUES ('disease', 'dis_041', 'species_dog');
INSERT INTO entity_tags (entity_type, entity_id, tag_id) VALUES ('disease', 'dis_042', 'body_musculoskeletal');
INSERT INTO entity_tags (entity_type, entity_id, tag_id) VALUES ('disease', 'dis_042', 'damnit_anomalous');
INSERT INTO entity_tags (entity_type, entity_id, tag_id) VALUES ('disease', 'dis_042', 'em_green');
INSERT INTO entity_tags (entity_type, entity_id, tag_id) VALUES ('disease', 'dis_042', 'mech_degenerative');
INSERT INTO entity_tags (entity_type, entity_id, tag_id) VALUES ('disease', 'dis_042', 'species_dog');
INSERT INTO entity_tags (entity_type, entity_id, tag_id) VALUES ('disease', 'dis_043', 'damnit_neoplastic');
INSERT INTO entity_tags (entity_type, entity_id, tag_id) VALUES ('disease', 'dis_043', 'em_yellow');
INSERT INTO entity_tags (entity_type, entity_id, tag_id) VALUES ('disease', 'dis_043', 'mech_neoplastic');
INSERT INTO entity_tags (entity_type, entity_id, tag_id) VALUES ('disease', 'dis_043', 'species_cat');
INSERT INTO entity_tags (entity_type, entity_id, tag_id) VALUES ('disease', 'dis_043', 'species_dog');
INSERT INTO entity_tags (entity_type, entity_id, tag_id) VALUES ('disease', 'dis_044', 'body_cardiovascular');
INSERT INTO entity_tags (entity_type, entity_id, tag_id) VALUES ('disease', 'dis_044', 'damnit_neoplastic');
INSERT INTO entity_tags (entity_type, entity_id, tag_id) VALUES ('disease', 'dis_044', 'em_red');
INSERT INTO entity_tags (entity_type, entity_id, tag_id) VALUES ('disease', 'dis_044', 'mech_neoplastic');
INSERT INTO entity_tags (entity_type, entity_id, tag_id) VALUES ('disease', 'dis_044', 'species_dog');
INSERT INTO entity_tags (entity_type, entity_id, tag_id) VALUES ('disease', 'dis_045', 'body_skin');
INSERT INTO entity_tags (entity_type, entity_id, tag_id) VALUES ('disease', 'dis_045', 'em_green');
INSERT INTO entity_tags (entity_type, entity_id, tag_id) VALUES ('disease', 'dis_045', 'mech_inflammation');
INSERT INTO entity_tags (entity_type, entity_id, tag_id) VALUES ('disease', 'dis_045', 'species_dog');
INSERT INTO entity_tags (entity_type, entity_id, tag_id) VALUES ('disease', 'dis_046', 'damnit_infectious');
INSERT INTO entity_tags (entity_type, entity_id, tag_id) VALUES ('disease', 'dis_046', 'em_orange');
INSERT INTO entity_tags (entity_type, entity_id, tag_id) VALUES ('disease', 'dis_046', 'mech_infectious');
INSERT INTO entity_tags (entity_type, entity_id, tag_id) VALUES ('disease', 'dis_046', 'species_cat');
INSERT INTO entity_tags (entity_type, entity_id, tag_id) VALUES ('disease', 'dis_046', 'species_dog');
INSERT INTO entity_tags (entity_type, entity_id, tag_id) VALUES ('disease', 'dis_047', 'body_digestive');
INSERT INTO entity_tags (entity_type, entity_id, tag_id) VALUES ('disease', 'dis_047', 'em_orange');
INSERT INTO entity_tags (entity_type, entity_id, tag_id) VALUES ('disease', 'dis_047', 'mech_inflammation');
INSERT INTO entity_tags (entity_type, entity_id, tag_id) VALUES ('disease', 'dis_047', 'species_cat');
INSERT INTO entity_tags (entity_type, entity_id, tag_id) VALUES ('disease', 'dis_048', 'body_immune');
INSERT INTO entity_tags (entity_type, entity_id, tag_id) VALUES ('disease', 'dis_048', 'damnit_anomalous');
INSERT INTO entity_tags (entity_type, entity_id, tag_id) VALUES ('disease', 'dis_048', 'em_orange');
INSERT INTO entity_tags (entity_type, entity_id, tag_id) VALUES ('disease', 'dis_048', 'mech_immune_mediated');
INSERT INTO entity_tags (entity_type, entity_id, tag_id) VALUES ('disease', 'dis_048', 'species_dog');
INSERT INTO entity_tags (entity_type, entity_id, tag_id) VALUES ('disease', 'dis_049', 'damnit_infectious');
INSERT INTO entity_tags (entity_type, entity_id, tag_id) VALUES ('disease', 'dis_049', 'em_green');
INSERT INTO entity_tags (entity_type, entity_id, tag_id) VALUES ('disease', 'dis_049', 'mech_infectious');
INSERT INTO entity_tags (entity_type, entity_id, tag_id) VALUES ('disease', 'dis_049', 'species_dog');
INSERT INTO entity_tags (entity_type, entity_id, tag_id) VALUES ('disease', 'dis_050', 'body_reproductive');
INSERT INTO entity_tags (entity_type, entity_id, tag_id) VALUES ('disease', 'dis_050', 'em_yellow');
INSERT INTO entity_tags (entity_type, entity_id, tag_id) VALUES ('disease', 'dis_050', 'mech_infectious');
INSERT INTO entity_tags (entity_type, entity_id, tag_id) VALUES ('disease', 'dis_050', 'mech_inflammation');
INSERT INTO entity_tags (entity_type, entity_id, tag_id) VALUES ('disease', 'dis_050', 'species_cat');

-- ===== 症状 (45种) =====
INSERT INTO symptoms (id, name_zh, name_en, definition, species_notes, physiological_basis) VALUES ('sym_001', '咳嗽', 'Cough', '呼吸道受到刺激时产生的保护性反射动作，特征为突然的呼气性爆发声', '{"犬": "区分干咳(气管/支气管)和湿咳(肺实质)", "猫": "需与吐毛球鉴别"}', '咳嗽是呼吸道保护性反射，由气道黏膜下的机械感受器和化学感受器（C纤维和快适应感受器）受到刺激后，经迷走神经传入延髓咳嗽中枢，触发协调的呼气肌强烈收缩。炎症介质（组胺、前列腺素、缓激肽）降低感受器阈值，导致咳嗽反射敏感性升高。慢性咳嗽还与气道重塑和咳嗽中枢可塑性改变有关。');
INSERT INTO symptoms (id, name_zh, name_en, definition, species_notes, physiological_basis) VALUES ('sym_002', '呼吸困难', 'Dyspnea', '呼吸做功增加的表现，包括张口呼吸、腹式呼吸、头颈伸展', '{"犬": "静息张口呼吸为急症信号", "猫": "张口呼吸在猫几乎总是急症"}', '呼吸困难是呼吸做功增加的代偿表现，源于肺顺应性下降、气道阻力增加或肺泡换气功能障碍。当PaO2降低或PaCO2升高时，颈动脉体和主动脉体化学感受器激活呼吸中枢，增加呼吸驱动。同时肺间质水肿或塌陷使肺顺应性降低，需更大的胸腔负压才能维持潮气量，表现为辅助呼吸肌参与、腹式呼吸和张口呼吸。');
INSERT INTO symptoms (id, name_zh, name_en, definition, species_notes, physiological_basis) VALUES ('sym_003', '呼吸急促', 'Tachypnea', '呼吸频率异常增快。犬>30次/分，猫>40次/分为异常', NULL, '呼吸急促是机体对低氧血症或代谢性酸中毒的代偿反应。外周化学感受器感知PaO2下降，中枢化学感受器感知pH降低和PaCO2升高，共同兴奋延髓呼吸中枢使呼吸频率增快。肺实质病变时肺牵张反射和J感受器激活也促进呼吸加快，以增加每分钟通气量、改善氧合和排出CO2。');
INSERT INTO symptoms (id, name_zh, name_en, definition, species_notes, physiological_basis) VALUES ('sym_004', '鼻液', 'Nasal Discharge', '鼻腔分泌物的异常增多，可分为浆液性、黏液性、脓性或血性', NULL, '鼻液增多源于鼻腔黏膜的炎症反应和分泌功能亢进。炎性介质（组胺、白三烯、前列腺素）导致血管通透性增加和浆液分泌增多，同时杯状细胞增生和化生使黏液分泌增加。感染时中性粒细胞浸润产生脓性分泌物，血管损伤则导致血性鼻液。鼻液中成分随病因不同而异，反映不同阶段的炎症过程。');
INSERT INTO symptoms (id, name_zh, name_en, definition, species_notes, physiological_basis) VALUES ('sym_005', '呕吐', 'Vomiting', '胃内容物经口腔强力排出的复杂反射动作。需与反流鉴别', NULL, '呕吐是由延髓呕吐中枢整合的复杂反射动作。呕吐中枢接收来自胃肠道迷走神经传入信号、化学触发带（CTZ）的血液毒素檢測、前庭系统和大脑皮层的输入。5-HT3、D2、NK1和M1受体在此过程中起关键作用。呕吐中枢激活后通过传出神经协调膈肌、腹肌和胃的逆蠕动，将胃内容物经口腔强力排出。');
INSERT INTO symptoms (id, name_zh, name_en, definition, species_notes, physiological_basis) VALUES ('sym_006', '腹泻', 'Diarrhea', '粪便含水量增加、排便频率增加或排便量增加', NULL, '腹泻的病理生理包括分泌性、渗透性、渗出性和动力性四大机制。分泌性腹泻由肠毒素或炎性介质激活肠上皮细胞的氯离子通道（如CFTR），主动分泌电解质和水分。渗透性腹泻源于未吸收的溶质（如双糖酶缺乏）产生渗透梯度。渗出性腹泻由黏膜损伤导致血浆蛋白和血液渗出。肠道炎症还通过前列腺素增加肠蠕动。');
INSERT INTO symptoms (id, name_zh, name_en, definition, species_notes, physiological_basis) VALUES ('sym_007', '腹痛', 'Abdominal Pain', '腹部不适或疼痛，可表现为弓背、回避触诊、祈祷姿势', '{"犬": "祈祷姿势高度提示胰腺炎", "猫": "表现隐蔽，可能仅表现为躲藏"}', '腹痛源于腹腔内脏壁层腹膜和肠系膜的痛觉感受器激活。炎症介质（缓激肽、前列腺素、P物质、5-HT）直接刺激伤害性感受器并降低其阈值（外周敏化）。肠管扩张和痉挛通过牵张感受器产生痛觉。持续的疼痛信号传入还可导致脊髓背角神经元中枢敏化，放大疼痛感知。不同病因激活的感受器类型和传导通路各异。');
INSERT INTO symptoms (id, name_zh, name_en, definition, species_notes, physiological_basis) VALUES ('sym_008', '厌食', 'Anorexia', '食欲完全丧失，是许多疾病的非特异性但重要体征', NULL, '厌食由食欲调节中枢功能抑制引起。下丘脑弓状核的AgRP/NPY神经元和POMC神经元构成食欲调控中枢，受外周信号调控。炎症状态下，促炎细胞因子（IL-1β、IL-6、TNF-α）直接作用于下丘脑，抑制促食欲的NPY/AgRP神经元、激活抑食欲的POMC神经元。此外，肝性脑病、尿毒症毒素和发热等也可通过中枢抑制机制降低食欲。');
INSERT INTO symptoms (id, name_zh, name_en, definition, species_notes, physiological_basis) VALUES ('sym_009', '体重下降', 'Weight Loss', '非意愿性体重减轻，超过体重10%为临床显著', NULL, '体重下降反映机体能量代谢负平衡，源于摄入减少、吸收障碍、消耗增加或丢失过多。分解代谢状态下，炎性细胞因子和应激激素（皮质醇、儿茶酚胺）上调泛素-蛋白酶体通路，促进肌肉蛋白水解。同时脂肪分解增加、脂肪生成减少。甲亢等高代谢状态增加基础代谢率。恶性肿瘤还通过分泌促恶液质因子（如PIF）加速体重丢失。');
INSERT INTO symptoms (id, name_zh, name_en, definition, species_notes, physiological_basis) VALUES ('sym_010', '黄疸', 'Icterus', '胆红素沉积导致皮肤、黏膜和巩膜黄染', NULL, '黄疸由胆红素代谢障碍引起，分为溶血性（肝前性）、肝细胞性（肝性）和胆汁淤积性（肝后性）。溶血时红细胞大量破坏，未结合胆红素生成超过肝脏结合能力。肝细胞损伤使胆红素的摄取、结合和排泄功能受损。胆汁淤积时结合胆红素反流入血。血中胆红素升高后与弹性蛋白丰富的组织（巩膜、皮肤）结合产生黄染。');
INSERT INTO symptoms (id, name_zh, name_en, definition, species_notes, physiological_basis) VALUES ('sym_011', '多饮多尿', 'PU/PD', '饮水量和/或尿量异常增多。犬>45ml/kg/day为多饮', '{"犬": "鉴别：糖尿病、CKD、库欣", "猫": "鉴别：糖尿病、CKD、甲亢"}', '多饮多尿的核心机制是肾脏浓缩功能受损或渗透性利尿。ADH（抗利尿激素）分泌不足（中枢性尿崩）或肾小管对ADH反应性下降（肾性尿崩）使集合管水通道蛋白（AQP2）表达减少，水分重吸收障碍。糖尿病时高血糖超过肾糖阈产生渗透性利尿。慢性肾病时肾髓质渗透梯度破坏也导致多尿，继而通过渗透压感受器刺激口渴中枢引起多饮。');
INSERT INTO symptoms (id, name_zh, name_en, definition, species_notes, physiological_basis) VALUES ('sym_012', '少尿/无尿', 'Oliguria/Anuria', '尿量显著减少(<1ml/kg/h)或无尿', NULL, '少尿/无尿反映肾小球滤过率（GFR）显著降低。肾前性因素（脱水、休克、心衰）导致有效循环血量减少，肾灌注压降低激活RAAS系统，GFR下降。肾性因素（急性肾小管坏死）时肾小管上皮细胞脱落阻塞管腔，回漏入间质。肾后性因素（尿道梗阻）使逆行压力传导至肾小球。当滤过液生成严重不足（<1ml/kg/h）时为少尿，几近停止时为无尿。');
INSERT INTO symptoms (id, name_zh, name_en, definition, species_notes, physiological_basis) VALUES ('sym_013', '尿频', 'Pollakiuria', '排尿次数增加但每次尿量减少', NULL, '尿频源于膀胱储尿功能受损或膀胱黏膜刺激。膀胱炎时炎性介质（前列腺素、组胺）刺激膀胱黏膜下感受器，降低膀胱感觉阈值，导致低容量即产生排尿反射。膀胱壁纤维化使顺应性下降，有效容量减少。此外，膀胱逼尿肌不稳定或逼尿肌-括约肌协调障碍也可引起频繁的排尿冲动，但每次排出的尿量较少。');
INSERT INTO symptoms (id, name_zh, name_en, definition, species_notes, physiological_basis) VALUES ('sym_014', '血尿', 'Hematuria', '尿液中存在红细胞', NULL, '血尿由泌尿系统任何部位的血管完整性破坏或出血性疾病引起。肾小球肾炎时免疫复合物沉积损伤肾小球基底膜，红细胞经破损处漏出（常伴蛋白尿和异形红细胞）。肾盂肾炎、膀胱炎和尿道炎通过炎症直接破坏黏膜血管。凝血功能障碍或血管炎则通过全身性出血机制引起血尿。血尿的定位可通过红细胞形态和三杯试验初步鉴别。');
INSERT INTO symptoms (id, name_zh, name_en, definition, species_notes, physiological_basis) VALUES ('sym_015', '腹水', 'Ascites', '腹腔内液体积聚，可由右心衰、低白蛋白血症、肿瘤等引起', NULL, '腹水的形成涉及门脉高压、低白蛋白血症和钠水潴留三大机制。门脉高压（肝硬化、右心衰）使内脏毛细血管静水压升高，驱动液体渗入腹腔。低白蛋白血症降低血浆胶体渗透压，进一步促进液体外渗。有效循环血量减少激活RAAS系统和ADH分泌，导致肾脏钠水潴留，加重腹水。腹膜肿瘤或炎症还通过增加毛细血管通透性和淋巴回流障碍促进积液。');
INSERT INTO symptoms (id, name_zh, name_en, definition, species_notes, physiological_basis) VALUES ('sym_016', '晕厥', 'Syncope', '短暂性脑血流不足导致的意识丧失', NULL, '晕厥是短暂性全脑灌注不足导致的突发性意识丧失。心源性晕厥由心律失常（心动过缓、室速/室颤）或流出道梗阻致心输出量骤降。血管迷走性迷走神经过度激活引起心动过缓和血管扩张。体位性低血压源于压力感受器反射障碍或血容量不足。脑血流中断6-8秒即可导致晕厥，脑灌注恢复后意识即可恢复，这是与癫痫的重要区别。');
INSERT INTO symptoms (id, name_zh, name_en, definition, species_notes, physiological_basis) VALUES ('sym_017', '运动不耐受', 'Exercise Intolerance', '运动能力下降，轻微活动即出现疲劳或呼吸困难', NULL, '运动不耐受的核心病理生理是运动时心输出量无法满足外周组织的氧需求。心血管原因包括限制性/阻塞性心脏病导致每搏输出量受限、瓣膜反流使有效前向血流减少、心律失常致心搏出量下降。呼吸系统原因（肺炎、胸腔积液）使氧合不足。hemoglobin减少（贫血）降低氧输送能力。这些因素均导致运动时过早出现组织缺氧和乳酸堆积。');
INSERT INTO symptoms (id, name_zh, name_en, definition, species_notes, physiological_basis) VALUES ('sym_018', '发热', 'Fever', '体温升高超过正常范围。犬>39.2C，猫>39.4C为发热', NULL, '发热是致热原作用于体温调节中枢使体温调定点上移的结果。外源性致热原（细菌LPS、病毒）激活免疫细胞释放内源性致热原（IL-1β、IL-6、TNF-α、IFN-γ），这些细胞因子经血脑屏障作用于下丘脑视前区（POAH），通过PGE2合成升高体温调定点。机体通过战栗产热和非战栗产热（棕色脂肪、代谢增加）使体温上升至高与新调定点匹配。');
INSERT INTO symptoms (id, name_zh, name_en, definition, species_notes, physiological_basis) VALUES ('sym_019', '嗜睡', 'Lethargy', '精神状态抑制，活动减少', NULL, '嗜睡反映大脑皮层觉醒维持系统功能抑制。上行网状激活系统（ARAS）是维持觉醒的关键结构，从脑干投射至丘脑和皮层。当ARAS受损、神经递质失衡（去甲肾上腺素、组胺、食欲素减少）或代谢紊乱（肝性脑病、低血糖、尿毒症）时，皮层兴奋性降低。全身炎性反应中促炎细胞因子穿越血脑屏障也抑制中枢觉醒系统，是疾病状态下非特异性嗜睡的重要机制。');
INSERT INTO symptoms (id, name_zh, name_en, definition, species_notes, physiological_basis) VALUES ('sym_020', '脱水', 'Dehydration', '体液丢失超过摄入，可通过皮肤弹性、黏膜干燥度评估', NULL, '脱水是体液丢失超过摄入导致的细胞外液容量不足，可分为等渗性、低渗性和高渗性。等渗性丢失（呕吐、腹泻）使血浆和间质液按比例减少。高渗性脱水（高热、饮水不足）使水分丢失多于电解质，渗透压升高驱动细胞内水分外移。脱水还减少有效循环血量，激活压力感受器反射、RAAS和ADH，通过减少尿量和水钠潴留进行代偿，但严重时可进展为低血容量性休克。');
INSERT INTO symptoms (id, name_zh, name_en, definition, species_notes, physiological_basis) VALUES ('sym_021', '多食', 'Polyphagia', '食欲异常亢进，常见于糖尿病、甲亢(猫)、库欣', '{"猫": "老年猫多食伴体重下降高度怀疑甲亢"}', '多食的病理生理涉及食欲调节中枢的正反馈失衡。胰岛功能异常时，胰岛素绝对或相对不足使葡萄糖不能有效进入细胞利用，细胞能量感知（AMPK通路）激活下丘脑促食欲神经元。甲亢时甲状腺激素T3/T4升高基础代谢率，增加能量消耗，代偿性刺激食欲。库欣综合征的高皮质醇通过促进NPY表达和瘦素抵抗增加食欲。外周信号（ghrelin升高、瘦素抵抗）也持续激活摄食中枢。');
INSERT INTO symptoms (id, name_zh, name_en, definition, species_notes, physiological_basis) VALUES ('sym_022', '流涎', 'Drooling', '唾液过度分泌或吞咽障碍导致的唾液外流', NULL, '流涎可由唾液分泌过多或吞咽障碍引起。唾液分泌受自主神经调控，副交感神经兴奋通过M3受体刺激腮腺和下颌下腺大量分泌稀薄唾液。口腔疾病、毒物（有机磷）和恶心中枢激活均可增加分泌量。吞咽障碍（食道梗阻、巨食道、神经肌肉疾病）使正常分泌的唾液无法下咽而外流。中枢神经系统疾病还可能破坏吞咽反射的协调性，导致唾液在口腔内积聚和外溢。');
INSERT INTO symptoms (id, name_zh, name_en, definition, species_notes, physiological_basis) VALUES ('sym_023', '黏膜苍白', 'Pale Mucous Membranes', '黏膜颜色苍白提示贫血或外周血管收缩(休克)，CRT>2秒为异常', NULL, '黏膜苍白反映毛细血管内血红蛋白含量减少或外周血管收缩。贫血时单位容积红细胞和血红蛋白降低，使黏膜颜色变淡、毛细血管充盈色度下降。休克或低血压早期，交感神经兴奋引起皮肤和黏膜小动脉、前毛细血管括约肌强烈收缩，血液优先供应核心器官，导致外周黏膜苍白。毛细血管再充盈时间（CRT）延长是微床灌注不足的敏感指标，对早期休克识别有重要价值。');
INSERT INTO symptoms (id, name_zh, name_en, definition, species_notes, physiological_basis) VALUES ('sym_024', '后肢瘫痪', 'Paraplegia', '后肢运动功能丧失。在猫需高度警惕动脉血栓(鞍血栓)', '{"猫": "突发后肢瘫痪+皮温低+无脉搏高度怀疑主动脉鞍血栓"}', '后肢瘫痪源于胸腰段脊髓的上运动神经元或下运动神经元通路受损。椎间盘突出、脊髓炎或肿瘤压迫损伤皮质脊髓束和脊髓丘脑束，中断大脑对后肢运动神经元的控制。主动脉鞍血栓栓塞闭塞髂内动脉，导致后肢肌肉和神经的急性缺血性损伤。下运动神经元损伤（神经根或周围神经病变）引起弛缓性瘫痪，上运动神经元损伤引起痉挛性瘫痪伴反射亢进。');
INSERT INTO symptoms (id, name_zh, name_en, definition, species_notes, physiological_basis) VALUES ('sym_025', '瘙痒', 'Pruritus', '引起搔抓、舔舐或摩擦欲望的感觉', '{"犬": "注意分布模式", "猫": "常表现为过度理毛而非搔抓"}', '瘙痒是由皮肤C纤维末梢介导的感觉，与疼痛共享部分通路。组胺通过H1/H4受体激活角质形成细胞和肥大细胞释放的致痒因子，沿无髓C纤维传导至脊髓丘脑束至皮层。在过敏性疾病中，IgE交联致肥大细胞脱颗粒释放组胺和白三CellValue。此外，IL-31、TSLP等细胞因子也直接激活感觉神经元的致痒受体。慢性瘙痒还涉及神经可塑性和中枢敏化机制，使痒阈降低。');
INSERT INTO symptoms (id, name_zh, name_en, definition, species_notes, physiological_basis) VALUES ('sym_026', '癫痫发作', 'Seizure', '大脑神经元异常过度放电导致的突发性临床事件', NULL, '癫痫发作是大脑神经元突发性异常同步过度放电的结果。病理状态下，兴奋性（谷氨酸能）与抑制性（GABA能）神经传递的平衡被打破，NMDA受体过度激活或GABA-A受体功能下降导致去极化扩散。离子通道基因突变（遗传性癫痫）或获得性损伤（肿瘤、炎症、创伤）降低癫痫发作阈值。异常放电可局限于局部（局灶性发作）或泛化至双侧大脑（全面性发作）。');
INSERT INTO symptoms (id, name_zh, name_en, definition, species_notes, physiological_basis) VALUES ('sym_027', '瞳孔散大', 'Mydriasis', '瞳孔异常扩大，对光反射减弱或消失，可见于青光眼、视网膜疾病或神经系统疾病。', NULL, '瞳孔散大（散瞳）由副交感神经对瞳孔括约肌的支配丧失或交感神经对瞳孔开大肌的过度兴奋引起。动眼神经受压（青光眼致颅内压升高、眶内肿瘤）使副交感纤维中断，括约肌松弛。视网膜或视神经严重损伤使光反射的传入通路中断（Marcus-Gunn瞳孔）。交感通路激活（Horner综合征的对侧、阿托品中毒）使开大肌占优势。瞳孔大小反映自主神经平衡和传入通路的完整性。');
INSERT INTO symptoms (id, name_zh, name_en, definition, species_notes, physiological_basis) VALUES ('sym_028', '眼球震颤', 'Nystagmus', '眼球不自主的节律性摆动，可为水平、垂直或旋转性，提示前庭系统或小脑病变。', NULL, '眼球震颤是前庭系统或小脑对眼球运动调控功能异常的表现。前庭迷路或前庭神经损伤导致双侧前庭张力不对称，眼球缓慢向患侧偏斜（慢相），随后脑干快速纠正运动（快相）产生节律性摆动。中枢性病变（脑干、小脑）破坏前庭核与小脑和前庭眼反射通路的连接，产生不规则或垂直性眼震。前庭性眼震方向固定，中枢性眼震方向可随注视方向改变。');
INSERT INTO symptoms (id, name_zh, name_en, definition, species_notes, physiological_basis) VALUES ('sym_029', '共济失调', 'Ataxia', '运动协调障碍，步态不稳，可见于小脑病变、前庭疾病或脊髓压迫。', NULL, '共济失调源于小脑、前庭系统或本体感觉通路的损伤。小脑性共济失调因小脑皮层（协调运动计划）或小脑核受损，导致运动幅度、速率和方向的判断失误，表现为辨距不良和意向性震颤。前庭性共济失调因前庭系统功能障碍导致躯体侧倾和平衡失调。感觉性共济失调（脊髓后索病变）时本体感觉传入中断，动物无法感知肢体位置，表现为高抬足和踏步样步态。');
INSERT INTO symptoms (id, name_zh, name_en, definition, species_notes, physiological_basis) VALUES ('sym_030', '跛行', 'Lameness', '肢体负重异常导致的步态改变，可见于骨折、关节炎、韧带损伤或神经病变。', NULL, '跛行是肢体疼痛或结构异常导致的负重回避反应。骨和关节病变（骨折、关节炎、骨膜炎）激活骨膜和关节囊的伤害性感受器，传入疼痛信号使动物减轻患肢负重。软组织损伤（肌腱炎、韧带撕裂）导致运动时疼痛加剧或结构不稳定。神经根压迫（椎间盘突出）产生放射性疼痛和运动神经元损伤。跛行是疼痛和保护性抑制的结果，有助于鉴别病变部位。');
INSERT INTO symptoms (id, name_zh, name_en, definition, species_notes, physiological_basis) VALUES ('sym_031', '后肢瘫痪', 'Hindlimb Paralysis', '后肢自主运动功能丧失，可见于椎间盘疾病、脊髓损伤或血栓栓塞。', NULL, '后肢瘫痪由胸腰段脊髓的运动传导通路中断引起。椎间盘突出是最常见原因，退变的髓核从腹侧或背侧压迫脊髓，导致上行和下行神经纤维传导阻断。脊髓损伤后局部缺血、水肿和炎症级联反应加重继发性损伤。前动脉综合征使脊髓前2/3缺血，主要影响运动功能。周围神经丛损伤或马尾综合征则影响下运动神经元通路，导致弛缓性瘫痪和反射消失。');
INSERT INTO symptoms (id, name_zh, name_en, definition, species_notes, physiological_basis) VALUES ('sym_032', '皮肤红斑', 'Erythema', '皮肤发红，由局部血管扩张引起，可见于过敏、感染或自身免疫性皮肤病。', NULL, '皮肤红斑由真皮层血管扩张和血流增加引起，是炎症反应的核心表现之一。炎性介质（组胺、前列腺素E2、NO）直接作用于血管平滑肌，使小动脉扩张、局部血流增加（主动性充血）。同时血管通透性增加导致间质水肿。红斑的颜色和分布有助于鉴别病因：感染性红斑常伴发热，过敏性红斑边界不清且发展迅速，自身免疫性红斑多呈特征性分布。');
INSERT INTO symptoms (id, name_zh, name_en, definition, species_notes, physiological_basis) VALUES ('sym_033', '皮肤瘙痒', 'Pruritus', '搔抓欲望，是犬猫皮肤病最常见的症状，主要病因为过敏和寄生虫。', NULL, '皮肤瘙痒由致痒原激活皮肤C类感觉神经末梢引发。IgE介导的I型过敏反应中，过敏原交联肥大细胞表面的IgE-FcεRI复合物，触发脱颗粒释放组胺、蛋白酶和细胞因子。这些介质激活感觉神经元上的H1/H4受体和PAR-2受体。IL-31家族细胞因子是直接致痒的关键分子，与神经元上的IL-31RA受体结合。慢性瘙痒中，反复刺激导致外周和中枢敏化，瘙痒阈值降低并出现痒觉超敏。');
INSERT INTO symptoms (id, name_zh, name_en, definition, species_notes, physiological_basis) VALUES ('sym_034', '脱毛', 'Alopecia', '毛发脱落，可为局灶性或全身性，可见于内分泌疾病、寄生虫或真菌感染。', NULL, '脱毛源于毛囊生长周期异常或毛囊结构破坏。内分泌疾病（甲减、库欣、性激素异常）干扰毛囊从退行期（catagen）到休止期（telogen）的正常转换，导致毛发提前进入休止期并脱落。寄生虫感染和真菌（小孢子菌）直接破坏毛囊结构。自身免疫性毛囊炎（如毛囊扁平苔藓）通过淋巴细胞浸润破坏毛囊干细胞。此外，慢性炎症和纤维化使毛囊永久性萎缩，导致不可逆性脱毛。');
INSERT INTO symptoms (id, name_zh, name_en, definition, species_notes, physiological_basis) VALUES ('sym_035', '黄疸', 'Icterus/Jaundice', '皮肤、黏膜和巩膜黄染，由胆红素升高引起，提示溶血、肝病或胆道梗阻。', NULL, '黄疸由胆红素生成、代谢或排泄障碍引起。溶血时红细胞大量破坏，血红蛋白分解产生的血红素经血红素加氧酶转化为胆绿素，再被还原为未结合胆红素，超过肝脏的结合能力。肝细胞损伤（肝炎、肝硬化）使胆红素的摄取（OATP转运体）、结合（UGT1A1酶）和排泄（MRP2转运体）功能全面受损。胆道梗阻时结合胆红素反流入血，经肾脏排出产生胆红素尿。');
INSERT INTO symptoms (id, name_zh, name_en, definition, species_notes, physiological_basis) VALUES ('sym_036', '腹水', 'Ascites', '腹腔内液体积聚，可见于右心衰、肝病、低蛋白血症或腹膜疾病。', NULL, '腹水形成涉及多种病理生理机制。门脉高压（肝硬化、心衰）使内脏毛细血管流体静压升高，液体渗入腹腔。低白蛋白血症（<15g/L）降低血浆胶体渗透压，Starling力失衡促进液体外渗。有效循环血量不足激活RAAS和交感神经系统，导致肾脏钠水潴留。腹膜炎症或肿瘤还增加毛细血管通透性和阻碍淋巴回流。肝淋巴液生成超过胸导管引流能力也是肝硬化腹水的重要机制。');
INSERT INTO symptoms (id, name_zh, name_en, definition, species_notes, physiological_basis) VALUES ('sym_037', '皮下肿块', 'Subcutaneous Mass', '皮下可触及的肿物，可为脂肪瘤、肥大细胞瘤、囊肿或脓肿。', NULL, '皮下肿块源于皮下组织细胞的异常增殖或炎症反应。良性肿瘤（脂肪瘤）由成熟脂肪细胞在包膜内缓慢增殖形成。恶性肿瘤（肥大细胞瘤、软组织肉瘤）由细胞失控增殖和凋亡逃逸驱动，涉及原癌基因激活和抑癌基因失活。炎症性肿块（脓肿、肉芽肿）是免疫细胞浸润和局部组织修复反应的结果。囊肿由上皮细胞分泌液体在封闭腔隙内积聚形成。肿块的生物学行为取决于细胞来源和分化程度。');
INSERT INTO symptoms (id, name_zh, name_en, definition, species_notes, physiological_basis) VALUES ('sym_038', '角膜混浊', 'Corneal Opacity', '角膜透明度下降，可见于角膜溃疡、青光眼、角膜水肿或角膜营养不良。', NULL, '角膜混浊由角膜正常透明结构的破坏引起。角膜水肿是最常见原因，内皮细胞泵功能失代偿或上皮屏障破坏使水分进入基质层，打乱胶原纤维的规则排列而失去透明性。炎症（角膜炎）时白细胞浸润和新生血管长入使角膜变混。角膜营养不良是遗传性基质或内皮细胞代谢异常导致的进行性混浊。瘢痕形成时胶原纤维无序修复替代正常基质结构，造成永久性混浊。');
INSERT INTO symptoms (id, name_zh, name_en, definition, species_notes, physiological_basis) VALUES ('sym_039', '眼部分泌物增多', 'Ocular Discharge', '眼部分泌物增加，可为浆液性、黏液性或脓性，提示结膜炎、角膜溃疡或泪道阻塞。', NULL, '眼部分泌物增多是结膜或角膜炎症反应的表现。炎性介质刺激结膜杯状细胞和副泪腺分泌增加，同时血管通透性增高使血浆成分渗出。细菌感染时中性粒细胞浸润形成脓性分泌物。泪道阻塞（鼻泪管狭窄或闭锁）使正常泪液引流受阻而溢出。角膜溃疡刺激三叉神经眼支，反射性增加泪液分泌。分泌物的性状（浆液性、黏液性、脓性）有助于判断炎症类型和严重程度。');
INSERT INTO symptoms (id, name_zh, name_en, definition, species_notes, physiological_basis) VALUES ('sym_040', '流涎', 'Ptyalism/Salivation', '唾液分泌过多或吞咽困难导致唾液外流，可见于口腔疾病、中毒或恶心。', NULL, '流涎由唾液分泌量超过吞咽清除能力引起。副交感神经（面神经和舌咽神经）通过乙酰胆碱作用于腺体M3受体，刺激大量稀薄唾液分泌。口腔疼痛（口腔炎、舌损伤、异物）使动物因疼痛而减少吞咽。恶心中枢激活通过迷走神经反射增加唾液分泌，是呕吐前兆。有机磷中毒抑制胆碱酯酶，导致乙酰胆碱蓄积、持续刺激唾液腺。巨食道和神经性吞咽障碍使唾液在口腔内积聚外溢。');
INSERT INTO symptoms (id, name_zh, name_en, definition, species_notes, physiological_basis) VALUES ('sym_041', '里急后重', 'Tenesmus', '排便困难或频繁尝试排便但排出量少，可见于结肠炎、便秘或直肠肿物。', NULL, '里急后重由直肠或肛门区域的炎症和感觉过敏引起。结肠炎和直肠炎时，炎性介质（前列腺素、白三烯、5-HT）刺激直肠壁内机械感受器和伤害性感受器，持续产生排便冲动。直肠黏膜水肿和溃疡使直肠顺应性下降，少量粪便或黏液即可触发排便反射。肛门腺炎和直肠肿物通过局部压迫和炎症刺激产生类似效应。频繁的排便尝试导致直肠黏膜进一步损伤，形成恶性循环。');
INSERT INTO symptoms (id, name_zh, name_en, definition, species_notes, physiological_basis) VALUES ('sym_042', '血便', 'Hematochezia/Melena', '粪便中带血，鲜红色为下消化道出血（hematochezia），黑色为上消化道出血（melena）。', NULL, '血便反映消化道出血，出血部位决定粪便性状。上消化道出血（胃、十二指肠）时血液经胃酸作用，血红蛋白转化为酸性血红素，形成黑色柏油样便（melena）。下消化道出血（结肠、直肠）时血液未经消化，呈鲜红色（hematachezia）。炎症性肠病、寄生虫感染和肿瘤侵蚀肠黏膜血管。凝血功能障碍（灭鼠药中毒、DIC）可导致全消化道弥漫性出血。出血量和速度决定临床表现的严重程度。');
INSERT INTO symptoms (id, name_zh, name_en, definition, species_notes, physiological_basis) VALUES ('sym_043', '多饮多尿', 'PU/PD', '多饮（polydipsia）和多尿（polyuria）是多种内科疾病的非特异性症状，常见于肾病、糖尿病、库欣等。', NULL, '多饮多尿的核心是肾脏尿液浓缩功能障碍。ADH由下丘脑视上核和室旁核合成，经神经垂体释放入血，作用于肾集合管V2受体，通过cAMP-PKA通路促进AQP2水通道蛋白插入顶膜，增加水重吸收。ADH缺乏（中枢性尿崩）或肾小管对ADH抵抗（肾性尿崩）导致大量稀释尿排出。高血糖（糖尿病）超过肾糖阈产生渗透性利尿。慢性肾病时残余肾单位代偿性高滤过和髓质渗透梯度丧失也导致多尿。');
INSERT INTO symptoms (id, name_zh, name_en, definition, species_notes, physiological_basis) VALUES ('sym_044', '抽搐', 'Seizures', '肌肉不自主强直或阵挛性收缩，可见于癫痫、中毒、代谢性脑病或颅内占位。', NULL, '抽搐是运动皮层或皮层下结构异常放电引起的肌肉不自主收缩。癫痫源于大脑神经元兴奋-抑制失衡，谷氨酸能兴奋传递增强或GABA能抑制传递减弱导致异常放电扩散。代谢性原因（低血糖、低钙血症、肝性脑病）改变神经元膜电位和神经递质平衡。毒素（有机磷、士的宁）直接干扰离子通道或神经递质代谢。颅内占位和炎症破坏局部神经元网络稳定性，降低发作阈值。');
INSERT INTO symptoms (id, name_zh, name_en, definition, species_notes, physiological_basis) VALUES ('sym_045', '前肢伸展/角弓反张', 'Opisthotonos', '头颈后仰、四肢强直伸展，提示严重脑膜脑炎或破伤风。', NULL, '角弓反张是全身伸肌张力极度增高的表现，源于脑干网状结构抑制通路受损。破伤风毒素（破伤风梭菌产生）经轴突逆行转运至中枢，不可逆地阻断抑制性中间神经元（Renshaw细胞）的甘氨酸和GABA释放，使运动神经元持续兴奋。脑膜脑炎时炎症直接损伤脑干网状结构，破坏对肌张力的下行抑制控制。这种去抑制状态导致全身伸肌和屈肌同时强直收缩，以伸肌优势表现为角弓反张姿态。');

-- ===== 症状-标签关联 =====
INSERT INTO entity_tags (entity_type, entity_id, tag_id) VALUES ('symptom', 'sym_001', 'body_respiratory');
INSERT INTO entity_tags (entity_type, entity_id, tag_id) VALUES ('symptom', 'sym_001', 'mech_inflammation');
INSERT INTO entity_tags (entity_type, entity_id, tag_id) VALUES ('symptom', 'sym_002', 'body_respiratory');
INSERT INTO entity_tags (entity_type, entity_id, tag_id) VALUES ('symptom', 'sym_002', 'mech_inflammation');
INSERT INTO entity_tags (entity_type, entity_id, tag_id) VALUES ('symptom', 'sym_003', 'body_respiratory');
INSERT INTO entity_tags (entity_type, entity_id, tag_id) VALUES ('symptom', 'sym_003', 'mech_inflammation');
INSERT INTO entity_tags (entity_type, entity_id, tag_id) VALUES ('symptom', 'sym_004', 'body_respiratory');
INSERT INTO entity_tags (entity_type, entity_id, tag_id) VALUES ('symptom', 'sym_005', 'body_digestive');
INSERT INTO entity_tags (entity_type, entity_id, tag_id) VALUES ('symptom', 'sym_005', 'mech_inflammation');
INSERT INTO entity_tags (entity_type, entity_id, tag_id) VALUES ('symptom', 'sym_006', 'body_digestive');
INSERT INTO entity_tags (entity_type, entity_id, tag_id) VALUES ('symptom', 'sym_006', 'mech_inflammation');
INSERT INTO entity_tags (entity_type, entity_id, tag_id) VALUES ('symptom', 'sym_007', 'body_digestive');
INSERT INTO entity_tags (entity_type, entity_id, tag_id) VALUES ('symptom', 'sym_007', 'mech_inflammation');
INSERT INTO entity_tags (entity_type, entity_id, tag_id) VALUES ('symptom', 'sym_008', 'body_digestive');
INSERT INTO entity_tags (entity_type, entity_id, tag_id) VALUES ('symptom', 'sym_009', 'mech_metabolic');
INSERT INTO entity_tags (entity_type, entity_id, tag_id) VALUES ('symptom', 'sym_010', 'mech_metabolic');
INSERT INTO entity_tags (entity_type, entity_id, tag_id) VALUES ('symptom', 'sym_011', 'body_urinary');
INSERT INTO entity_tags (entity_type, entity_id, tag_id) VALUES ('symptom', 'sym_012', 'body_urinary');
INSERT INTO entity_tags (entity_type, entity_id, tag_id) VALUES ('symptom', 'sym_013', 'body_urinary');
INSERT INTO entity_tags (entity_type, entity_id, tag_id) VALUES ('symptom', 'sym_014', 'body_urinary');
INSERT INTO entity_tags (entity_type, entity_id, tag_id) VALUES ('symptom', 'sym_015', 'body_cardiovascular');
INSERT INTO entity_tags (entity_type, entity_id, tag_id) VALUES ('symptom', 'sym_015', 'mech_vascular');
INSERT INTO entity_tags (entity_type, entity_id, tag_id) VALUES ('symptom', 'sym_016', 'body_cardiovascular');
INSERT INTO entity_tags (entity_type, entity_id, tag_id) VALUES ('symptom', 'sym_017', 'body_cardiovascular');
INSERT INTO entity_tags (entity_type, entity_id, tag_id) VALUES ('symptom', 'sym_018', 'mech_infectious');
INSERT INTO entity_tags (entity_type, entity_id, tag_id) VALUES ('symptom', 'sym_018', 'mech_inflammation');
INSERT INTO entity_tags (entity_type, entity_id, tag_id) VALUES ('symptom', 'sym_018', 'mech_metabolic');
INSERT INTO entity_tags (entity_type, entity_id, tag_id) VALUES ('symptom', 'sym_019', 'mech_metabolic');
INSERT INTO entity_tags (entity_type, entity_id, tag_id) VALUES ('symptom', 'sym_020', 'mech_metabolic');
INSERT INTO entity_tags (entity_type, entity_id, tag_id) VALUES ('symptom', 'sym_021', 'body_digestive');
INSERT INTO entity_tags (entity_type, entity_id, tag_id) VALUES ('symptom', 'sym_021', 'mech_metabolic');
INSERT INTO entity_tags (entity_type, entity_id, tag_id) VALUES ('symptom', 'sym_022', 'body_digestive');
INSERT INTO entity_tags (entity_type, entity_id, tag_id) VALUES ('symptom', 'sym_023', 'mech_metabolic');
INSERT INTO entity_tags (entity_type, entity_id, tag_id) VALUES ('symptom', 'sym_023', 'mech_vascular');
INSERT INTO entity_tags (entity_type, entity_id, tag_id) VALUES ('symptom', 'sym_024', 'body_nervous');
INSERT INTO entity_tags (entity_type, entity_id, tag_id) VALUES ('symptom', 'sym_025', 'body_skin');
INSERT INTO entity_tags (entity_type, entity_id, tag_id) VALUES ('symptom', 'sym_025', 'mech_inflammation');
INSERT INTO entity_tags (entity_type, entity_id, tag_id) VALUES ('symptom', 'sym_026', 'body_nervous');
INSERT INTO entity_tags (entity_type, entity_id, tag_id) VALUES ('symptom', 'sym_026', 'mech_pain');
INSERT INTO entity_tags (entity_type, entity_id, tag_id) VALUES ('symptom', 'sym_027', 'body_nervous');
INSERT INTO entity_tags (entity_type, entity_id, tag_id) VALUES ('symptom', 'sym_028', 'body_nervous');
INSERT INTO entity_tags (entity_type, entity_id, tag_id) VALUES ('symptom', 'sym_028', 'mech_pain');
INSERT INTO entity_tags (entity_type, entity_id, tag_id) VALUES ('symptom', 'sym_029', 'body_nervous');
INSERT INTO entity_tags (entity_type, entity_id, tag_id) VALUES ('symptom', 'sym_029', 'mech_pain');
INSERT INTO entity_tags (entity_type, entity_id, tag_id) VALUES ('symptom', 'sym_030', 'body_musculoskeletal');
INSERT INTO entity_tags (entity_type, entity_id, tag_id) VALUES ('symptom', 'sym_031', 'body_nervous');
INSERT INTO entity_tags (entity_type, entity_id, tag_id) VALUES ('symptom', 'sym_032', 'body_skin');
INSERT INTO entity_tags (entity_type, entity_id, tag_id) VALUES ('symptom', 'sym_032', 'mech_inflammation');
INSERT INTO entity_tags (entity_type, entity_id, tag_id) VALUES ('symptom', 'sym_033', 'body_skin');
INSERT INTO entity_tags (entity_type, entity_id, tag_id) VALUES ('symptom', 'sym_033', 'mech_inflammation');
INSERT INTO entity_tags (entity_type, entity_id, tag_id) VALUES ('symptom', 'sym_034', 'body_skin');
INSERT INTO entity_tags (entity_type, entity_id, tag_id) VALUES ('symptom', 'sym_035', 'mech_metabolic');
INSERT INTO entity_tags (entity_type, entity_id, tag_id) VALUES ('symptom', 'sym_036', 'body_cardiovascular');
INSERT INTO entity_tags (entity_type, entity_id, tag_id) VALUES ('symptom', 'sym_036', 'mech_vascular');
INSERT INTO entity_tags (entity_type, entity_id, tag_id) VALUES ('symptom', 'sym_037', 'body_skin');
INSERT INTO entity_tags (entity_type, entity_id, tag_id) VALUES ('symptom', 'sym_037', 'mech_neoplastic');
INSERT INTO entity_tags (entity_type, entity_id, tag_id) VALUES ('symptom', 'sym_038', 'body_eye_ear');
INSERT INTO entity_tags (entity_type, entity_id, tag_id) VALUES ('symptom', 'sym_039', 'body_eye_ear');
INSERT INTO entity_tags (entity_type, entity_id, tag_id) VALUES ('symptom', 'sym_040', 'body_digestive');
INSERT INTO entity_tags (entity_type, entity_id, tag_id) VALUES ('symptom', 'sym_041', 'body_digestive');
INSERT INTO entity_tags (entity_type, entity_id, tag_id) VALUES ('symptom', 'sym_041', 'mech_inflammation');
INSERT INTO entity_tags (entity_type, entity_id, tag_id) VALUES ('symptom', 'sym_042', 'body_digestive');
INSERT INTO entity_tags (entity_type, entity_id, tag_id) VALUES ('symptom', 'sym_042', 'mech_inflammation');
INSERT INTO entity_tags (entity_type, entity_id, tag_id) VALUES ('symptom', 'sym_043', 'body_urinary');
INSERT INTO entity_tags (entity_type, entity_id, tag_id) VALUES ('symptom', 'sym_044', 'body_nervous');
INSERT INTO entity_tags (entity_type, entity_id, tag_id) VALUES ('symptom', 'sym_044', 'mech_pain');
INSERT INTO entity_tags (entity_type, entity_id, tag_id) VALUES ('symptom', 'sym_045', 'body_musculoskeletal');
INSERT INTO entity_tags (entity_type, entity_id, tag_id) VALUES ('symptom', 'sym_045', 'body_nervous');
INSERT INTO entity_tags (entity_type, entity_id, tag_id) VALUES ('symptom', 'sym_045', 'mech_pain');

-- ===== 疾病-症状关联 =====
INSERT INTO disease_symptom (disease_id,symptom_id,frequency,stage) VALUES ('dis_001', 'sym_001', 'common', '全程');
INSERT INTO disease_symptom (disease_id,symptom_id,frequency,stage) VALUES ('dis_001', 'sym_002', 'common', '进展');
INSERT INTO disease_symptom (disease_id,symptom_id,frequency,stage) VALUES ('dis_001', 'sym_003', 'common', '全程');
INSERT INTO disease_symptom (disease_id,symptom_id,frequency,stage) VALUES ('dis_001', 'sym_018', 'common', '全程');
INSERT INTO disease_symptom (disease_id,symptom_id,frequency,stage) VALUES ('dis_001', 'sym_019', 'common', '全程');
INSERT INTO disease_symptom (disease_id,symptom_id,frequency,stage) VALUES ('dis_002', 'sym_001', 'common', '全程');
INSERT INTO disease_symptom (disease_id,symptom_id,frequency,stage) VALUES ('dis_002', 'sym_002', 'common', '进展');
INSERT INTO disease_symptom (disease_id,symptom_id,frequency,stage) VALUES ('dis_002', 'sym_003', 'common', '全程');
INSERT INTO disease_symptom (disease_id,symptom_id,frequency,stage) VALUES ('dis_002', 'sym_015', 'uncommon', '晚期');
INSERT INTO disease_symptom (disease_id,symptom_id,frequency,stage) VALUES ('dis_002', 'sym_016', 'uncommon', '进展');
INSERT INTO disease_symptom (disease_id,symptom_id,frequency,stage) VALUES ('dis_002', 'sym_017', 'common', '全程');
INSERT INTO disease_symptom (disease_id,symptom_id,frequency,stage) VALUES ('dis_002', 'sym_019', 'common', '全程');
INSERT INTO disease_symptom (disease_id,symptom_id,frequency,stage) VALUES ('dis_003', 'sym_001', 'common', '全程');
INSERT INTO disease_symptom (disease_id,symptom_id,frequency,stage) VALUES ('dis_003', 'sym_002', 'common', '发作');
INSERT INTO disease_symptom (disease_id,symptom_id,frequency,stage) VALUES ('dis_003', 'sym_003', 'common', '发作');
INSERT INTO disease_symptom (disease_id,symptom_id,frequency,stage,is_pathognomonic) VALUES ('dis_004', 'sym_001', 'common', '全程', 1);
INSERT INTO disease_symptom (disease_id,symptom_id,frequency,stage) VALUES ('dis_004', 'sym_002', 'uncommon', '进展');
INSERT INTO disease_symptom (disease_id,symptom_id,frequency,stage) VALUES ('dis_004', 'sym_017', 'common', '全程');
INSERT INTO disease_symptom (disease_id,symptom_id,frequency,stage) VALUES ('dis_005', 'sym_008', 'common', '全程');
INSERT INTO disease_symptom (disease_id,symptom_id,frequency,stage) VALUES ('dis_005', 'sym_005', 'common', '全程');
INSERT INTO disease_symptom (disease_id,symptom_id,frequency,stage) VALUES ('dis_005', 'sym_012', 'common', '少尿期');
INSERT INTO disease_symptom (disease_id,symptom_id,frequency,stage) VALUES ('dis_005', 'sym_019', 'common', '全程');
INSERT INTO disease_symptom (disease_id,symptom_id,frequency,stage) VALUES ('dis_005', 'sym_020', 'common', '全程');
INSERT INTO disease_symptom (disease_id,symptom_id,frequency,stage) VALUES ('dis_006', 'sym_011', 'common', '全程');
INSERT INTO disease_symptom (disease_id,symptom_id,frequency,stage) VALUES ('dis_006', 'sym_009', 'common', '进展');
INSERT INTO disease_symptom (disease_id,symptom_id,frequency,stage) VALUES ('dis_006', 'sym_008', 'common', '进展');
INSERT INTO disease_symptom (disease_id,symptom_id,frequency,stage) VALUES ('dis_006', 'sym_005', 'uncommon', '进展');
INSERT INTO disease_symptom (disease_id,symptom_id,frequency,stage) VALUES ('dis_006', 'sym_019', 'common', '全程');
INSERT INTO disease_symptom (disease_id,symptom_id,frequency,stage) VALUES ('dis_006', 'sym_020', 'common', '全程');
INSERT INTO disease_symptom (disease_id,symptom_id,frequency,stage) VALUES ('dis_007', 'sym_013', 'common', '全程');
INSERT INTO disease_symptom (disease_id,symptom_id,frequency,stage) VALUES ('dis_007', 'sym_014', 'common', '全程');
INSERT INTO disease_symptom (disease_id,symptom_id,frequency,stage) VALUES ('dis_008', 'sym_013', 'common', '全程');
INSERT INTO disease_symptom (disease_id,symptom_id,frequency,stage) VALUES ('dis_008', 'sym_014', 'common', '全程');
INSERT INTO disease_symptom (disease_id,symptom_id,frequency,stage) VALUES ('dis_008', 'sym_005', 'uncommon', '全程');
INSERT INTO disease_symptom (disease_id,symptom_id,frequency,stage) VALUES ('dis_009', 'sym_005', 'common', '全程');
INSERT INTO disease_symptom (disease_id,symptom_id,frequency,stage,is_pathognomonic) VALUES ('dis_009', 'sym_007', 'common', '全程', 1);
INSERT INTO disease_symptom (disease_id,symptom_id,frequency,stage) VALUES ('dis_009', 'sym_008', 'common', '全程');
INSERT INTO disease_symptom (disease_id,symptom_id,frequency,stage) VALUES ('dis_009', 'sym_006', 'uncommon', '全程');
INSERT INTO disease_symptom (disease_id,symptom_id,frequency,stage) VALUES ('dis_009', 'sym_019', 'common', '全程');
INSERT INTO disease_symptom (disease_id,symptom_id,frequency,stage) VALUES ('dis_009', 'sym_020', 'common', '全程');
INSERT INTO disease_symptom (disease_id,symptom_id,frequency,stage) VALUES ('dis_010', 'sym_005', 'common', '全程');
INSERT INTO disease_symptom (disease_id,symptom_id,frequency,stage) VALUES ('dis_010', 'sym_006', 'common', '全程');
INSERT INTO disease_symptom (disease_id,symptom_id,frequency,stage) VALUES ('dis_010', 'sym_008', 'common', '全程');
INSERT INTO disease_symptom (disease_id,symptom_id,frequency,stage) VALUES ('dis_010', 'sym_020', 'common', '全程');
INSERT INTO disease_symptom (disease_id,symptom_id,frequency,stage) VALUES ('dis_011', 'sym_005', 'common', '全程');
INSERT INTO disease_symptom (disease_id,symptom_id,frequency,stage) VALUES ('dis_011', 'sym_007', 'common', '全程');
INSERT INTO disease_symptom (disease_id,symptom_id,frequency,stage) VALUES ('dis_011', 'sym_008', 'common', '全程');
INSERT INTO disease_symptom (disease_id,symptom_id,frequency,stage) VALUES ('dis_011', 'sym_006', 'uncommon', '全程');
INSERT INTO disease_symptom (disease_id,symptom_id,frequency,stage) VALUES ('dis_012', 'sym_005', 'common', '全程');
INSERT INTO disease_symptom (disease_id,symptom_id,frequency,stage) VALUES ('dis_012', 'sym_008', 'common', '全程');
INSERT INTO disease_symptom (disease_id,symptom_id,frequency,stage) VALUES ('dis_012', 'sym_010', 'common', '进展');
INSERT INTO disease_symptom (disease_id,symptom_id,frequency,stage) VALUES ('dis_012', 'sym_019', 'common', '全程');
INSERT INTO disease_symptom (disease_id,symptom_id,frequency,stage) VALUES ('dis_012', 'sym_026', 'uncommon', '进展');
INSERT INTO disease_symptom (disease_id,symptom_id,frequency,stage) VALUES ('dis_013', 'sym_005', 'common', '全程');
INSERT INTO disease_symptom (disease_id,symptom_id,frequency,stage) VALUES ('dis_013', 'sym_006', 'common', '全程');
INSERT INTO disease_symptom (disease_id,symptom_id,frequency,stage) VALUES ('dis_013', 'sym_009', 'common', '进展');
INSERT INTO disease_symptom (disease_id,symptom_id,frequency,stage) VALUES ('dis_013', 'sym_008', 'uncommon', '全程');
INSERT INTO disease_symptom (disease_id,symptom_id,frequency,stage) VALUES ('dis_014', 'sym_002', 'common', '进展');
INSERT INTO disease_symptom (disease_id,symptom_id,frequency,stage) VALUES ('dis_014', 'sym_003', 'common', '全程');
INSERT INTO disease_symptom (disease_id,symptom_id,frequency,stage) VALUES ('dis_014', 'sym_015', 'uncommon', '晚期');
INSERT INTO disease_symptom (disease_id,symptom_id,frequency,stage,is_pathognomonic) VALUES ('dis_014', 'sym_016', 'uncommon', '进展', 1);
INSERT INTO disease_symptom (disease_id,symptom_id,frequency,stage) VALUES ('dis_014', 'sym_017', 'common', '全程');
INSERT INTO disease_symptom (disease_id,symptom_id,frequency,stage) VALUES ('dis_014', 'sym_019', 'common', '全程');
INSERT INTO disease_symptom (disease_id,symptom_id,frequency,stage) VALUES ('dis_015', 'sym_002', 'common', '进展');
INSERT INTO disease_symptom (disease_id,symptom_id,frequency,stage) VALUES ('dis_015', 'sym_003', 'common', '全程');
INSERT INTO disease_symptom (disease_id,symptom_id,frequency,stage) VALUES ('dis_015', 'sym_017', 'common', '全程');
INSERT INTO disease_symptom (disease_id,symptom_id,frequency,stage,is_pathognomonic) VALUES ('dis_015', 'sym_024', 'uncommon', '晚期', 1);
INSERT INTO disease_symptom (disease_id,symptom_id,frequency,stage) VALUES ('dis_016', 'sym_002', 'common', '进展');
INSERT INTO disease_symptom (disease_id,symptom_id,frequency,stage,is_pathognomonic) VALUES ('dis_016', 'sym_015', 'common', '进展', 1);
INSERT INTO disease_symptom (disease_id,symptom_id,frequency,stage) VALUES ('dis_016', 'sym_019', 'common', '全程');
INSERT INTO disease_symptom (disease_id,symptom_id,frequency,stage) VALUES ('dis_017', 'sym_011', 'common', '全程');
INSERT INTO disease_symptom (disease_id,symptom_id,frequency,stage) VALUES ('dis_017', 'sym_021', 'common', '全程');
INSERT INTO disease_symptom (disease_id,symptom_id,frequency,stage) VALUES ('dis_017', 'sym_009', 'common', '进展');
INSERT INTO disease_symptom (disease_id,symptom_id,frequency,stage) VALUES ('dis_017', 'sym_008', 'uncommon', '进展');
INSERT INTO disease_symptom (disease_id,symptom_id,frequency,stage) VALUES ('dis_017', 'sym_019', 'common', '全程');
INSERT INTO disease_symptom (disease_id,symptom_id,frequency,stage) VALUES ('dis_018', 'sym_011', 'common', '全程');
INSERT INTO disease_symptom (disease_id,symptom_id,frequency,stage) VALUES ('dis_018', 'sym_021', 'common', '全程');
INSERT INTO disease_symptom (disease_id,symptom_id,frequency,stage) VALUES ('dis_018', 'sym_025', 'common', '全程');
INSERT INTO disease_symptom (disease_id,symptom_id,frequency,stage) VALUES ('dis_018', 'sym_009', 'common', '进展');
INSERT INTO disease_symptom (disease_id,symptom_id,frequency,stage) VALUES ('dis_018', 'sym_019', 'common', '全程');
INSERT INTO disease_symptom (disease_id,symptom_id,frequency,stage) VALUES ('dis_019', 'sym_021', 'common', '全程');
INSERT INTO disease_symptom (disease_id,symptom_id,frequency,stage) VALUES ('dis_019', 'sym_009', 'common', '全程');
INSERT INTO disease_symptom (disease_id,symptom_id,frequency,stage) VALUES ('dis_019', 'sym_011', 'common', '全程');
INSERT INTO disease_symptom (disease_id,symptom_id,frequency,stage) VALUES ('dis_019', 'sym_019', 'common', '全程');
INSERT INTO disease_symptom (disease_id,symptom_id,frequency,stage) VALUES ('dis_020', 'sym_009', 'common', '全程');
INSERT INTO disease_symptom (disease_id,symptom_id,frequency,stage) VALUES ('dis_020', 'sym_019', 'common', '全程');
INSERT INTO disease_symptom (disease_id,symptom_id,frequency,stage) VALUES ('dis_020', 'sym_025', 'common', '全程');
INSERT INTO disease_symptom (disease_id,symptom_id,frequency,stage) VALUES ('dis_021', 'sym_005', 'common', '全程');
INSERT INTO disease_symptom (disease_id,symptom_id,frequency,stage) VALUES ('dis_021', 'sym_008', 'common', '全程');
INSERT INTO disease_symptom (disease_id,symptom_id,frequency,stage,is_pathognomonic) VALUES ('dis_021', 'sym_012', 'common', '进展', 1);
INSERT INTO disease_symptom (disease_id,symptom_id,frequency,stage) VALUES ('dis_021', 'sym_020', 'common', '全程');
INSERT INTO disease_symptom (disease_id,symptom_id,frequency,stage) VALUES ('dis_021', 'sym_026', 'common', '早期');
INSERT INTO disease_symptom (disease_id,symptom_id,frequency,stage) VALUES ('dis_022', 'sym_005', 'common', '全程');
INSERT INTO disease_symptom (disease_id,symptom_id,frequency,stage) VALUES ('dis_022', 'sym_003', 'uncommon', '进展');
INSERT INTO disease_symptom (disease_id,symptom_id,frequency,stage) VALUES ('dis_022', 'sym_022', 'common', '进展');
INSERT INTO disease_symptom (disease_id,symptom_id,frequency,stage) VALUES ('dis_022', 'sym_026', 'common', '全程');
INSERT INTO disease_symptom (disease_id,symptom_id,frequency,stage) VALUES ('dis_023', 'sym_005', 'common', '全程');
INSERT INTO disease_symptom (disease_id,symptom_id,frequency,stage) VALUES ('dis_023', 'sym_008', 'common', '全程');
INSERT INTO disease_symptom (disease_id,symptom_id,frequency,stage,is_pathognomonic) VALUES ('dis_023', 'sym_012', 'common', '进展', 1);
INSERT INTO disease_symptom (disease_id,symptom_id,frequency,stage) VALUES ('dis_023', 'sym_020', 'common', '全程');
INSERT INTO disease_symptom (disease_id,symptom_id,frequency,stage) VALUES ('dis_024', 'sym_005', 'common', '全程');
INSERT INTO disease_symptom (disease_id,symptom_id,frequency,stage) VALUES ('dis_024', 'sym_008', 'common', '全程');
INSERT INTO disease_symptom (disease_id,symptom_id,frequency,stage) VALUES ('dis_024', 'sym_006', 'uncommon', '进展');
INSERT INTO disease_symptom (disease_id,symptom_id,frequency,stage) VALUES ('dis_024', 'sym_020', 'common', '全程');
INSERT INTO disease_symptom (disease_id,symptom_id,frequency,stage) VALUES ('dis_025', 'sym_005', 'common', '全程');
INSERT INTO disease_symptom (disease_id,symptom_id,frequency,stage) VALUES ('dis_025', 'sym_006', 'common', '全程');
INSERT INTO disease_symptom (disease_id,symptom_id,frequency,stage) VALUES ('dis_025', 'sym_008', 'common', '全程');
INSERT INTO disease_symptom (disease_id,symptom_id,frequency,stage) VALUES ('dis_025', 'sym_019', 'common', '全程');
INSERT INTO disease_symptom (disease_id,symptom_id,frequency,stage) VALUES ('dis_025', 'sym_020', 'common', '全程');
INSERT INTO disease_symptom (disease_id,symptom_id,frequency,stage,is_pathognomonic) VALUES ('dis_025', 'sym_023', 'common', '进展', 1);
INSERT INTO disease_symptom (disease_id,symptom_id,frequency,stage) VALUES ('dis_026', 'sym_005', 'common', '全程');
INSERT INTO disease_symptom (disease_id,symptom_id,frequency,stage) VALUES ('dis_026', 'sym_006', 'uncommon', '全程');
INSERT INTO disease_symptom (disease_id,symptom_id,frequency,stage) VALUES ('dis_026', 'sym_004', 'common', '全程');
INSERT INTO disease_symptom (disease_id,symptom_id,frequency,stage) VALUES ('dis_026', 'sym_019', 'common', '全程');
INSERT INTO disease_symptom (disease_id,symptom_id,frequency,stage) VALUES ('dis_026', 'sym_026', 'uncommon', '晚期');
INSERT INTO disease_symptom (disease_id,symptom_id,frequency,stage) VALUES ('dis_027', 'sym_005', 'common', '全程');
INSERT INTO disease_symptom (disease_id,symptom_id,frequency,stage) VALUES ('dis_027', 'sym_006', 'common', '全程');
INSERT INTO disease_symptom (disease_id,symptom_id,frequency,stage) VALUES ('dis_027', 'sym_008', 'common', '全程');
INSERT INTO disease_symptom (disease_id,symptom_id,frequency,stage) VALUES ('dis_027', 'sym_019', 'common', '全程');
INSERT INTO disease_symptom (disease_id,symptom_id,frequency,stage) VALUES ('dis_027', 'sym_020', 'common', '全程');
INSERT INTO disease_symptom (disease_id,symptom_id,frequency,stage,is_pathognomonic) VALUES ('dis_027', 'sym_023', 'common', '进展', 1);
INSERT INTO disease_symptom (disease_id,symptom_id,frequency,stage) VALUES ('dis_028', 'sym_008', 'common', '全程');
INSERT INTO disease_symptom (disease_id,symptom_id,frequency,stage) VALUES ('dis_028', 'sym_009', 'common', '进展');
INSERT INTO disease_symptom (disease_id,symptom_id,frequency,stage) VALUES ('dis_028', 'sym_015', 'uncommon', '湿性');
INSERT INTO disease_symptom (disease_id,symptom_id,frequency,stage) VALUES ('dis_028', 'sym_019', 'common', '全程');
INSERT INTO disease_symptom (disease_id,symptom_id,frequency,stage) VALUES ('dis_028', 'sym_010', 'uncommon', '进展');
INSERT INTO disease_symptom (disease_id,symptom_id,frequency,stage) VALUES ('dis_029', 'sym_005', 'common', '全程');
INSERT INTO disease_symptom (disease_id,symptom_id,frequency,stage,is_pathognomonic) VALUES ('dis_029', 'sym_007', 'common', '全程', 1);
INSERT INTO disease_symptom (disease_id,symptom_id,frequency,stage) VALUES ('dis_029', 'sym_008', 'common', '全程');
INSERT INTO disease_symptom (disease_id,symptom_id,frequency,stage) VALUES ('dis_029', 'sym_002', 'common', '进展');
INSERT INTO disease_symptom (disease_id,symptom_id,frequency,stage) VALUES ('dis_029', 'sym_023', 'common', '休克期');
INSERT INTO disease_symptom (disease_id,symptom_id,frequency,stage) VALUES ('dis_030', 'sym_008', 'common', '全程');
INSERT INTO disease_symptom (disease_id,symptom_id,frequency,stage) VALUES ('dis_030', 'sym_011', 'common', '全程');
INSERT INTO disease_symptom (disease_id,symptom_id,frequency,stage) VALUES ('dis_030', 'sym_005', 'uncommon', '全程');
INSERT INTO disease_symptom (disease_id,symptom_id,frequency,stage) VALUES ('dis_030', 'sym_019', 'common', '进展');
INSERT INTO disease_symptom (disease_id,symptom_id,frequency,stage) VALUES ('dis_030', 'sym_020', 'common', '全程');
INSERT INTO disease_symptom (disease_id,symptom_id,frequency,stage,is_pathognomonic) VALUES ('dis_031', 'sym_026', 'common', '发作期', 1);
INSERT INTO disease_symptom (disease_id,symptom_id,frequency,stage) VALUES ('dis_031', 'sym_019', 'common', '发作后');
INSERT INTO disease_symptom (disease_id,symptom_id,frequency,stage) VALUES ('dis_031', 'sym_008', 'uncommon', '发作后');
INSERT INTO disease_symptom (disease_id,symptom_id,frequency,stage) VALUES ('dis_032', 'sym_018', 'common', '全程');
INSERT INTO disease_symptom (disease_id,symptom_id,frequency,stage) VALUES ('dis_032', 'sym_019', 'common', '全程');
INSERT INTO disease_symptom (disease_id,symptom_id,frequency,stage) VALUES ('dis_032', 'sym_009', 'uncommon', '进展');
INSERT INTO disease_symptom (disease_id,symptom_id,frequency,stage,is_pathognomonic) VALUES ('dis_033', 'sym_023', 'common', '全程', 1);
INSERT INTO disease_symptom (disease_id,symptom_id,frequency,stage) VALUES ('dis_033', 'sym_019', 'common', '全程');
INSERT INTO disease_symptom (disease_id,symptom_id,frequency,stage) VALUES ('dis_033', 'sym_003', 'common', '进展');
INSERT INTO disease_symptom (disease_id,symptom_id,frequency,stage) VALUES ('dis_033', 'sym_017', 'common', '进展');
INSERT INTO disease_symptom (disease_id,symptom_id,frequency,stage) VALUES ('dis_033', 'sym_010', 'uncommon', '进展');
INSERT INTO disease_symptom (disease_id,symptom_id,frequency,stage) VALUES ('dis_033', 'sym_008', 'uncommon', '进展');
INSERT INTO disease_symptom (disease_id,symptom_id,frequency,stage) VALUES ('dis_034', 'sym_009', 'common', '进展');
INSERT INTO disease_symptom (disease_id,symptom_id,frequency,stage) VALUES ('dis_034', 'sym_019', 'common', '全程');
INSERT INTO disease_symptom (disease_id,symptom_id,frequency,stage) VALUES ('dis_034', 'sym_008', 'uncommon', '进展');
INSERT INTO disease_symptom (disease_id,symptom_id,frequency,stage) VALUES ('dis_034', 'sym_018', 'uncommon', '进展');
INSERT INTO disease_symptom (disease_id,symptom_id,frequency,stage,is_pathognomonic) VALUES ('dis_035', 'sym_017', 'common', '全程', 1);
INSERT INTO disease_symptom (disease_id,symptom_id,frequency,stage) VALUES ('dis_035', 'sym_007', 'common', '急性期');
INSERT INTO disease_symptom (disease_id,symptom_id,frequency,stage) VALUES ('dis_035', 'sym_019', 'common', '慢性期');
INSERT INTO disease_symptom (disease_id,symptom_id,frequency,stage) VALUES ('dis_036', 'sym_001', 'common', '进展');
INSERT INTO disease_symptom (disease_id,symptom_id,frequency,stage) VALUES ('dis_036', 'sym_003', 'common', '进展');
INSERT INTO disease_symptom (disease_id,symptom_id,frequency,stage) VALUES ('dis_036', 'sym_017', 'common', '进展');
INSERT INTO disease_symptom (disease_id,symptom_id,frequency,stage) VALUES ('dis_036', 'sym_009', 'uncommon', '晚期');
INSERT INTO disease_symptom (disease_id,symptom_id,frequency,stage) VALUES ('dis_036', 'sym_015', 'uncommon', '晚期');
INSERT INTO disease_symptom (disease_id,symptom_id,frequency,stage,is_pathognomonic) VALUES ('dis_037', 'sym_025', 'common', '全程', 1);
INSERT INTO disease_symptom (disease_id,symptom_id,frequency,stage) VALUES ('dis_037', 'sym_019', 'common', '全程');
INSERT INTO disease_symptom (disease_id,symptom_id,frequency,stage) VALUES ('dis_037', 'sym_018', 'uncommon', '进展');
INSERT INTO disease_symptom (disease_id,symptom_id,frequency,stage,is_pathognomonic) VALUES ('dis_038', 'sym_038', 'common', '全程', 1);
INSERT INTO disease_symptom (disease_id,symptom_id,frequency,stage) VALUES ('dis_038', 'sym_027', 'uncommon', '晚期');
INSERT INTO disease_symptom (disease_id,symptom_id,frequency,stage) VALUES ('dis_038', 'sym_019', 'uncommon', '晚期');
INSERT INTO disease_symptom (disease_id,symptom_id,frequency,stage) VALUES ('dis_039', 'sym_038', 'common', '急性期');
INSERT INTO disease_symptom (disease_id,symptom_id,frequency,stage,is_pathognomonic) VALUES ('dis_039', 'sym_027', 'common', '急性期', 1);
INSERT INTO disease_symptom (disease_id,symptom_id,frequency,stage) VALUES ('dis_039', 'sym_039', 'common', '急性期');
INSERT INTO disease_symptom (disease_id,symptom_id,frequency,stage) VALUES ('dis_039', 'sym_019', 'uncommon', '慢性期');
INSERT INTO disease_symptom (disease_id,symptom_id,frequency,stage) VALUES ('dis_040', 'sym_039', 'common', '全程');
INSERT INTO disease_symptom (disease_id,symptom_id,frequency,stage) VALUES ('dis_040', 'sym_038', 'uncommon', '全程');
INSERT INTO disease_symptom (disease_id,symptom_id,frequency,stage) VALUES ('dis_040', 'sym_019', 'rare', '继发感染');
INSERT INTO disease_symptom (disease_id,symptom_id,frequency,stage) VALUES ('dis_041', 'sym_030', 'common', '早期');
INSERT INTO disease_symptom (disease_id,symptom_id,frequency,stage) VALUES ('dis_041', 'sym_031', 'common', '进展');
INSERT INTO disease_symptom (disease_id,symptom_id,frequency,stage) VALUES ('dis_041', 'sym_029', 'common', '全程');
INSERT INTO disease_symptom (disease_id,symptom_id,frequency,stage) VALUES ('dis_041', 'sym_019', 'uncommon', '疼痛');
INSERT INTO disease_symptom (disease_id,symptom_id,frequency,stage) VALUES ('dis_042', 'sym_030', 'common', '全程');
INSERT INTO disease_symptom (disease_id,symptom_id,frequency,stage) VALUES ('dis_042', 'sym_029', 'uncommon', '进展');
INSERT INTO disease_symptom (disease_id,symptom_id,frequency,stage) VALUES ('dis_042', 'sym_019', 'common', '慢性期');
INSERT INTO disease_symptom (disease_id,symptom_id,frequency,stage,is_pathognomonic) VALUES ('dis_043', 'sym_037', 'common', '全程', 1);
INSERT INTO disease_symptom (disease_id,symptom_id,frequency,stage) VALUES ('dis_043', 'sym_032', 'uncommon', '肿瘤周围');
INSERT INTO disease_symptom (disease_id,symptom_id,frequency,stage) VALUES ('dis_043', 'sym_040', 'rare', '组胺释放');
INSERT INTO disease_symptom (disease_id,symptom_id,frequency,stage) VALUES ('dis_044', 'sym_035', 'uncommon', '晚期');
INSERT INTO disease_symptom (disease_id,symptom_id,frequency,stage) VALUES ('dis_044', 'sym_036', 'common', '破裂');
INSERT INTO disease_symptom (disease_id,symptom_id,frequency,stage) VALUES ('dis_044', 'sym_019', 'common', '晚期');
INSERT INTO disease_symptom (disease_id,symptom_id,frequency,stage) VALUES ('dis_044', 'sym_017', 'common', '晚期');
INSERT INTO disease_symptom (disease_id,symptom_id,frequency,stage,is_pathognomonic) VALUES ('dis_045', 'sym_033', 'common', '全程', 1);
INSERT INTO disease_symptom (disease_id,symptom_id,frequency,stage) VALUES ('dis_045', 'sym_032', 'common', '全程');
INSERT INTO disease_symptom (disease_id,symptom_id,frequency,stage) VALUES ('dis_045', 'sym_034', 'common', '慢性期');
INSERT INTO disease_symptom (disease_id,symptom_id,frequency,stage) VALUES ('dis_046', 'sym_018', 'common', '全程');
INSERT INTO disease_symptom (disease_id,symptom_id,frequency,stage) VALUES ('dis_046', 'sym_035', 'common', '进展');
INSERT INTO disease_symptom (disease_id,symptom_id,frequency,stage) VALUES ('dis_046', 'sym_040', 'uncommon', '急性期');
INSERT INTO disease_symptom (disease_id,symptom_id,frequency,stage) VALUES ('dis_046', 'sym_005', 'common', '肾型');
INSERT INTO disease_symptom (disease_id,symptom_id,frequency,stage) VALUES ('dis_046', 'sym_019', 'common', '全程');
INSERT INTO disease_symptom (disease_id,symptom_id,frequency,stage,is_pathognomonic) VALUES ('dis_047', 'sym_035', 'common', '进展', 1);
INSERT INTO disease_symptom (disease_id,symptom_id,frequency,stage) VALUES ('dis_047', 'sym_040', 'common', '全程');
INSERT INTO disease_symptom (disease_id,symptom_id,frequency,stage) VALUES ('dis_047', 'sym_019', 'common', '全程');
INSERT INTO disease_symptom (disease_id,symptom_id,frequency,stage) VALUES ('dis_047', 'sym_043', 'uncommon', '合并糖尿病');
INSERT INTO disease_symptom (disease_id,symptom_id,frequency,stage) VALUES ('dis_048', 'sym_032', 'uncommon', '出血倾向');
INSERT INTO disease_symptom (disease_id,symptom_id,frequency,stage) VALUES ('dis_048', 'sym_042', 'rare', '严重出血');
INSERT INTO disease_symptom (disease_id,symptom_id,frequency,stage) VALUES ('dis_048', 'sym_019', 'common', '全程');
INSERT INTO disease_symptom (disease_id,symptom_id,frequency,stage,is_pathognomonic) VALUES ('dis_049', 'sym_001', 'common', '全程', 1);
INSERT INTO disease_symptom (disease_id,symptom_id,frequency,stage) VALUES ('dis_049', 'sym_018', 'common', '全程');
INSERT INTO disease_symptom (disease_id,symptom_id,frequency,stage) VALUES ('dis_049', 'sym_019', 'common', '全程');
INSERT INTO disease_symptom (disease_id,symptom_id,frequency,stage) VALUES ('dis_050', 'sym_019', 'common', '全程');
INSERT INTO disease_symptom (disease_id,symptom_id,frequency,stage) VALUES ('dis_050', 'sym_043', 'common', '全程');
INSERT INTO disease_symptom (disease_id,symptom_id,frequency,stage) VALUES ('dis_050', 'sym_040', 'uncommon', '开放型');
INSERT INTO disease_symptom (disease_id,symptom_id,frequency,stage) VALUES ('dis_050', 'sym_039', 'uncommon', '进展');

-- ===== 鉴别诊断关联 =====
INSERT INTO disease_ddx (disease_id,ddx_id,distinguishing_feature) VALUES ('dis_001', 'dis_002', '肺炎有发热+湿咳，心衰有心脏杂音+奔马律');
INSERT INTO disease_ddx (disease_id,ddx_id,distinguishing_feature) VALUES ('dis_002', 'dis_014', '心衰MMVD有瓣膜杂音，DCM有心室扩张+心律失常');
INSERT INTO disease_ddx (disease_id,ddx_id,distinguishing_feature) VALUES ('dis_003', 'dis_001', '哮喘有可逆性气流受限+嗜酸性粒细胞增多');
INSERT INTO disease_ddx (disease_id,ddx_id,distinguishing_feature) VALUES ('dis_005', 'dis_006', 'AKI起病急+肾脏可增大，CKD病程长+肾脏缩小');
INSERT INTO disease_ddx (disease_id,ddx_id,distinguishing_feature) VALUES ('dis_009', 'dis_010', '胰腺炎有剧烈腹痛+fPLI升高，胃肠炎腹痛轻且无酶升高');
INSERT INTO disease_ddx (disease_id,ddx_id,distinguishing_feature) VALUES ('dis_009', 'dis_011', '胰腺炎渐进性腹痛+酶升高，异物有吞食史+影像可见异物');
INSERT INTO disease_ddx (disease_id,ddx_id,distinguishing_feature) VALUES ('dis_017', 'dis_018', '糖尿病血糖高+尿糖，库欣有皮肤变薄+ALP升高');
INSERT INTO disease_ddx (disease_id,ddx_id,distinguishing_feature) VALUES ('dis_017', 'dis_019', '糖尿病血糖高但T4正常，甲亢T4升高但血糖可正常');
INSERT INTO disease_ddx (disease_id,ddx_id,distinguishing_feature) VALUES ('dis_019', 'dis_006', '甲亢T4升高+多食体重下降，CKD有氮质血症+尿比重低');
INSERT INTO disease_ddx (disease_id,ddx_id,distinguishing_feature) VALUES ('dis_015', 'dis_016', 'HCM有心室肥厚+左房扩大，心包积液有心包液暗区');
INSERT INTO disease_ddx (disease_id,ddx_id,distinguishing_feature) VALUES ('dis_025', 'dis_027', '细小有严重出血性肠炎+白细胞↓↓，猫泛白细胞减少类似但感染猫细小病毒');
INSERT INTO disease_ddx (disease_id,ddx_id,distinguishing_feature) VALUES ('dis_007', 'dis_008', 'UTI有菌尿+脓尿，FLUTD可能无菌尿');
INSERT INTO disease_ddx (disease_id,ddx_id,distinguishing_feature) VALUES ('dis_010', 'dis_013', '胃肠炎急性起病且自限，IBD慢性持续性+组织学炎症');
INSERT INTO disease_ddx (disease_id,ddx_id,distinguishing_feature) VALUES ('dis_012', 'dis_028', '肝衰竭有凝血障碍+低白蛋白，FIP有渗出液+球蛋白升高');
INSERT INTO disease_ddx (disease_id,ddx_id,distinguishing_feature) VALUES ('dis_021', 'dis_005', '乙二醇中毒有草酸钙结晶+阴离子间隙升高，其他AKI无此特征');

-- ===== 药物 (60种) =====
INSERT INTO drugs (id, name_zh, name_en, drug_class, mechanism_of_action, pk_pd, indications, contraindications, side_effects, adverse_mechanism, species_dosing) VALUES ('drug_001', '阿莫西林-克拉维酸', 'Amoxicillin-Clavulanate', '抗生素（β-内酰胺类）', '阿莫西林为β-内酰胺类抗生素，通过与细菌青霉素结合蛋白（PBP）结合，抑制肽聚糖交联，干扰细胞壁合成，导致细菌溶菌死亡。克拉维酸为β-内酰胺酶抑制剂，自身抗菌活性弱，但能不可逆地与β-内酰胺酶结合，保护阿莫西林不被水解，从而扩展抗菌谱至产酶金黄色葡萄球菌、大肠埃希菌等。两者联用呈杀菌作用，对需氧革兰阳性菌和部分革兰阴性菌有效。', '口服吸收迅速，生物利用度犬约75%、猫约60%，食物对吸收影响小。广泛分布于组织液和体液中，可穿透胎盘屏障但脑脊液浓度低。阿莫西林主要经肾脏排泄，半衰期约1-1.5小时；克拉维酸半衰期相近，约1小时。两者配比（2:1或4:1）确保同步消除，维持有效血药浓度。肾功能不全时需调整剂量。', '["尿路感染", "皮肤感染", "软组织感染", "牙周感染", "呼吸道感染"]', '["青霉素过敏", "严重肾功能不全（需调整剂量）"]', '["胃肠道反应（呕吐、腹泻）", "过敏反应", "肠道菌群失调"]', '胃肠道反应因药物扰乱肠道正常菌群平衡，导致条件致病菌过度生长。过敏反应由β-内酰胺环作为半抗原与载体蛋白结合引发IgE介导的超敏反应。大剂量静脉注射偶见神经系统兴奋，与GABA受体竞争性抑制有关。', '{"犬": "dose=12.5-25 mg/kg, route=PO, frequency=q12h", "猫": "dose=12.5-25 mg/kg, route=PO, frequency=q12h"}');
INSERT INTO drugs (id, name_zh, name_en, drug_class, mechanism_of_action, pk_pd, indications, contraindications, side_effects, adverse_mechanism, species_dosing) VALUES ('drug_002', '恩诺沙星', 'Enrofloxacin', '抗生素（氟喹诺酮类）', '恩诺沙星为氟喹诺酮类杀菌剂，通过抑制细菌DNA旋转酶（拓扑异构酶II）和拓扑异构酶IV，阻断DNA超螺旋化与解旋过程，导致DNA复制和转录受阻。对革兰阴性菌主要靶向DNA旋转酶，对革兰阳性菌主要靶向拓扑异构酶IV。药物在低浓度下呈抑菌作用，高浓度呈杀菌作用，抗菌谱覆盖革兰阴性菌、部分革兰阳性菌及支原体。', '口服生物利用度犬约65-80%、猫约50-70%，组织分布广泛，能穿透前列腺、肺组织和骨组织。在肝内部分代谢为活性代谢物环丙沙星（约30-40%），主要经肾脏排泄（原型+代谢物），半衰期犬约4-7小时、猫约6-8小时。属浓度依赖性抗菌药，AUC/MIC为关键PK/PD参数，建议每日一次给药以优化杀菌效果。', '["尿路感染", "皮肤感染", "呼吸道感染", "前列腺炎", "革兰阴性菌感染"]', '["幼龄动物（软骨毒性）", "猫高剂量（视网膜毒性）", "癫痫病史"]', '["胃肠道反应", "中枢神经系统兴奋", "幼畜软骨损伤", "猫视网膜病变（高剂量）"]', '幼畜软骨毒性因药物与软骨基质中镁离子螯合，抑制软骨细胞蛋白聚糖合成，导致关节软骨侵蚀。猫视网膜毒性因药物在视网膜色素上皮蓄积，产生活性氧自由基损伤光感受器细胞。中枢神经兴奋与抑制性神经递质GABA受体阻断有关。偶见结晶尿，因药物在酸性尿中溶解度降低。', '{"犬": "dose=5-20 mg/kg, route=PO/IV/SC, frequency=q24h", "猫": "dose=2.5-5 mg/kg, route=PO, frequency=q24h（不超过5mg/kg）"}');
INSERT INTO drugs (id, name_zh, name_en, drug_class, mechanism_of_action, pk_pd, indications, contraindications, side_effects, adverse_mechanism, species_dosing) VALUES ('drug_003', '呋塞米', 'Furosemide', '利尿剂（袢利尿剂）', '呋塞米为高效能袢利尿剂，特异性抑制肾单位髓袢升支粗段管腔膜侧的Na⁺/K⁺/2Cl⁻共转运体（NKCC2），减少钠、氯、钾的重吸收，破坏肾髓质渗透梯度，降低尿液浓缩能力，产生强效利尿排钠效应。同时促进肾脏前列腺素合成，扩张肾血管，增加肾血流量约40%，进一步促进利尿。静脉注射后5分钟起效，利尿同时显著降低心脏前负荷。', '口服生物利用度犬约45-60%、猫约50%，起效时间口服30-60分钟、静脉注射5分钟。血浆蛋白结合率高（>95%），主要分布于细胞外液。约50%经肝脏葡萄糖醛酸化代谢，其余以原型经肾脏排泄，半衰期犬约1-1.5小时、猫约1.5-2小时。利尿效应与尿中药物浓度直接相关，反复给药可产生利尿抵抗（braking phenomenon），需间歇给药或联合用药。', '["充血性心力衰竭", "肺水肿", "胸腔积液", "急性肾损伤（促进利尿）", "高钙血症"]', '["脱水", "无尿", "低钾血症", "磺胺类过敏"]', '["脱水", "低钾血症", "低钠血症", "耳毒性（高剂量IV）", "肾前性氮质血症"]', '电解质紊乱（低钾、低钠、低氯性碱中毒）因髓袢Na⁺/K⁺/2Cl⁻转运抑制后，远端肾单位Na⁺-K⁺交换代偿性增加，同时Cl⁻丢失导致碳酸氢根重吸收增多。脱水与低血容量因过度利尿致有效循环血量减少。耳毒性在大剂量静脉推注时出现，因内淋巴液电解质成分改变损伤耳蜗毛细胞。', '{"犬": "dose=2-4 mg/kg, route=IV/IM/PO, frequency=q8-12h（急性）；1-2 mg/kg q12-24h（维持）", "猫": "dose=1-2 mg/kg, route=IV/IM/PO, frequency=q12-24h"}');
INSERT INTO drugs (id, name_zh, name_en, drug_class, mechanism_of_action, pk_pd, indications, contraindications, side_effects, adverse_mechanism, species_dosing) VALUES ('drug_004', '泼尼松龙', 'Prednisolone', '糖皮质激素', '泼尼松龙为糖皮质激素类药物，经细胞内11β-羟类固醇脱氢酶活化后，与胞质糖皮质激素受体（GR）结合，转位入核，通过抑制NF-κB和AP-1等转录因子，减少促炎细胞因子（IL-1、IL-6、TNF-α）和炎症介质合成。同时抑制磷脂酶A2活性，减少花生四烯酸释放，降低前列腺素和白三烯生成。高剂量时抑制T细胞增殖和抗体产生，发挥免疫抑制作用。', '口服吸收良好，生物利用度犬约50-70%。血浆蛋白结合率约90-95%，主要与皮质激素转运蛋白（CBG）结合。在肝脏经葡萄糖醛酸化代谢，半衰期犬约12-36小时（但药效半衰期更长，约36-72小时）。属时间依赖性抗炎药，推荐隔日给药以减少HPA轴抑制。能穿透胎盘屏障并分泌入乳汁。', '["炎症性肠病", "过敏/特应性皮炎", "免疫介导性疾病", "猫哮喘", "肿瘤化疗辅助", "肾上腺皮质功能减退"]', '["真菌感染", "消化性溃疡", "未控制的糖尿病", "库欣综合征", "妊娠"]', '["多饮多尿多食", "胃肠道溃疡", "肌肉萎缩", "皮肤变薄", "免疫抑制", "医源性库欣"]', '医源性库欣综合征因长期超生理剂量使用导致蛋白质分解代谢增加、脂肪重新分布和糖异生增强。免疫抑制增加感染风险因细胞免疫和体液免疫均受抑制。胃肠道溃疡因前列腺素合成减少导致胃黏膜屏障功能下降。HPA轴抑制因负反馈抑制ACTH分泌，导致肾上腺皮质萎缩。', '{"犬": "dose=0.5-1 mg/kg, route=PO, frequency=q12h（抗炎）；0.1-0.25 mg/kg q48h（替代）", "猫": "dose=1-2 mg/kg, route=PO, frequency=q12h（抗炎，猫需更高剂量）"}');
INSERT INTO drugs (id, name_zh, name_en, drug_class, mechanism_of_action, pk_pd, indications, contraindications, side_effects, adverse_mechanism, species_dosing) VALUES ('drug_005', '胰岛素（甘精胰岛素）', 'Insulin Glargine', '胰岛素（长效）', '甘精胰岛素为长效人胰岛素类似物，B链C端添加两个精氨酸使等电点偏酸（pH 4.0），皮下注射后在生理pH下形成微沉淀库，缓慢释放入血。与胰岛素受体α亚基结合后，激活β亚基酪氨酸激酶活性，启动IRS-PI3K-Akt信号通路，促进GLUT4葡萄糖转运体向细胞膜转位，加速骨骼肌和脂肪组织葡萄糖摄取。同时抑制肝糖原分解和糖异生，促进糖原、脂肪和蛋白质合成。', '皮下注射后在皮下组织形成微沉淀，缓慢溶解吸收，无明显吸收峰值。起效时间约1-2小时，作用持续20-24小时，释放曲线平稳。在肝脏和肾脏经胰岛素酶降解，半衰期约5-10小时（但药效持续时间远超半衰期）。犬猫糖尿病治疗中需个体化调整剂量，根据血糖曲线监测调整。', '["犬糖尿病（I型）", "猫糖尿病（II型，部分可缓解）", "糖尿病酮症酸中毒（急性期后）"]', '["低血糖", "胰岛素瘤"]', '["低血糖（最严重）", "注射部位反应", "体重增加", "Somogyi效应（反跳性高血糖）"]', '低血糖为最常见不良反应，因外源性胰岛素过量导致葡萄糖摄取过度而肝糖输出不足。注射部位反应因局部微沉淀刺激皮下组织产生轻度炎症。胰岛素抗体形成可导致药效波动。Somogyi效应为反跳性高血糖，因低血糖触发反向调节激素大量释放。', '{"犬": "dose=0.25-0.5 U/kg, route=SC, frequency=q12h", "猫": "dose=0.25-0.5 U/kg, route=SC, frequency=q12h（猫对胰岛素敏感，需谨慎调整）"}');
INSERT INTO drugs (id, name_zh, name_en, drug_class, mechanism_of_action, pk_pd, indications, contraindications, side_effects, adverse_mechanism, species_dosing) VALUES ('drug_006', '匹莫苯丹', 'Pimobendan', '正性肌力药（PDE-3抑制剂+钙增敏剂）', '匹莫苯丹具有双重正性肌力机制：①抑制磷酸二酯酶III（PDE-3），减少cAMP降解，增加心肌细胞内cAMP浓度，激活PKA，促进钙离子内流和肌浆网钙释放，增强心肌收缩力；②增加心肌肌钙蛋白C对钙离子的敏感性（钙增敏作用），在相同钙浓度下产生更强的收缩力。同时扩张外周血管，降低心脏前后负荷。双重机制使其在增强收缩力的同时不显著增加心肌耗氧量。', '口服吸收迅速，生物利用度犬约60-65%，食物可促进吸收。在肝脏经CYP450酶系代谢为活性代谢物（去甲基匹莫苯丹），后者亦具PDE-3抑制活性。血浆蛋白结合率>90%，半衰期犬约2-3小时（活性代谢物约4-6小时），但药效持续时间更长。主要经肝脏代谢后由胆汁和肾脏排泄。需每日两次给药维持有效血药浓度。', '["充血性心力衰竭（MMVD/DCM）", "扩张型心肌病", "二尖瓣关闭不全"]', '["肥厚型心肌病（HCM）", "主动脉瓣下狭窄", "心包填塞"]', '["心律失常", "食欲下降", "腹泻", "多动（正性肌力作用）"]', '心律失常因cAMP增加导致心肌自律性增高和触发活动，尤其在已有心律失常风险患畜中需谨慎。胃肠道反应因血管扩张和胃肠道平滑肌松弛。血小板减少罕见报道，机制可能与免疫介导的血小板破坏有关。高剂量可致低血压因外周血管过度扩张。', '{"犬": "dose=0.2-0.3 mg/kg, route=PO, frequency=q12h（餐前1h给药）", "猫": "dose=0.1-0.25 mg/kg, route=PO, frequency=q12h（猫数据有限）"}');
INSERT INTO drugs (id, name_zh, name_en, drug_class, mechanism_of_action, pk_pd, indications, contraindications, side_effects, adverse_mechanism, species_dosing) VALUES ('drug_007', '甲巯咪唑', 'Methimazole', '抗甲状腺药物（硫脲类）', '甲巯咪唑为硫脲类抗甲状腺药物，通过抑制甲状腺过氧化物酶（TPO）活性，阻断碘化物的氧化、酪氨酸碘化以及碘化酪氨酸的偶联反应，从而抑制甲状腺激素（T3和T4）的生物合成。对已合成的甲状腺激素无拮抗作用，故起效需待体内储存激素耗尽（数周）。大剂量时可轻度抑制外周组织T4向T3的转化，并具有一定的免疫调节作用，可降低甲状腺刺激性免疫球蛋白水平。', '口服吸收迅速完全，生物利用度>80%。可浓集于甲状腺组织，甲状腺内浓度高于血浆。在肝脏经CYP450酶系代谢，半衰期犬约2-6小时、猫约2-4小时。因作用靶点在甲状腺内持续存在，药效持续时间远超半衰期，猫可每日一次给药，犬建议每日两次。能穿透胎盘屏障，妊娠期慎用。', '["猫甲状腺功能亢进", "甲亢术前准备"]', '["严重肝功能不全", "严重肾功能不全", "妊娠（猫）"]', '["呕吐/厌食", "面部瘙痒（猫）", "血液学毒性（粒细胞减少）", "血小板减少", "肝毒性"]', '猫面部瘙痒和自残为特异质反应，可能与免疫介导机制或药物直接毒性有关。粒细胞缺乏症因骨髓抑制导致中性粒细胞生成减少，属严重但罕见的不良反应。肝毒性因CYP450代谢产生的活性中间体损伤肝细胞。血小板减少和再生障碍性贫血为免疫介导的骨髓抑制。', '{"猫": "dose=2.5 mg, route=PO/Transdermal, frequency=q12h（猫用透皮耳膏更安全）", "犬": "dose=不适用（犬甲亢极罕见）, route=-, frequency=-"}');
INSERT INTO drugs (id, name_zh, name_en, drug_class, mechanism_of_action, pk_pd, indications, contraindications, side_effects, adverse_mechanism, species_dosing) VALUES ('drug_008', '左甲状腺素钠', 'Levothyroxine (T4)', '甲状腺激素替代', '左甲状腺素钠为人工合成的四碘甲状腺原氨酸（T4），进入体内后与内源性T4同样，在靶组织（心、肝、肾、骨骼肌等）经I型或II型脱碘酶转化为活性形式三碘甲状腺原氨酸（T3）。T3与细胞核内甲状腺激素受体（TR）结合，调控靶基因转录，促进基础代谢率、蛋白质合成、生长发育和产热效应。对心血管系统可增强心肌收缩力和心率，降低外周血管阻力。', '口服吸收不完全且变异大，生物利用度犬约10-50%，空腹给药吸收更佳。吸收后99%以上与血浆蛋白（TBG、白蛋白、TTR）结合，游离激素仅约0.02%。在肝脏经葡萄糖醛酸化和硫酸化代谢，部分经脱碘酶转化为T3或反T3（rT3）。半衰期犬约12-16小时、猫约6-12小时。T4血浆浓度达稳态需4-6周，剂量调整应间隔4周以上复查。', '["犬甲状腺功能减退"]', '["甲状腺功能亢进", "肾上腺皮质功能减退（需先补充糖皮质激素）", "未纠正的肾上腺功能不全"]', '["多动/焦虑", "多饮多尿", "心动过速", "体重下降（过量时）"]', '医源性甲状腺功能亢进因替代剂量过高，导致代谢率过度升高。心血管不良反应因T3增强心肌β-肾上腺素能受体敏感性，增加心肌耗氧量和心率，可诱发或加重心律失常。体重减轻和肌肉消耗因蛋白质分解代谢增加。多饮多尿因肾血流量增加致肾小球滤过率升高。', '{"犬": "dose=0.02 mg/kg, route=PO, frequency=q12h", "猫": "dose=不适用（猫甲减极罕见）, route=-, frequency=-"}');
INSERT INTO drugs (id, name_zh, name_en, drug_class, mechanism_of_action, pk_pd, indications, contraindications, side_effects, adverse_mechanism, species_dosing) VALUES ('drug_009', '奥美拉唑', 'Omeprazole', '质子泵抑制剂（PPI）', '奥美拉唑为苯并咪唑类质子泵抑制剂（PPI），本身为弱碱前药，在胃壁细胞分泌小管的强酸性环境（pH<2）中转化为活性次磺酰胺衍生物，与H⁺/K⁺-ATP酶（质子泵）α亚基上的半胱氨酸残基形成二硫键，不可逆地抑制质子泵活性，阻断胃酸分泌的最后共同通路。由于质子泵再生需48-72小时，单次给药抑酸作用可持续24小时以上。对基础胃酸和刺激后胃酸均有强效抑制作用。', '口服后在小肠碱性环境中迅速吸收，生物利用度犬约30-40%（首过效应明显）。血浆蛋白结合率>95%，在肝脏经CYP2C19和CYP3A4代谢为无活性代谢物。半衰期犬约1小时（猫约1.5小时），但药效持续时间远超半衰期，因与质子泵不可逆结合。肠溶制剂需整粒吞服，避免胃酸降解。连续给药3-5天达稳态抑酸效果。', '["胃酸相关疾病", "消化性溃疡", "NSAIDs胃保护", "胰腺炎辅助", "胃食管反流"]', '["严重肝功能不全（需减量）"]', '["胃肠道反应（少见）", "长期用可能影响钙吸收"]', '胃酸屏障功能降低导致胃肠道感染风险增加，因胃酸杀菌作用减弱。高胃泌素血症因胃酸抑制后G细胞反馈性增生，长期可致肠嗜铬样细胞（ECL）增生。维生素B12和镁吸收减少因胃酸不足影响食物中营养素释放和吸收。罕见肝毒性因CYP450代谢产生的活性中间体。', '{"犬": "dose=0.5-1 mg/kg, route=PO, frequency=q24h（空腹给药）", "猫": "dose=0.7-1 mg/kg, route=PO, frequency=q24h（空腹给药）"}');
INSERT INTO drugs (id, name_zh, name_en, drug_class, mechanism_of_action, pk_pd, indications, contraindications, side_effects, adverse_mechanism, species_dosing) VALUES ('drug_010', '马罗匹坦', 'Maropitant (Cerenia)', 'NK-1受体拮抗剂（止吐药）', '马罗匹坦为神经激肽-1（NK-1）受体高选择性拮抗剂，通过竞争性阻断P物质与NK-1受体结合，抑制呕吐中枢（孤束核和最后区）的激活。P物质是呕吐反射中关键的神经递质，在化学感受器触发区（CTZ）、胃肠道迷走神经传入纤维和中枢呕吐通路中均有分布。马罗匹坦可透过血脑屏障，在中枢和外周双重阻断呕吐信号传导，对中枢性和外周性呕吐均有效。', '口服生物利用度犬约25-30%（首过效应显著），皮下注射生物利用度>90%。血浆蛋白结合率>95%，主要分布于中枢神经系统。在肝脏经CYP3A4和CYP2D15（犬特异性）代谢，半衰期犬约8-12小时。主要经肝脏代谢后由胆汁排泄。犬可每日一次给药，中枢NK-1受体占据率高，止吐效果持续24小时。16周龄以下犬因血脑屏障发育不全禁用。', '["急性呕吐", "晕动症（犬）", "化疗相关呕吐", "胰腺炎辅助止吐"]', '["16周龄以下犬", "胃肠道梗阻", "严重肝功能不全"]', '["注射部位疼痛（SC）", "流涎（犬）", "腹泻", "食欲下降"]', '注射部位疼痛因注射液pH偏低（约2.5）刺激皮下组织。流涎为犬特有反应，可能与药物对中枢呕吐相关核团的短暂刺激有关。腹泻因NK-1受体阻断影响胃肠道正常运动和分泌功能。食欲下降与中枢食欲调节通路受影响有关。严重肝功能不全时药物清除减慢，不良反应风险增加。', '{"犬": "dose=1 mg/kg SC 或 2 mg/kg PO, route=SC/PO, frequency=q24h（不超过5天连续SC）", "猫": "dose=1 mg/kg, route=SC/PO, frequency=q24h（猫标签外使用）"}');
INSERT INTO drugs (id, name_zh, name_en, drug_class, mechanism_of_action, pk_pd, indications, contraindications, side_effects, adverse_mechanism, species_dosing) VALUES ('drug_011', '曲马多', 'Tramadol', '阿片类镇痛药（弱）', '曲马多为中枢性镇痛药，具有双重作用机制：①弱μ-阿片受体激动剂，与μ受体亲和力约为吗啡的1/6000，产生轻度阿片样镇痛效应；②抑制突触前膜5-羟色胺（5-HT）和去甲肾上腺素（NE）再摄取，增强下行抑制性疼痛调节通路活性。两种机制协同产生镇痛效果，对慢性疼痛和术后疼痛均有效。在体内经CYP2D6代谢为活性代谢物O-去甲基曲马多（M1），后者μ受体亲和力为母药的200倍。', '口服吸收迅速完全，生物利用度犬约70-80%。血浆蛋白结合率约20%，分布容积大，可穿透血脑屏障。在肝脏经CYP3A4和CYP2D6代谢，半衰期犬约4-6小时、猫约6-8小时（猫CYP2D6活性低，M1生成少，镇痛效果可能减弱）。主要经肾脏排泄。需每日2-3次给药维持镇痛效果。与NSAIDs联用可产生协同镇痛。', '["中度疼痛", "术后疼痛", "骨关节炎疼痛", "慢性疼痛管理"]', '["癫痫病史", "与MAO抑制剂合用", "严重肝肾功能不全"]', '["镇静", "恶心/呕吐", "便秘", "瞳孔缩小", "唾液分泌增加（猫）"]', '恶心呕吐因μ受体激动和5-HT增加刺激化学感受器触发区。镇静和共济失调因中枢阿片受体和5-HT/NE系统调节改变。癫痫阈值降低因5-HT综合征风险和去甲肾上腺素能活性增强，与癫痫药物合用时需谨慎。便秘因肠道μ受体激动减少肠蠕动。猫可能出现瞳孔散大因中枢5-HT能活性增强。', '{"犬": "dose=2-5 mg/kg, route=PO, frequency=q8-12h", "猫": "dose=2-4 mg/kg, route=PO, frequency=q12h（猫代谢个体差异大）"}');
INSERT INTO drugs (id, name_zh, name_en, drug_class, mechanism_of_action, pk_pd, indications, contraindications, side_effects, adverse_mechanism, species_dosing) VALUES ('drug_012', '美洛昔康', 'Meloxicam', 'NSAIDs（COX-2选择性抑制剂）', '美洛昔康为烯醇酸类非甾体抗炎药（NSAID），选择性抑制环氧化酶-2（COX-2），减少前列腺素E2（PGE2）和前列环素（PGI2）的合成，发挥抗炎、镇痛和解热作用。对COX-1抑制作用较弱，因此在治疗剂量下对胃肠道黏膜保护性前列腺素和血小板血栓素A2的影响较小。COX-2选择性在犬中较高（COX-2/COX-1 IC50比值约0.07），但在猫中选择性降低，需谨慎使用。', '口服吸收完全，生物利用度犬约90%以上、猫约70-80%。血浆蛋白结合率>95%，主要分布于炎症组织。在肝脏经CYP450酶系代谢为无活性代谢物，半衰期犬约24小时、猫约12-15小时（猫个体差异大）。犬可每日一次给药，猫建议初始剂量后减半维持。主要经粪便排泄（约75%），少量经肾脏排泄。', '["骨关节炎疼痛", "术后镇痛", "软组织损伤", "慢性炎症"]', '["脱水/低血容量", "消化道溃疡", "肾功能不全", "肝功能不全", "与其他NSAIDs或糖皮质激素合用"]', '["胃肠道溃疡/呕吐/腹泻", "肾毒性", "肝毒性", "凝血障碍"]', '胃肠道溃疡因COX-1在治疗剂量下仍有一定程度抑制，减少胃黏膜保护性PGE2合成。肾毒性因肾脏COX-2抑制导致肾血流量减少，尤其在低血容量或肾功能不全患畜中风险显著增加。肝毒性罕见但可能发生，与特异质免疫反应或代谢中间体蓄积有关。猫因半衰期延长和CYP代谢差异，毒性风险更高。', '{"犬": "dose=0.1 mg/kg, route=PO, frequency=q24h（首剂可0.2 mg/kg）", "猫": "dose=0.05 mg/kg, route=PO/SC, frequency=q24h（猫单次SC注射后转为口服，不超过3天）"}');
INSERT INTO drugs (id, name_zh, name_en, drug_class, mechanism_of_action, pk_pd, indications, contraindications, side_effects, adverse_mechanism, species_dosing) VALUES ('drug_013', '多西环素', 'Doxycycline', '抗生素（四环素类）', '多西环素为半合成四环素类抗生素，通过与细菌30S核糖体亚基A位点可逆结合，阻止氨酰tRNA与mRNA-核糖体复合物结合，抑制细菌蛋白质合成，发挥抑菌作用。对革兰阳性菌、革兰阴性菌、立克次体、支原体、衣原体和螺旋体均有抗菌活性。此外具有免疫调节作用，可抑制基质金属蛋白酶（MMP）活性，减少炎症组织破坏。抗菌活性强于四环素和土霉素。', '口服吸收迅速，生物利用度犬约70-90%、猫约60-80%，受食物影响小（不同于其他四环素类）。脂溶性高，组织穿透力强，可穿透前列腺、中枢神经系统和骨组织。血浆蛋白结合率>90%，在肝脏代谢少，主要经胆汁排泄入肠腔形成肝肠循环，半衰期犬约8-12小时、猫约6-10小时。肾功能不全时无需显著调整剂量。', '["立克次体病（埃立克体、落基山斑疹热）", "支原体/衣原体感染", "莱姆病", "钩端螺旋体病", "心丝虫辅助"]', '["妊娠", "8周龄以下幼畜（牙齿着色风险）", "严重肝功能不全"]', '["食管狭窄（猫，给药后需冲水）", "呕吐/腹泻", "光敏反应", "肝毒性（罕见）"]', '食管狭窄因片剂滞留食管释放高浓度药物腐蚀黏膜，需给药后喂水。胃肠道反应因药物扰乱肠道菌群和直接刺激胃肠道黏膜。光敏性因药物在皮肤蓄积后吸收紫外线产生自由基。幼畜牙齿和骨骼沉积因与钙离子螯合沉积于钙化组织。肝毒性在大剂量时可能出现。', '{"犬": "dose=5-10 mg/kg, route=PO, frequency=q12h（首剂加倍）", "猫": "dose=5 mg/kg, route=PO, frequency=q12h（给药后冲水防食管狭窄）"}');
INSERT INTO drugs (id, name_zh, name_en, drug_class, mechanism_of_action, pk_pd, indications, contraindications, side_effects, adverse_mechanism, species_dosing) VALUES ('drug_014', '甲硝唑', 'Metronidazole', '抗生素/抗原虫（硝基咪唑类）', '甲硝唑为硝基咪唑类抗菌和抗原虫药物，其硝基在厌氧菌和原虫体内低氧化还原电位环境中被铁氧还蛋白等电子载体还原，生成高活性的硝基自由基中间体和亚硝基衍生物。这些活性代谢物与DNA双链共价结合，引起DNA链断裂和螺旋结构破坏，抑制核酸合成，导致细胞死亡。对专性厌氧菌（梭杆菌、拟杆菌等）和原虫（贾第鞭毛虫、毛滴虫）具有选择性毒性，对需氧菌无效。', '口服吸收良好，生物利用度犬约75-90%、猫约70-80%，食物可轻微延缓吸收。脂溶性高，广泛分布于全身组织，能穿透血脑屏障（脑脊液浓度达血浆的50-100%）、骨组织和脓肿腔。在肝脏经氧化和葡萄糖醛酸化代谢，主要代谢物具弱抗菌活性。半衰期犬约4-8小时、猫约5-10小时。主要经肾脏排泄（约60-80%），肝功能不全时需减量。', '["厌氧菌感染", "贾第鞭毛虫", "炎症性肠病（免疫调节）", "肝性脑病", "坏死性肠炎"]', '["妊娠（早期）", "严重肝病", "与华法林合用"]', '["神经毒性（高剂量，共济失调/眼球震颤）", "食欲下降", "呕吐", "肝毒性（高剂量）"]', '神经毒性（共济失调、眼球震颤、癫痫）因活性代谢物损伤小脑和脑干神经元，与剂量累积相关，多见于长期大剂量使用时。胃肠道反应因药物直接刺激和肠道菌群失调。肝毒性因CYP450代谢产生的活性中间体。苦味反应为犬猫特有，因药物经唾液分泌。致畸性因DNA损伤作用，妊娠期禁用。', '{"犬": "dose=10-15 mg/kg, route=PO, frequency=q12h", "猫": "dose=10-15 mg/kg, route=PO, frequency=q12h（猫更易出现神经毒性）"}');
INSERT INTO drugs (id, name_zh, name_en, drug_class, mechanism_of_action, pk_pd, indications, contraindications, side_effects, adverse_mechanism, species_dosing) VALUES ('drug_015', '地高辛', 'Digoxin', '强心苷类正性肌力药', '地高辛为强心苷类正性肌力药，通过抑制心肌细胞膜上的Na⁺/K⁺-ATP酶（钠钾泵），减少钠离子外流，导致细胞内钠离子浓度升高，进而通过Na⁺/Ca²⁺交换体（NCX）反向转运减少钙离子外排，使细胞内钙离子浓度升高，增强心肌收缩力（正性肌力作用）。同时通过增强迷走神经张力，减慢房室结传导（负性传导作用），降低窦房结自律性（负性频率作用），用于治疗快速性房颤。', '口服生物利用度犬约60-80%，起效时间1-2小时，达峰时间2-6小时。分布容积大（犬约10-15 L/kg），广泛分布于心肌、骨骼肌和脂肪组织，心肌浓度远高于血浆。主要经肾脏以原型排泄（60-90%），半衰期犬约24-48小时、猫约30-60小时。治疗窗窄（治疗浓度0.8-2.0 ng/mL），需监测血药浓度。肾功能不全时清除率降低，需减量。', '["充血性心力衰竭", "心房颤动（心室率控制）", "室上性心动过速"]', '["心室颤动", "肥厚型心肌病", "二度/三度房室传导阻滞", "低钾血症", "肾功能不全（需减量）"]', '["心律失常（治疗窗窄）", "厌食/呕吐/腹泻", "嗜睡", "视觉障碍"]', '心脏毒性（心律失常）因Na⁺/K⁺-ATP酶过度抑制导致细胞内钙超载和延迟后除极，低钾血症时心肌对地高辛敏感性显著增加。胃肠道反应因延髓化学感受器触发区刺激和直接肠道作用。神经系统反应（视觉异常）因视网膜感光细胞Na⁺/K⁺-ATP酶抑制。治疗指数窄，中毒浓度与治疗浓度重叠。', '{"犬": "dose=0.0025-0.005 mg/kg, route=PO, frequency=q12h（监测血药浓度）", "猫": "dose=0.001-0.002 mg/kg, route=PO, frequency=q24-48h（猫极敏感）"}');
INSERT INTO drugs (id, name_zh, name_en, drug_class, mechanism_of_action, pk_pd, indications, contraindications, side_effects, adverse_mechanism, species_dosing) VALUES ('drug_016', '苯巴比妥', 'Phenobarbital', '抗癫痫药（巴比妥类）', '苯巴比妥为长效巴比妥类抗癫痫药，通过延长γ-氨基丁酸（GABA）与GABA_A受体结合后氯离子通道的开放时间（低剂量）和增加开放频率（高剂量），增强GABA能抑制性神经传递，导致神经元超极化，降低兴奋性。高剂量时还可抑制谷氨酸AMPA受体介导的兴奋性传递，并抑制电压门控钠通道和T型钙通道，全面降低神经元异常放电。对全身性强直-阵挛发作和部分性发作均有效。', '口服吸收缓慢但完全，生物利用度犬约80-90%。血浆蛋白结合率约45%，分布容积约0.7 L/kg。约25%经肝脏CYP450酶系（CYP2C/3A）代谢，其余以原型经肾脏排泄。半衰期犬约40-90小时（个体差异大，猫约35-50小时）。因半衰期长，达稳态需2-3周，犬可每日一次或两次给药。具肝酶诱导作用，可加速自身和其他药物代谢。', '["癫痫（一线用药）", "特发性癫痫", "癫痫持续状态（IV地西泮控制后维持）"]', '["严重肝病", "严重呼吸抑制"]', '["镇静/共济失调（初期）", "多饮多尿多食", "肝毒性（长期）", "血液学毒性（罕见）"]', '镇静和共济失调因GABA能抑制增强导致中枢神经系统普遍抑制。肝毒性因CYP450酶诱导产生肝毒性代谢中间体，长期用药可致肝纤维化和肝硬化。多饮多食多尿因抗利尿激素敏感性降低和代谢率改变。再生障碍性贫血罕见但严重，与免疫介导的骨髓抑制有关。突然停药可诱发癫痫持续状态。', '{"犬": "dose=2-5 mg/kg, route=PO, frequency=q12h（需监测血药浓度）", "猫": "dose=2-3 mg/kg, route=PO, frequency=q12h"}');
INSERT INTO drugs (id, name_zh, name_en, drug_class, mechanism_of_action, pk_pd, indications, contraindications, side_effects, adverse_mechanism, species_dosing) VALUES ('drug_017', '溴化钾', 'Potassium Bromide', '抗癫痫药', '溴化钾为无机溴化物抗癫痫药，溴离子（Br⁻）与氯离子（Cl⁻）竞争通过GABA_A受体相关的氯离子通道，因溴离子的电导率低于氯离子，导致神经元膜超极化程度增加，提高神经元兴奋性阈值，抑制异常放电的扩散。对癫痫灶本身无直接作用，主要通过提高发作阈值来减少癫痫发作频率和严重程度。作为苯巴比妥的辅助用药，两者机制互补，可减少苯巴比妥用量。', '口服吸收迅速完全，生物利用度>90%。溴离子分布于全身体液（分布容积约0.3-0.5 L/kg），可穿透血脑屏障但速度慢于氯离子。不与血浆蛋白结合，完全以离子形式存在。几乎全部经肾脏排泄（肾小管重吸收率约50%），半衰期犬约24-46天（极长），达稳态需3-4个月。高氯饮食可加速溴离子排泄。需先给予负荷剂量再维持，定期监测血清溴浓度（治疗范围100-200 mg/dL）。', '["癫痫（单药或联合苯巴比妥）", "苯巴比妥不耐受的癫痫病例"]', '["肾功能不全", "对溴化物过敏"]', '["镇静/共济失调", "多饮多尿", "胰腺炎（犬）", "皮肤疹"]', '镇静和共济失调因中枢神经系统超极化抑制，多在治疗初期出现，通常数周后耐受。胃肠道刺激（恶心、呕吐）因溴离子直接刺激胃黏膜，与食物同服可减轻。溴中毒（精神错乱、肌阵挛、皮疹）因血清溴浓度超过250 mg/dL，肾脏排泄能力饱和。多饮多尿因溴离子干扰肾小管浓缩功能。', '{"犬": "dose=30-40 mg/kg, route=PO, frequency=q24h（负荷剂量可加倍）", "猫": "dose=不适用（猫溴化物可致致命性肺炎）, route=-, frequency=-"}');
INSERT INTO drugs (id, name_zh, name_en, drug_class, mechanism_of_action, pk_pd, indications, contraindications, side_effects, adverse_mechanism, species_dosing) VALUES ('drug_018', '阿莫西林', 'Amoxicillin', '抗生素（β-内酰胺类，氨基青霉素）', '阿莫西林为氨基青霉素类β-内酰胺抗生素，其β-内酰胺环结构与细菌青霉素结合蛋白（PBP）共价结合，抑制转肽酶活性，阻断肽聚糖链的交联反应，导致细菌细胞壁结构缺陷。在渗透压作用下水分内渗，细菌膨胀裂解死亡。对需氧革兰阳性菌（链球菌、葡萄球菌不产酶株）和部分革兰阴性菌（大肠埃希菌、变形杆菌不产酶株）有效，属时间依赖性杀菌剂。', '口服吸收迅速，生物利用度犬约75%、猫约60%，食物对吸收影响较小。广泛分布于组织液和体液，可穿透胎盘屏障，脑脊液浓度低（脑膜炎时可升高）。几乎不被肝脏代谢，主要以原型经肾小管分泌排泄，半衰期约1-1.5小时。属时间依赖性抗菌药，T>MIC为关键PK/PD参数，需每日两次给药维持有效血药浓度。', '["尿路感染", "皮肤感染", "呼吸道感染", "牙科感染", "软组织感染"]', '["青霉素过敏"]', '["胃肠道反应", "过敏反应", "肠道菌群失调"]', '胃肠道反应因药物扰乱肠道正常菌群，条件致病菌过度生长。过敏反应由β-内酰胺环降解产物作为半抗原与载体蛋白结合引发IgE介导的超敏反应，交叉过敏见于其他青霉素类。大剂量可致中枢神经兴奋（肌阵挛、癫痫），与GABA受体竞争性抑制有关。偶见结晶尿和间质性肾炎。', '{"犬": "dose=11-22 mg/kg, route=PO, frequency=q12h", "猫": "dose=11-22 mg/kg, route=PO, frequency=q12h"}');
INSERT INTO drugs (id, name_zh, name_en, drug_class, mechanism_of_action, pk_pd, indications, contraindications, side_effects, adverse_mechanism, species_dosing) VALUES ('drug_019', '头孢氨苄', 'Cefalexin', '抗生素（第一代头孢菌素）', '头孢氨苄为第一代头孢菌素类抗生素，其β-内酰胺环与细菌青霉素结合蛋白（PBP-1和PBP-3）结合，抑制肽聚糖合成的最后交联步骤，导致细菌细胞壁缺陷而溶菌死亡。对革兰阳性菌（链球菌、不产酶葡萄球菌）抗菌活性强，对部分革兰阴性菌（大肠埃希菌、克雷伯菌不产酶株）亦有一定活性。对β-内酰胺酶不稳定，易被水解失活。', '口服吸收良好，生物利用度犬约70-80%，食物对吸收影响较小。广泛分布于组织和体液，但脑脊液浓度低。主要以原型经肾小管分泌排泄，半衰期犬约1-2小时、猫约1.5-2.5小时。属时间依赖性抗菌药，需每日2-3次给药维持T>MIC。', '["皮肤感染", "尿路感染", "软组织感染", "骨关节感染"]', '["青霉素/头孢菌素过敏", "严重肾功能不全（需调整剂量）"]', '["胃肠道反应", "过敏反应", "注射部位疼痛（IM）"]', '胃肠道反应因肠道菌群失调，表现为呕吐和腹泻。过敏反应较青霉素类少见，但交叉过敏率约5-10%。偶见结晶尿和肾小管损伤，大剂量使用时需注意水化。罕见粒细胞减少和嗜酸性粒细胞增多，与免疫介导机制有关。', '{"犬": "dose=22-30 mg/kg, route=PO, frequency=q12h", "猫": "dose=22-30 mg/kg, route=PO, frequency=q12h"}');
INSERT INTO drugs (id, name_zh, name_en, drug_class, mechanism_of_action, pk_pd, indications, contraindications, side_effects, adverse_mechanism, species_dosing) VALUES ('drug_020', '氟苯尼考', 'Florfenicol', '抗生素（苯丙醇类）', '氟苯尼考为苯丙醇类广谱抑菌性抗生素，通过与细菌50S核糖体亚基可逆结合，抑制肽酰转移酶活性，阻断肽链延伸，抑制细菌蛋白质合成。抗菌谱覆盖革兰阳性菌、革兰阴性菌、支原体和立克次体，对部分肠杆菌科细菌亦有效。与氯霉素结构相似但不具硝基，因此不引起再生障碍性贫血。属动物专用兽药，禁止用于食品动物泌乳期。', '口服吸收良好，生物利用度犬约70-90%。脂溶性高，组织穿透力强，能穿透血脑屏障、前列腺和骨组织。在肝脏经葡萄糖醛酸化代谢为无活性代谢物，半衰期犬约3-5小时。主要经肾脏排泄（约60-70%），少量经胆汁排泄。属浓度依赖性抗菌药，建议每日一次或两次给药。', '["呼吸道感染（尤其牛呼吸道病）", "皮肤感染", "多药耐药菌感染"]', '["妊娠", "疫苗接种期间", "家禽（禁用）"]', '["胃肠道反应", "骨髓抑制（罕见）", "注射部位反应"]', '骨髓抑制为最严重不良反应，因抑制线粒体蛋白合成导致可逆性红细胞生成抑制，与剂量相关。胃肠道反应因肠道菌群失调。肝毒性罕见，与代谢中间体蓄积有关。免疫抑制作用因高剂量时抑制抗体生成。局部注射部位可出现组织刺激和炎症反应。', '{"犬": "dose=20 mg/kg, route=PO/SC, frequency=q8-12h", "猫": "dose=标签外使用，数据有限, route=PO, frequency=谨慎使用"}');
INSERT INTO drugs (id, name_zh, name_en, drug_class, mechanism_of_action, pk_pd, indications, contraindications, side_effects, adverse_mechanism, species_dosing) VALUES ('drug_021', '特比萘芬', 'Terbinafine', '抗真菌药（丙烯胺类）', '特比萘芬为丙烯胺类抗真菌药，通过选择性抑制角鲨烯环氧酶，阻断麦角固醇生物合成途径。角鲨烯在真菌细胞内蓄积产生细胞毒性，同时麦角固醇缺乏导致细胞膜功能障碍，对皮肤癣菌有杀菌作用。', '口服吸收约40-50%，高脂餐促进吸收。高度亲脂性，在皮肤、毛发和指甲中浓度远高于血浆。血浆蛋白结合率>99%，半衰期约12小时。主要经肝脏CYP450代谢。', '["皮肤真菌病（癣菌）", "甲真菌病", "马拉色菌感染"]', '["严重肝功能不全"]', '["胃肠道反应", "肝酶升高", "味觉障碍（罕见）"]', '胃肠道反应（呕吐、腹泻、厌食）。肝酶升高（罕见肝毒性，需监测）。味觉障碍。皮疹。', '{"犬": "dose=30 mg/kg, route=PO, frequency=q24h", "猫": "dose=20-40 mg/kg, route=PO, frequency=q24h（猫对疗程要求更长）"}');
INSERT INTO drugs (id, name_zh, name_en, drug_class, mechanism_of_action, pk_pd, indications, contraindications, side_effects, adverse_mechanism, species_dosing) VALUES ('drug_022', '伊曲康唑', 'Itraconazole', '抗真菌药（三唑类）', '伊曲康唑为三唑类抗真菌药，抑制真菌细胞色素P450依赖的14α-去甲基酶，阻断麦角固醇合成，导致细胞膜通透性改变。对皮肤癣菌、念珠菌、曲霉菌、组织胞浆菌等均有活性。', '口服吸收受胃酸影响，酸性环境和食物促进吸收。高度亲脂性，在皮肤和角质层中浓度极高。血浆蛋白结合率>99%，半衰期约12-15小时。主要经肝脏CYP450代谢，为CYP3A4抑制剂。', '["深部真菌病（组织胞浆菌、球孢子菌、隐球菌）", "皮肤真菌病", "曲霉菌病"]', '["严重肝病", "妊娠", "与某些心脏药物合用"]', '["肝毒性", "胃肠道反应", "皮肤溃疡（犬脉冲疗法时）", "食欲下降"]', '胃肠道反应（厌食、呕吐）。肝毒性（剂量依赖性，需监测肝酶）。与多种药物有相互作用（CYP450抑制）。负性肌力作用（慎用于心功能不全）。', '{"犬": "dose=5-10 mg/kg, route=PO, frequency=q12-24h（与食物同服）", "猫": "dose=5-10 mg/kg, route=PO, frequency=q24h（液体剂型优于胶囊）"}');
INSERT INTO drugs (id, name_zh, name_en, drug_class, mechanism_of_action, pk_pd, indications, contraindications, side_effects, adverse_mechanism, species_dosing) VALUES ('drug_023', '多拉西泮（安定）', 'Diazepam', '苯二氮卓类', '地西泮为苯二氮卓类药物，与GABA_A受体上的苯二氮卓位点结合，增强GABA与受体的亲和力，增加氯离子通道开放频率，产生镇静、抗焦虑、肌肉松弛和抗惊厥作用。', '口服吸收迅速，生物利用度约90%。肌肉注射吸收不稳定。血浆蛋白结合率>98%，半衰期约2-4小时。主要经肝脏代谢为活性代谢物（去甲西泮、奥沙西泮）。', '["癫痫持续状态（IV）", "焦虑/行为问题", "术前镇静", "骨骼肌痉挛", "猫特发性膀胱炎（急性期）"]', '["严重肝功能不全（猫口服可致致命性肝坏死）", "重症肌无力", "严重呼吸抑制"]', '["镇静/共济失调", "肝毒性（猫口服）", "兴奋性矛盾反应（猫）", "呼吸抑制（IV）"]', '镇静、共济失调。矛盾性兴奋（罕见）。猫罕见但严重的特发性肝衰竭。长期使用产生耐受性和依赖性。', '{"犬": "dose=0.5-2 mg/kg IV（癫痫持续状态）；0.2-0.5 mg/kg PO, route=IV/PO, frequency=按需", "猫": "dose=0.5-1 mg/kg IV（癫痫持续状态）, route=IV, frequency=按需（避免口服，肝毒性风险）"}');
INSERT INTO drugs (id, name_zh, name_en, drug_class, mechanism_of_action, pk_pd, indications, contraindications, side_effects, adverse_mechanism, species_dosing) VALUES ('drug_024', '阿替美唑', 'Atipamezole', 'α-2肾上腺素能受体拮抗剂（右美托咪定拮抗剂）', '阿替美唑为高选择性α-2肾上腺素能受体拮抗剂，通过竞争性阻断α-2受体，逆转美托咪定等α-2激动剂引起的镇静、镇痛和心血管抑制效应。作为特异性拮抗剂使用。', '肌肉注射吸收迅速，5-10分钟起效。血浆蛋白结合率约85%，半衰期约1-2小时。主要经肝脏代谢。', '["右美托咪定/美托咪定麻醉后逆转", "镇静逆转"]', '["妊娠", "心脏病（相对）"]', '["短暂性低血压", "呕吐", "兴奋/躁动", "心动过速"]', '短暂性低血压或高血压。兴奋、震颤。快速逆转可能导致急性疼痛。流涎。', '{"犬": "dose=与右美托咪定等量（mg）, route=IM, frequency=单次", "猫": "dose=与右美托咪定等量（mg）, route=IM, frequency=单次"}');
INSERT INTO drugs (id, name_zh, name_en, drug_class, mechanism_of_action, pk_pd, indications, contraindications, side_effects, adverse_mechanism, species_dosing) VALUES ('drug_025', '纳洛酮', 'Naloxone', '阿片受体拮抗剂', '纳洛酮为阿片受体非选择性拮抗剂，通过竞争性阻断μ、κ、δ阿片受体，快速逆转阿片类药物引起的呼吸抑制、镇静和镇痛效应。作为阿片类药物过量的特效解毒剂。', '静脉注射1-2分钟起效，肌肉注射5-10分钟起效。血浆蛋白结合率约45%，半衰期约1-1.5小时（短于多数阿片类药物，可能需重复给药）。主要经肝脏葡萄糖醛酸化代谢。', '["阿片类药物过量逆转", "术后阿片类药物残余效应"]', '["阿片类药物依赖动物（可诱发戒断）"]', '["疼痛反弹", "心动过速", "兴奋/躁动", "肺水肿（罕见，快速IV）"]', '急性戒断症状（阿片依赖动物）：烦躁、呕吐、腹泻。疼痛快速恢复。心血管反应（高血压、心律失常、肺水肿）。', '{"犬": "dose=0.01-0.04 mg/kg, route=IV/IM/SC, frequency=可重复（作用时间短于阿片类）", "猫": "dose=0.01-0.04 mg/kg, route=IV/IM/SC, frequency=可重复"}');
INSERT INTO drugs (id, name_zh, name_en, drug_class, mechanism_of_action, pk_pd, indications, contraindications, side_effects, adverse_mechanism, species_dosing) VALUES ('drug_026', '维生素K1', 'Phytonadione (Vitamin K1)', '维生素/凝血因子合成辅助', '维生素K1（植物甲萘醌）为脂溶性维生素，作为γ-谷氨酰羧化酶的辅因子，参与凝血因子II、VII、IX、X以及蛋白C和蛋白S的γ-羧化过程，使其具有凝血活性。用于抗凝血类杀鼠药（华法林类）中毒的特效解毒。', '口服吸收需要胆汁乳化，皮下注射吸收更稳定。血浆蛋白结合率高，半衰期约1-2小时。主要在肝脏代谢。', '["香豆素类灭鼠药中毒", "华法林过量", "严重肝病凝血障碍", "新生畜维生素K缺乏"]', '["无特殊绝对禁忌"]', '["过敏反应（IV）", "注射部位反应", "高铁血红蛋白血症（极高剂量）"]', '注射部位反应（疼痛、肿胀）。罕见过敏反应（静脉注射时风险较高，建议皮下或口服给药）。过量可致血栓风险。', '{"犬": "dose=2-5 mg/kg, route=PO/SC, frequency=q12-24h（随脂餐口服）；疗程2-4周（灭鼠药中毒）", "猫": "dose=2-5 mg/kg, route=PO/SC, frequency=q12-24h（猫对灭鼠药更敏感）"}');
INSERT INTO drugs (id, name_zh, name_en, drug_class, mechanism_of_action, pk_pd, indications, contraindications, side_effects, adverse_mechanism, species_dosing) VALUES ('drug_027', '硫糖铝', 'Sucralfate', '胃黏膜保护剂', '硫糖铝在胃酸（pH<4）作用下解离为带负电荷的八硫酸蔗糖，与溃疡面带正电荷的蛋白质结合形成粘稠凝胶，选择性粘附于溃疡组织形成保护屏障。促进内源性前列腺素E2和表皮生长因子合成，增强粘膜防御和修复。', '口服后几乎不吸收（<5%），局部作用于胃黏膜。不被代谢，以原形随粪便排出。', '["消化道溃疡", "NSAIDs相关胃损伤", "尿毒症胃炎", "食管炎"]', '["严重肾功能不全（铝蓄积风险）"]', '["便秘", "铝蓄积（长期/肾衰）", "影响其他药物吸收（需间隔2h）"]', '便秘最常见（约2-5%）。罕见铝蓄积（长期使用于肾功能不全动物）。可能影响其他药物吸收（需间隔2小时给药）。', '{"犬": "dose=0.5-1 g, route=PO, frequency=q8-12h（空腹）", "猫": "dose=0.25 g, route=PO, frequency=q8-12h（空腹）"}');
INSERT INTO drugs (id, name_zh, name_en, drug_class, mechanism_of_action, pk_pd, indications, contraindications, side_effects, adverse_mechanism, species_dosing) VALUES ('drug_028', '多库酯钠', 'Docusate Sodium (DSS)', '粪便软化剂/灌肠剂', '多库酯钠为阴离子表面活性剂，降低粪便表面张力，使水分和脂肪渗入粪便，软化粪便并促进排出。同时可刺激肠壁神经丛促进肠蠕动。作为粪便软化剂使用。', '口服后几乎不吸收，局部作用于肠道。以原形随粪便排出。', '["便秘", "巨结肠（猫）", "粪便嵌塞", "灌肠（DSS灌肠液）"]', '["肠梗阻", "消化道穿孔"]', '["腹泻", "电解质紊乱（长期口服）", "灌肠时黏膜刺激"]', '胃肠道反应（恶心、腹痛、腹泻、里急后重）。罕见电解质紊乱。', '{"犬": "dose=50-200 mg, route=PO, frequency=q12-24h", "猫": "dose=50 mg, route=PO, frequency=q24h"}');
INSERT INTO drugs (id, name_zh, name_en, drug_class, mechanism_of_action, pk_pd, indications, contraindications, side_effects, adverse_mechanism, species_dosing) VALUES ('drug_029', '乳酸林格液', 'Lactated Ringer''s Solution', '晶体液（等渗）', '乳酸林格液为等渗晶体液，电解质成分与血浆相似（Na⁺ 130mEq/L, K⁺ 4mEq/L, Ca²⁺ 3mEq/L, Cl⁻ 109mEq/L, 乳酸根 28mEq/L）。乳酸根在肝脏代谢为碳酸氢根，有助于纠正轻度代谢性酸中毒。', '静脉输注后迅速分布至细胞外液。不引起渗透压异常。', '["脱水补液", "围手术期液体支持", "低血容量休克", "电解质紊乱纠正", "维持输液"]', '["高钙血症（含钙）", "严重乳酸酸中毒", "高钾血症"]', '["液体过负荷", "低钾血症（稀释性）", "静脉炎（外周输注）"]', '液体过负荷（尤其心功能不全或肾功能不全时可致肺水肿）。电解质稀释。乳酸根代谢障碍时（肝功能不全）可致代谢性碱中毒。', '{"犬": "dose=10-30 ml/kg/h（急性休克）；40-60 ml/kg/day（维持）, route=IV, frequency=持续", "猫": "dose=3-5 ml/kg/h（急性）；2-4 ml/kg/h（维持）, route=IV, frequency=持续（猫易过负荷）"}');
INSERT INTO drugs (id, name_zh, name_en, drug_class, mechanism_of_action, pk_pd, indications, contraindications, side_effects, adverse_mechanism, species_dosing) VALUES ('drug_030', '活性炭', 'Activated Charcoal', '吸附剂（解毒）', '活性炭具有极大的比表面积（1000-2000 m²/g），通过物理吸附作用与胃肠道内的毒物分子结合，形成不溶性复合物，阻止毒物经肠壁吸收。在中毒后1-2小时内使用效果最佳，对吸附能力强的毒物（如有机磷、对乙酰氨基酚）效果显著。', '口服后完全不被吸收，以原形随粪便排出。', '["中毒急救（吸附胃肠道毒物）", "某些药物过量", "乙二醇中毒辅助"]', '["肠梗阻/穿孔", "腐蚀性物质中毒", "无保护气道（误吸风险）"]', '["呕吐/误吸", "便秘/肠梗阻", "高钠血症（含山梨醇制剂）", "黑便"]', '便秘。呕吐（尤其大量给药时，误吸风险）。可能吸附其他口服药物降低其疗效。对重金属、醇类、氰化物吸附效果差。', '{"犬": "dose=1-4 g/kg（首剂）, route=PO, frequency=q4-8h（含山梨醇制剂不超过2次）", "猫": "dose=1-4 g/kg（首剂）, route=PO, frequency=q4-8h（猫需更小体积，注意误吸风险）"}');
INSERT INTO drugs (id, name_zh, name_en, drug_class, mechanism_of_action, pk_pd, indications, contraindications, side_effects, adverse_mechanism, species_dosing) VALUES ('drug_031', '托芬那酸', 'Tolfenamic Acid', 'NSAIDs（芬那酸类）', '托芬那酸为芬那酸类NSAID，通过抑制环氧化酶（COX），减少前列腺素合成，发挥抗炎、镇痛和解热作用。对COX-2有一定选择性，抗炎效果强。', '口服吸收良好。血浆蛋白结合率>99%，半衰期约3-4小时。主要经肝脏代谢。', '["术后镇痛", "骨关节炎", "软组织炎症", "发热（猫）"]', '["脱水/低血容量", "消化道溃疡", "肾功能不全", "肝功能不全", "妊娠"]', '["胃肠道反应", "肾毒性", "肝毒性", "注射部位反应（SC）"]', '胃肠道反应（呕吐、腹泻、溃疡）。肾毒性（尤其脱水时）。肝毒性。', '{"犬": "dose=4 mg/kg, route=SC/PO, frequency=单次SC或q24h PO（不超过3天）", "猫": "dose=4 mg/kg, route=SC, frequency=单次（猫仅批准单次SC注射）"}');
INSERT INTO drugs (id, name_zh, name_en, drug_class, mechanism_of_action, pk_pd, indications, contraindications, side_effects, adverse_mechanism, species_dosing) VALUES ('drug_032', '加巴喷丁', 'Gabapentin', '抗癫痫药/神经性镇痛药', '加巴喷丁与电压门控钙通道的α2δ-1亚基结合，减少钙离子内流，抑制兴奋性神经递质（谷氨酸、P物质、降钙素基因相关肽）释放，降低神经元兴奋性。用于神经性疼痛管理和辅助抗癫痫治疗。', '口服吸收良好但剂量依赖性饱和（剂量增加时生物利用度下降，因肠道L-氨基酸转运体饱和）。不与血浆蛋白结合，半衰期约3-4小时。以原形经肾脏排泄。', '["神经性疼痛", "慢性疼痛（联合NSAIDs）", "术后镇痛辅助", "焦虑（猫术前）", "难治性癫痫辅助"]', '["严重肾功能不全（需减量）"]', '["镇静/共济失调", "外周水肿", "含Xylitol的口服液（犬禁用）"]', '镇静、共济失调（最常见，与剂量相关）。外周水肿。体重增加。', '{"犬": "dose=5-10 mg/kg, route=PO, frequency=q8-12h（镇痛）；3-5 mg/kg q8h（起始）", "猫": "dose=5-10 mg/kg, route=PO, frequency=q8-12h（镇痛/术前镇静）"}');
INSERT INTO drugs (id, name_zh, name_en, drug_class, mechanism_of_action, pk_pd, indications, contraindications, side_effects, adverse_mechanism, species_dosing) VALUES ('drug_033', '氯胺酮', 'Ketamine', '分离麻醉剂（NMDA受体拮抗剂）', '氯胺酮为NMDA受体非竞争性拮抗剂，阻断谷氨酸的兴奋性传导，产生分离麻醉（意识与感觉分离）。同时抑制丘脑-皮层投射系统，激活边缘系统。增加交感神经活性，维持血压和心率。', '静脉注射30秒起效，肌肉注射3-5分钟起效。血浆蛋白结合率约20-30%，半衰期约1-2小时。主要经肝脏代谢为活性代谢物去甲氯胺酮（镇痛活性为母药的1/3-1/5）。', '["诱导麻醉", "镇痛（亚麻醉剂量）", "癫痫持续状态", "安乐死（辅助）"]', '["严重高血压", "颅内压升高", "严重肝病", "单独使用（需联合镇静剂）"]', '["唾液分泌增加", "肌肉僵直", "精神性反应（猫）", "呼吸抑制（高剂量）", "惊厥阈值降低"]', '唾液分泌增多（需合用阿托品减少分泌）。肌肉紧张、惊厥（恢复期）。颅内压和眼压升高。单独使用镇痛效果有限，常需与镇静剂联合。', '{"犬": "dose=5-10 mg/kg IV（诱导，联合镇静剂）, route=IV/IM, frequency=按需", "猫": "dose=5-10 mg/kg IV（诱导）, route=IV/IM, frequency=按需（猫可单独用于制动）"}');
INSERT INTO drugs (id, name_zh, name_en, drug_class, mechanism_of_action, pk_pd, indications, contraindications, side_effects, adverse_mechanism, species_dosing) VALUES ('drug_034', '布托啡诺', 'Butorphanol', '阿片类镇痛药（激动-拮抗剂）', '布托啡诺为混合型阿片受体激动-拮抗剂：κ受体激动产生镇痛和镇静作用，μ受体部分激动/拮抗。镇痛效果约为吗啡的5倍，呼吸抑制有封顶效应（安全性优于纯μ激动剂）。', '肌肉注射10-15分钟起效，持续约4-6小时。血浆蛋白结合率约80%，半衰期约3-4小时。主要经肝脏代谢。', '["中度至重度疼痛", "术前镇痛", "术后镇痛", "内脏痛"]', '["严重肝肾功能不全", "与纯阿片激动剂合用（可拮抗其作用）"]', '["镇静", "流涎", "共济失调", "食欲下降", "呼吸抑制（高剂量）"]', '镇静。胃肠道反应（恶心、呕吐）。大剂量时可能出现烦躁不安。', '{"犬": "dose=0.2-0.4 mg/kg, route=IV/IM/SC, frequency=q2-4h（镇痛）；0.25-0.5 mg/kg PO q6-8h", "猫": "dose=0.2-0.4 mg/kg, route=IV/IM/SC, frequency=q2-4h（猫对布托啡诺敏感，镇痛效果好）"}');
INSERT INTO drugs (id, name_zh, name_en, drug_class, mechanism_of_action, pk_pd, indications, contraindications, side_effects, adverse_mechanism, species_dosing) VALUES ('drug_035', '布地奈德', 'Budesonide', '糖皮质激素（局部作用）', '布地奈德为局部作用糖皮质激素，与胞浆内糖皮质激素受体结合后转入细胞核，抑制促炎基因转录，减少炎症介质产生。口服首过效应强（约90%在肝脏被快速代谢），因此吸入或局部给药时全身副作用显著减少。', '吸入给药时直接作用于气道黏膜。口服生物利用度约10%。血浆蛋白结合率约85-90%，半衰期约2-3小时。主要经肝脏CYP3A4代谢。', '["炎症性肠病（IBD）", "慢性肠病", "结肠炎"]', '["真菌感染", "妊娠", "对布地奈德过敏"]', '["医源性库欣（长期高剂量）", "肾上腺抑制", "胃肠道反应（少见）"]', '口腔念珠菌感染（局部免疫抑制）。声音嘶哑。长期高剂量全身吸收后可出现库欣样症状。', '{"犬": "dose=1-3 mg/只（小型犬1mg，大型犬3mg）, route=PO, frequency=q24h（逐渐减量）", "猫": "dose=1 mg/只, route=PO, frequency=q24h（猫IBD治疗）"}');
INSERT INTO drugs (id, name_zh, name_en, drug_class, mechanism_of_action, pk_pd, indications, contraindications, side_effects, adverse_mechanism, species_dosing) VALUES ('drug_036', '司来吉兰', 'Selegiline (L-Deprenyl)', '单胺氧化酶-B抑制剂（MAO-B抑制剂）', '司来吉兰为选择性单胺氧化酶-B（MAO-B）抑制剂，抑制多巴胺的代谢降解，增加突触间隙多巴胺浓度。同时可能具有神经保护作用（减少氧化应激、抑制神经元凋亡）。用于犬认知功能障碍综合征和库欣综合征。', '口服吸收良好，生物利用度约10%（首过效应强）。血浆蛋白结合率约90%，半衰期约1-2小时。主要经肝脏代谢。', '["犬库欣综合征（垂体依赖型）", "犬认知功能障碍综合征（CDS）"]', '["与SSRI类抗抑郁药合用", "与哌替啶合用", "妊娠"]', '["呕吐/厌食", "焦虑/兴奋", "心动过速", "嗜睡", "耳部瘙痒"]', '胃肠道反应。失眠（建议早晨给药）。与哌替啶合用可致严重不良反应（5-羟色胺综合征）。', '{"犬": "dose=1 mg/kg, route=PO, frequency=q24h（库欣）；0.5-1 mg/kg q24h（CDS）", "猫": "dose=不适用（猫司来吉兰疗效未证实）, route=-, frequency=-"}');
INSERT INTO drugs (id, name_zh, name_en, drug_class, mechanism_of_action, pk_pd, indications, contraindications, side_effects, adverse_mechanism, species_dosing) VALUES ('drug_037', '曲唑酮', 'Trazodone', '5-HT受体拮抗剂/再摄取抑制剂（SARI类）', '曲唑酮为5-HT受体拮抗剂/再摄取抑制剂（SARI类），通过阻断5-HT2A受体和抑制5-HT再摄取，产生抗焦虑和镇静作用。同时阻断α-1肾上腺素能受体。用于犬猫行为问题管理。', '口服吸收良好。血浆蛋白结合率约89-95%，半衰期约5-9小时。主要经肝脏代谢为活性代谢物mCPP。', '["焦虑/行为问题", "术前镇静", "术后笼养镇静", "噪音恐惧症", "分离焦虑"]', '["与MAO抑制剂合用", "严重肝功能不全", "已知QT延长"]', '["镇静（最常见）", "共济失调", "胃肠道反应", "激越（少见）", "阴茎异常勃起（犬，未去势）"]', '镇静、共济失调。胃肠道反应。罕见阴茎异常勃起（犬）。与SSRI合用时需谨慎。', '{"犬": "dose=2-5 mg/kg, route=PO, frequency=q8-12h（镇静/焦虑）；术前2-3h给予5-10 mg/kg", "猫": "dose=50-100 mg/只, route=PO, frequency=q24h（猫标签外使用，数据有限）"}');
INSERT INTO drugs (id, name_zh, name_en, drug_class, mechanism_of_action, pk_pd, indications, contraindications, side_effects, adverse_mechanism, species_dosing) VALUES ('drug_038', '贝那普利', 'Benazepril', '血管紧张素转换酶抑制剂（ACEI）', '贝那普利为血管紧张素转换酶抑制剂（ACEI），抑制血管紧张素I转化为血管紧张素II（强效血管收缩剂），同时减少缓激肽降解，产生血管扩张作用。降低心脏前后负荷，改善心输出量。', '口服后在肝脏水解为活性代谢物贝那普利拉。血浆蛋白结合率约95%，半衰期约10-12小时。主要经肾脏排泄。', '["慢性肾病（减少蛋白尿）", "心力衰竭辅助", "高血压"]', '["双侧肾动脉狭窄", "妊娠", "严重肾功能不全（需谨慎）", "低血压"]', '["低血压", "高钾血症", "食欲下降", "呕吐/腹泻", "肾功能恶化（罕见）"]', '低血压（尤其脱水或合用利尿剂时）。高钾血症。肾功能恶化。胃肠道反应。咳嗽（人医常见，兽医少见）。', '{"犬": "dose=0.25-0.5 mg/kg, route=PO, frequency=q24h", "猫": "dose=0.25-0.5 mg/kg, route=PO, frequency=q24h（猫CKD蛋白尿管理）"}');
INSERT INTO drugs (id, name_zh, name_en, drug_class, mechanism_of_action, pk_pd, indications, contraindications, side_effects, adverse_mechanism, species_dosing) VALUES ('drug_039', '碳酸镧', 'Lanthanum Carbonate', '磷酸盐结合剂', '碳酸镧为非钙非金属磷酸盐结合剂，在胃肠道中与食物中的磷酸根结合形成不溶性磷酸镧复合物，阻止磷酸盐经肠壁吸收，从而降低血磷水平。用于慢性肾病高磷血症的管理。', '口服后几乎不吸收（<0.001%），局部作用于胃肠道。不与血浆蛋白结合，以原形随粪便排出。', '["高磷血症（CKD相关）", "慢性肾病矿物质代谢紊乱"]', '["低磷血症", "肠梗阻"]', '["胃肠道反应（恶心/呕吐）", "便秘", "电解质紊乱"]', '胃肠道反应（恶心、呕吐、便秘）。罕见铝样脑病（理论风险）。', '{"犬": "dose=30-90 mg/kg, route=PO, frequency=q24h（与食物同服）", "猫": "dose=30-60 mg/kg, route=PO, frequency=q24h（与食物同服）"}');
INSERT INTO drugs (id, name_zh, name_en, drug_class, mechanism_of_action, pk_pd, indications, contraindications, side_effects, adverse_mechanism, species_dosing) VALUES ('drug_040', '乙酰丙嗪', 'Acepromazine', '吩噻嗪类镇静剂', '乙酰丙嗪为吩噻嗪类镇静剂，通过阻断多巴胺D2受体产生镇静和安定作用。同时具有抗组胺和抗胆碱能作用。作为术前镇静和化学保定用药。', '口服吸收良好。血浆蛋白结合率>90%，半衰期约3-6小时。主要经肝脏代谢。', '["术前镇静", "镇静/制动", "镇吐辅助", "化学保定"]', '["癫痫（降低惊厥阈值）", "严重心血管疾病", "妊娠", "拳师犬（易晕厥）", "老年/体弱动物"]', '["镇静", "低血压", "心动过缓", "低体温", "阴茎异常勃起/脱垂（未去势公犬，罕见但严重）"]', '镇静、低血压（α-1受体阻断）。体温调节障碍（环境温度敏感）。斗牛犬品系可致晕厥。降低癫痫阈值。', '{"犬": "dose=0.02-0.05 mg/kg, route=IV/IM/SC, frequency=按需（镇静）；0.5-2.2 mg/kg PO q6-8h", "猫": "dose=0.02-0.05 mg/kg, route=IV/IM/SC, frequency=按需（镇静）；1-2 mg/kg PO q8-12h"}');
INSERT INTO drugs (id, name_zh, name_en, drug_class, mechanism_of_action, pk_pd, indications, contraindications, side_effects, adverse_mechanism, species_dosing) VALUES ('drug_041', '氯雷他定', 'Loratadine', '抗组胺药（H1受体拮抗剂，第二代）', '氯雷他定为第二代抗组胺药，选择性阻断外周H1受体，抑制组胺引起的血管扩张、毛细血管通透性增加和平滑肌收缩。不易穿透血脑屏障，因此中枢镇静作用轻微。', '口服吸收良好，生物利用度约40-50%（首过效应）。血浆蛋白结合率约97-99%，半衰期约8-12小时（活性代谢物去羧乙氧基氯雷他定半衰期更长）。主要经肝脏CYP3A4代谢。', '["过敏/特应性皮炎", "荨麻疹", "过敏性鼻炎", "跳蚤过敏性皮炎辅助"]', '["严重肝功能不全（需减量）"]', '["镇静（少见，第二代抗组胺药镇静作用轻）", "胃肠道反应", "口干"]', '轻微镇静（偶见）。胃肠道反应。罕见心动过速。', '{"犬": "dose=0.5-1 mg/kg, route=PO, frequency=q24h", "猫": "dose=5 mg/只, route=PO, frequency=q24h（猫标签外使用）"}');
INSERT INTO drugs (id, name_zh, name_en, drug_class, mechanism_of_action, pk_pd, indications, contraindications, side_effects, adverse_mechanism, species_dosing) VALUES ('drug_042', '苯巴比妥', 'Phenobarbital', '抗癫痫药（巴比妥类）', '苯巴比妥为长效巴比妥类抗癫痫药，通过增强GABA_A受体介导的氯离子内流（延长氯通道开放时间），增强中枢抑制效应。同时抑制谷氨酸的AMPA受体活性，提高癫痫发作阈值。', '口服吸收良好，生物利用度约80-90%。血浆蛋白结合率约45%，半衰期约37-73小时（犬个体差异大）。强效肝药酶诱导剂（CYP450），可加速自身和其他药物代谢。', '["犬特发性癫痫", "癫痫持续状态（IV）", "猫癫痫（二线）"]', '["严重肝病", "妊娠", "与氯丙嗪合用（降低惊厥阈值）"]', '["镇静/共济失调（起始期常见）", "多饮多尿多食", "肝毒性（长期）", "再生障碍性贫血（罕见）"]', '镇静、多饮多尿、多食、体重增加（初期最常见）。肝毒性（长期使用需定期监测肝酶和血药浓度）。血液学毒性（罕见）。突然停药可诱发癫痫持续状态。', '{"犬": "dose=2-5 mg/kg, route=PO, frequency=q12h（维持）；20 mg/kg IV（癫痫持续状态）", "猫": "dose=2-3 mg/kg, route=PO, frequency=q12h（猫二线用药）"}');
INSERT INTO drugs (id, name_zh, name_en, drug_class, mechanism_of_action, pk_pd, indications, contraindications, side_effects, adverse_mechanism, species_dosing) VALUES ('drug_043', '溴化钾', 'Potassium Bromide', '抗癫痫药（溴化物）', '溴化钾通过溴离子替代氯离子进入神经元，增加细胞膜超极化程度，降低神经元兴奋性，提高癫痫发作阈值。与苯巴比妥有协同作用，常作为二线或辅助抗癫痫药。不影响肝药酶。', '口服吸收良好，生物利用度约90%以上。不与血浆蛋白结合，半衰期极长（约24-46天），需给予负荷剂量加速达稳态。完全经肾脏排泄，肾功能不全时半衰期延长。', '["犬难治性癫痫（联合苯巴比妥）", "苯巴比妥不耐受时的替代"]', '["肾功能不全", "妊娠", "与含溴药物合用"]', '["镇静/共济失调（起始期）", "多饮多尿多食", "胃肠道反应", "皮肤反应（罕见）"]', '镇静、共济失调、虚弱（初期，通常1-2周后耐受）。胃肠道反应（恶心、呕吐）。多饮多尿。溴中毒（极高剂量）：意识模糊、精神病样行为、皮疹。', '{"犬": "dose=30-40 mg/kg, route=PO, frequency=q24h（维持）；负荷剂量200-300 mg/kg 分5天给予", "猫": "dose=不适用（猫溴化物耐受差，可致支气管痉挛）, route=-, frequency=-"}');
INSERT INTO drugs (id, name_zh, name_en, drug_class, mechanism_of_action, pk_pd, indications, contraindications, side_effects, adverse_mechanism, species_dosing) VALUES ('drug_044', '硫唑嘌呤', 'Azathioprine', '免疫抑制剂（嘌呤类似物）', '硫唑嘌呤为嘌呤类似物免疫抑制剂，在体内代谢为6-巯基嘌呤（6-MP），掺入DNA后抑制嘌呤从头合成，阻断淋巴细胞（尤其是T细胞）增殖。用于免疫介导性疾病的长期免疫抑制治疗。', '口服吸收良好。血浆蛋白结合率约30%，半衰期约3-5小时（但其活性代谢物作用时间更长）。主要经肝脏代谢。', '["免疫介导性疾病（IMHA/IMPA）", "炎症性肠病（激素节约剂）", "自身免疫性皮肤病"]', '["妊娠", "严重肝病", "与别嘌醇合用（毒性增加）"]', '["骨髓抑制（WBC↓）", "胃肠道反应", "肝毒性", "胰腺炎（犬）"]', '骨髓抑制（白细胞减少、血小板减少）是最严重不良反应。胃肠道反应（恶心、呕吐、腹泻）。肝毒性。胰腺炎（犬）。感染风险增加。', '{"犬": "dose=2 mg/kg, route=PO, frequency=q24h（诱导）；q48h（维持）", "猫": "dose=0.3 mg/kg, route=PO, frequency=q48-72h（猫对硫唑嘌呤敏感，代谢慢）"}');
INSERT INTO drugs (id, name_zh, name_en, drug_class, mechanism_of_action, pk_pd, indications, contraindications, side_effects, adverse_mechanism, species_dosing) VALUES ('drug_045', '环磷酰胺', 'Cyclophosphamide', '烷化剂（化疗药）', '环磷酰胺为烷化剂类化疗药和免疫抑制剂，在肝脏被CYP450活化后产生磷酰胺氮芥，与DNA交联，阻断DNA复制和转录，抑制细胞增殖。对增殖活跃的淋巴细胞有选择性毒性。', '口服吸收良好，生物利用度约75-90%。血浆蛋白结合率低，半衰期约3-12小时。主要经肝脏活化，代谢物经肾脏排泄。', '["淋巴瘤（CHOP方案）", "免疫介导性疾病（严重）", "肿瘤化疗"]', '["妊娠", "严重骨髓抑制", "活动性感染", "严重肝病"]', '["骨髓抑制", "胃肠道反应", "出血性膀胱炎（犬）", "脱发（有毛品种）"]', '骨髓抑制（剂量限制性毒性）。胃肠道反应（恶心、呕吐）。出血性膀胱炎（代谢物丙烯醛刺激膀胱黏膜，需配合美司钠和充足饮水）。脱发。免疫抑制。', '{"犬": "dose=50 mg/m², route=PO, frequency=q48h（CHOP方案中）；200 mg/m² IV 每周一次", "猫": "dose=10 mg/kg, route=IV, frequency=每2-3周（猫CHOP方案剂量较低）"}');
INSERT INTO drugs (id, name_zh, name_en, drug_class, mechanism_of_action, pk_pd, indications, contraindications, side_effects, adverse_mechanism, species_dosing) VALUES ('drug_046', '长春新碱', 'Vincristine', '植物碱类化疗药（长春花生物碱）', '长春新碱为长春花生物碱类化疗药，与微管蛋白结合，抑制微管聚合，阻断有丝分裂纺锤体形成，使细胞停滞于M期。同时干扰多种细胞器功能和蛋白质合成。', '静脉给药（不可鞘外注射，有组织坏死风险）。血浆蛋白结合率约75%，半衰期约1-2小时（但组织结合时间长，实际作用持续数天）。主要经肝脏CYP3A4代谢，经胆汁排泄。', '["淋巴瘤（CHOP方案）", "犬血小板减少症（ITP）"]', '["妊娠", "严重骨髓抑制", "肝静脉闭塞病"]', '["外周神经毒性", "胃肠道反应", "局部组织坏死（渗漏）", "骨髓抑制（较轻）"]', '骨髓抑制（较其他长春花生物碱轻）。外周神经毒性（感觉异常、便秘、肠梗阻）。局部组织坏死（外渗时）。胃肠道反应。脱发。', '{"犬": "dose=0.5-0.75 mg/m², route=IV, frequency=每周一次（CHOP方案）", "猫": "dose=0.5-0.7 mg/m², route=IV, frequency=每周一次（猫CHOP方案）"}');
INSERT INTO drugs (id, name_zh, name_en, drug_class, mechanism_of_action, pk_pd, indications, contraindications, side_effects, adverse_mechanism, species_dosing) VALUES ('drug_047', '多柔比星', 'Doxorubicin', '蒽环类化疗药', '多柔比星为蒽环类化疗药，通过多种机制发挥抗肿瘤作用：①嵌入DNA双链，抑制拓扑异构酶II，阻断DNA复制；②产生自由基，导致DNA链断裂和细胞膜损伤；③抑制RNA合成。', '静脉给药（不可肌肉或皮下注射）。血浆蛋白结合率约75%，半衰期约1-2小时（终末半衰期更长）。主要经肝脏代谢，经胆汁排泄。', '["淋巴瘤（CHOP方案）", "血管肉瘤", "骨肉瘤", "多种实体瘤"]', '["心脏病（累积心脏毒性）", "严重肝病", "妊娠", "累积剂量限制"]', '["骨髓抑制", "心脏毒性（累积剂量相关）", "胃肠道反应", "局部组织坏死（渗漏）", "脱毛"]', '心脏毒性（剂量累积性心肌损伤，犬最严重）。骨髓抑制。胃肠道反应（恶心、呕吐、腹泻）。脱发。局部组织坏死（外渗时）。尿液可呈红色。', '{"犬": "dose=30 mg/m²（≥10kg）或1 mg/kg（<10kg）, route=IV, frequency=每3周（累积上限180-240 mg/m²）", "猫": "dose=20-25 mg/m², route=IV, frequency=每3周（猫剂量较低）"}');
INSERT INTO drugs (id, name_zh, name_en, drug_class, mechanism_of_action, pk_pd, indications, contraindications, side_effects, adverse_mechanism, species_dosing) VALUES ('drug_048', '美拉索明', 'Melarsomine', '有机砷化合物（杀心丝虫药）', '美拉索明为有机砷化合物，通过砷基团与寄生虫蛋白的巯基结合，干扰能量代谢，导致成虫死亡。对犬心丝虫成虫有高度选择性毒性，是杀灭心丝虫成虫的唯一注册药物。', '深肌肉注射（腰旁肌）。吸收后分布于肝脏和肺动脉。血浆蛋白结合率高，半衰期约3-4小时。主要经肾脏排泄。', '["犬心丝虫病（杀成虫）"]', '["严重心丝虫病（IV期，手术取虫更安全）", "妊娠", "肝肾功能严重不全"]', '["注射部位疼痛/肿胀", "肺血栓栓塞（死亡虫体）", "肝毒性", "发热/厌食"]', '注射部位疼痛和肿胀。肺血栓栓塞（虫体死亡后栓塞肺动脉，需严格限制活动）。肝毒性。肾毒性。胃肠道反应。', '{"犬": "dose=2.5 mg/kg, route=IM（深部腰肌注射）, frequency=第1天1次→第2天2次（间隔24h）= 3次注射方案", "猫": "dose=不推荐（猫对美拉索明毒性大，无安全有效剂量）, route=-, frequency=-"}');
INSERT INTO drugs (id, name_zh, name_en, drug_class, mechanism_of_action, pk_pd, indications, contraindications, side_effects, adverse_mechanism, species_dosing) VALUES ('drug_049', '伊维菌素', 'Ivermectin', '大环内酯类抗寄生虫药', '伊维菌素为大环内酯类抗寄生虫药，通过激活谷氨酸门控氯离子通道（GluCl），增加氯离子内流，导致寄生虫神经肌肉麻痹死亡。对线虫和节肢动物有广谱活性。', '口服吸收良好。血浆蛋白结合率约93%，半衰期约1-3小时。主要经肝脏代谢，经粪便排出。可穿透血脑屏障（MDR1基因缺陷犬可致严重神经毒性）。', '["心丝虫预防", "疥螨", "耳螨", "肠道线虫", "微丝蚴清除"]', '["柯利犬/牧羊犬MDR1基因突变（高剂量神经毒性）", "6周龄以下幼犬"]', '["呕吐/腹泻", "镇静/共济失调（MDR1突变犬高剂量时）", "瞳孔散大"]', 'MDR1基因缺陷犬（柯利犬等）可出现严重神经毒性：震颤、共济失调、昏迷、死亡。呕吐、腹泻。瞳孔散大。', '{"犬": "dose=6-12 μg/kg, route=PO, frequency=每月一次（心丝虫预防）", "猫": "dose=24 μg/kg, route=PO, frequency=每月一次（猫心丝虫预防剂量）"}');
INSERT INTO drugs (id, name_zh, name_en, drug_class, mechanism_of_action, pk_pd, indications, contraindications, side_effects, adverse_mechanism, species_dosing) VALUES ('drug_050', '多库酯钠/乳果糖', 'Docusate/Lactulose', '消化系统用药', '多库酯钠为粪便软化剂，通过降低粪便表面张力使水分渗入软化粪便。乳果糖为合成双糖，在结肠被细菌分解为乳酸和乙酸，增加肠腔内渗透压，保留水分，软化粪便并刺激肠蠕动。两者协同促进排便。', '两者口服后均几乎不吸收，局部作用于肠道。乳果糖在结肠被细菌发酵产酸。', '["便秘", "肝性脑病(乳果糖)"]', '["肠梗阻"]', '["腹泻", "电解质紊乱(长期使用)"]', '腹胀、腹痛。腹泻（过量时）。电解质紊乱（罕见）。', NULL);
INSERT INTO drugs (id, name_zh, name_en, drug_class, mechanism_of_action, pk_pd, indications, contraindications, side_effects, adverse_mechanism, species_dosing) VALUES ('drug_051', '马罗匹坦', 'Maropitant', '止吐药', '马罗匹坦为NK-1受体拮抗剂，通过阻断P物质与NK-1受体结合，抑制呕吐中枢激活。对中枢性和外周性呕吐均有抑制作用。', '口服生物利用度约24-30%。皮下注射吸收更快。血浆蛋白结合率>99%，半衰期约8-9小时。主要经肝脏CYP450代谢。', '["各种原因呕吐", "预防晕动症"]', '["16周龄以下犬"]', '["注射部位疼痛", "一过性心动过缓"]', '注射部位疼痛。流涎、腹泻。罕见过敏反应。', '{"犬": "口服2mg/kg q24h；皮下注射1mg/kg q24h（连用最多5天）", "猫": "口服1mg/kg q24h"}');
INSERT INTO drugs (id, name_zh, name_en, drug_class, mechanism_of_action, pk_pd, indications, contraindications, side_effects, adverse_mechanism, species_dosing) VALUES ('drug_052', '加巴喷丁', 'Gabapentin', '抗癫痫药/镇痛药', '加巴喷丁与电压门控钙通道α2δ亚基结合，减少钙离子内流，抑制兴奋性神经递质释放。用于神经性疼痛和辅助抗癫痫。', '口服吸收良好但剂量依赖性饱和。不与血浆蛋白结合，半衰期约3-4小时。以原形经肾脏排泄。', '["神经性疼痛", "癫痫辅助", "焦虑/应激"]', '["严重肾功能不全"]', '["镇静", "共济失调", "外周水肿"]', '镇静、共济失调。外周水肿。', '{"犬": "5-10mg/kg q8-12h", "猫": "5-10mg/kg q12h"}');
INSERT INTO drugs (id, name_zh, name_en, drug_class, mechanism_of_action, pk_pd, indications, contraindications, side_effects, adverse_mechanism, species_dosing) VALUES ('drug_053', '曲马多', 'Tramadol', '镇痛药', '曲马多为弱阿片类镇痛药，双重机制：弱μ受体激动+5-HT/NE再摄取抑制。适用于中度疼痛。', '口服生物利用度约70-80%。血浆蛋白结合率约20%，半衰期约4-6小时。主要经肝脏代谢。', '["轻至中度疼痛", "慢性疼痛"]', '["MAO抑制剂合用", "癫痫患犬慎用"]', '["镇静", "恶心", "便秘", "猫可能产生兴奋而非镇静"]', '镇静、恶心、便秘。高剂量可降低癫痫阈值。', '{"犬": "2-5mg/kg q8-12h", "猫": "效果不确切，2-4mg/kg q12h"}');
INSERT INTO drugs (id, name_zh, name_en, drug_class, mechanism_of_action, pk_pd, indications, contraindications, side_effects, adverse_mechanism, species_dosing) VALUES ('drug_054', '托赛米', 'Torasemide', '利尿剂', '托赛米为袢利尿剂，作用于肾小管髓袢升支粗段，抑制Na⁺/K⁺/2Cl⁻共转运体，产生强效利尿作用。与呋塞米相比，生物利用度更高且更稳定。', '口服生物利用度约80-90%（个体差异小）。血浆蛋白结合率>97%，半衰期约4-6小时。主要经肝脏代谢。', '["心力衰竭", "其他需强利尿的情况"]', '["低血容量", "低钾血症", "肝昏迷"]', '["脱水", "电解质紊乱", "肾前性氮质血症"]', '电解质紊乱（低钾、低钠、低氯性碱中毒）。脱水。耳毒性（罕见）。', '{"犬": "0.1-0.3mg/kg q24h（口服）", "猫": "0.1-0.2mg/kg q24h"}');
INSERT INTO drugs (id, name_zh, name_en, drug_class, mechanism_of_action, pk_pd, indications, contraindications, side_effects, adverse_mechanism, species_dosing) VALUES ('drug_055', '贝那普利', 'Benazepril', 'ACE抑制剂', '贝那普利为ACE抑制剂，抑制血管紧张素转换酶，减少血管紧张素II生成，扩张血管，降低心脏前后负荷。', '口服后在肝脏水解为活性代谢物贝那普利拉。血浆蛋白结合率约95%，半衰期约10-12小时。', '["CKD蛋白尿", "心力衰竭", "高血压"]', '["双侧肾动脉狭窄", "妊娠"]', '["低血压", "高钾血症", "肾功能恶化"]', '低血压。高钾血症。肾功能恶化。胃肠道反应。', '犬猫：0.25-0.5mg/kg q24h');
INSERT INTO drugs (id, name_zh, name_en, drug_class, mechanism_of_action, pk_pd, indications, contraindications, side_effects, adverse_mechanism, species_dosing) VALUES ('drug_056', '氯吡格雷', 'Clopidogrel', '抗血小板药', '氯吡格雷为P2Y12受体拮抗剂，不可逆地抑制ADP与血小板P2Y12受体结合，阻断血小板活化和聚集。用于预防血栓形成。', '口服吸收后在肝脏转化为活性代谢物。血浆蛋白结合率约98%，半衰期约6-8小时。', '["血栓预防(猫HCM)", "动脉血栓栓塞"]', '["活动性出血", "严重肝病"]', '["出血倾向", "胃肠道不适"]', '出血风险增加。胃肠道反应。罕见血栓性血小板减少性紫癜。', '{"猫": "18.75mg/cat q24h", "犬": "1-2mg/kg q24h"}');
INSERT INTO drugs (id, name_zh, name_en, drug_class, mechanism_of_action, pk_pd, indications, contraindications, side_effects, adverse_mechanism, species_dosing) VALUES ('drug_057', '阿替帕唑', 'Atipamezole', '拮抗剂', '阿替美唑为α-2受体拮抗剂，逆转美托咪定等α-2激动剂的镇静和心血管抑制效应。', '肌肉注射吸收迅速，5-10分钟起效。半衰期约1-2小时。', '["逆转α2激动剂镇静"]', NULL, '["一过性低血压", "呕吐", "兴奋"]', '短暂性低血压或高血压。兴奋、震颤。', '犬猫：给予美托咪定等量（mg:mg）IM');
INSERT INTO drugs (id, name_zh, name_en, drug_class, mechanism_of_action, pk_pd, indications, contraindications, side_effects, adverse_mechanism, species_dosing) VALUES ('drug_058', '氟西汀', 'Fluoxetine', '行为调节药', '氟西汀为选择性5-羟色胺再摄取抑制剂（SSRI），阻断突触前膜5-HT转运体，增加突触间隙5-HT浓度，产生抗焦虑和抗强迫作用。用于犬猫行为问题。', '口服吸收良好。血浆蛋白结合率约95%，半衰期约1-3天（活性代谢物去甲氟西汀半衰期更长）。主要经肝脏CYP2D6代谢。', '["分离焦虑", "强迫行为", "猫喷尿标记"]', '["MAO抑制剂合用", "癫痫病史"]', '["食欲下降", "镇静", "胃肠道不适"]', '胃肠道反应（厌食、呕吐）。镇静或兴奋（初期）。与MAOI合用可致5-羟色胺综合征。', '{"犬": "1-2mg/kg q24h", "猫": "0.5-1mg/kg q24h"}');
INSERT INTO drugs (id, name_zh, name_en, drug_class, mechanism_of_action, pk_pd, indications, contraindications, side_effects, adverse_mechanism, species_dosing) VALUES ('drug_059', '两性霉素B', 'Amphotericin B', '抗真菌药', '两性霉素B为多烯类抗真菌药，与真菌细胞膜上的麦角固醇结合，形成膜孔道，导致细胞内重要物质外漏和细胞死亡。对多种深部真菌有杀菌作用。', '口服几乎不吸收（仅用于肠道真菌感染）。静脉给药后血浆蛋白结合率>90%，半衰期约15天。主要经肝脏代谢。', '["全身性真菌感染"]', '["严重肾功能不全(普通剂型)"]', '["肾毒性(普通剂型)", "输液反应", "低钾血症"]', '肾毒性（最常见且严重，可致急性肾损伤）。输液反应（寒战、发热）。低钾血症。贫血。', '犬：普通剂型0.25-0.5mg/kg IV 隔日；脂质体剂型1-3mg/kg IV 每周2-3次');
INSERT INTO drugs (id, name_zh, name_en, drug_class, mechanism_of_action, pk_pd, indications, contraindications, side_effects, adverse_mechanism, species_dosing) VALUES ('drug_060', '伊曲康唑', 'Itraconazole', '抗真菌药', '伊曲康唑为三唑类抗真菌药，抑制14α-去甲基酶，阻断麦角固醇合成。对皮肤癣菌、念珠菌、曲霉菌等均有活性。', '口服吸收受胃酸和食物影响。高度亲脂性。血浆蛋白结合率>99%，半衰期约12-15小时。主要经肝脏CYP450代谢。', '["皮肤真菌病", "全身性真菌感染"]', '["严重肝病", "妊娠"]', '["肝毒性", "食欲下降", "呕吐"]', '胃肠道反应。肝毒性。药物相互作用（CYP450抑制）。', '{"犬": "5-10mg/kg q24h", "猫": "5-10mg/kg q24h（口服液）"}');

-- ===== 药物-标签关联 =====
INSERT INTO entity_tags (entity_type, entity_id, tag_id) VALUES ('drug', 'drug_001', 'mech_infectious');
INSERT INTO entity_tags (entity_type, entity_id, tag_id) VALUES ('drug', 'drug_002', 'mech_infectious');
INSERT INTO entity_tags (entity_type, entity_id, tag_id) VALUES ('drug', 'drug_003', 'mech_vascular');
INSERT INTO entity_tags (entity_type, entity_id, tag_id) VALUES ('drug', 'drug_004', 'mech_immune_mediated');
INSERT INTO entity_tags (entity_type, entity_id, tag_id) VALUES ('drug', 'drug_004', 'mech_inflammation');
INSERT INTO entity_tags (entity_type, entity_id, tag_id) VALUES ('drug', 'drug_005', 'mech_metabolic');
INSERT INTO entity_tags (entity_type, entity_id, tag_id) VALUES ('drug', 'drug_006', 'mech_vascular');
INSERT INTO entity_tags (entity_type, entity_id, tag_id) VALUES ('drug', 'drug_007', 'mech_metabolic');
INSERT INTO entity_tags (entity_type, entity_id, tag_id) VALUES ('drug', 'drug_008', 'mech_metabolic');
INSERT INTO entity_tags (entity_type, entity_id, tag_id) VALUES ('drug', 'drug_009', 'mech_inflammation');
INSERT INTO entity_tags (entity_type, entity_id, tag_id) VALUES ('drug', 'drug_010', 'mech_pain');
INSERT INTO entity_tags (entity_type, entity_id, tag_id) VALUES ('drug', 'drug_011', 'mech_pain');
INSERT INTO entity_tags (entity_type, entity_id, tag_id) VALUES ('drug', 'drug_012', 'mech_inflammation');
INSERT INTO entity_tags (entity_type, entity_id, tag_id) VALUES ('drug', 'drug_013', 'mech_infectious');
INSERT INTO entity_tags (entity_type, entity_id, tag_id) VALUES ('drug', 'drug_014', 'mech_infectious');
INSERT INTO entity_tags (entity_type, entity_id, tag_id) VALUES ('drug', 'drug_015', 'mech_vascular');
INSERT INTO entity_tags (entity_type, entity_id, tag_id) VALUES ('drug', 'drug_016', 'mech_pain');
INSERT INTO entity_tags (entity_type, entity_id, tag_id) VALUES ('drug', 'drug_017', 'mech_pain');
INSERT INTO entity_tags (entity_type, entity_id, tag_id) VALUES ('drug', 'drug_018', 'mech_infectious');
INSERT INTO entity_tags (entity_type, entity_id, tag_id) VALUES ('drug', 'drug_019', 'mech_infectious');
INSERT INTO entity_tags (entity_type, entity_id, tag_id) VALUES ('drug', 'drug_020', 'mech_infectious');
INSERT INTO entity_tags (entity_type, entity_id, tag_id) VALUES ('drug', 'drug_021', 'mech_infectious');
INSERT INTO entity_tags (entity_type, entity_id, tag_id) VALUES ('drug', 'drug_022', 'mech_infectious');
INSERT INTO entity_tags (entity_type, entity_id, tag_id) VALUES ('drug', 'drug_023', 'mech_pain');
INSERT INTO entity_tags (entity_type, entity_id, tag_id) VALUES ('drug', 'drug_024', 'mech_pain');
INSERT INTO entity_tags (entity_type, entity_id, tag_id) VALUES ('drug', 'drug_025', 'mech_pain');
INSERT INTO entity_tags (entity_type, entity_id, tag_id) VALUES ('drug', 'drug_027', 'mech_inflammation');
INSERT INTO entity_tags (entity_type, entity_id, tag_id) VALUES ('drug', 'drug_028', 'mech_obstruction');
INSERT INTO entity_tags (entity_type, entity_id, tag_id) VALUES ('drug', 'drug_029', 'mech_vascular');
INSERT INTO entity_tags (entity_type, entity_id, tag_id) VALUES ('drug', 'drug_030', 'mech_toxic');
INSERT INTO entity_tags (entity_type, entity_id, tag_id) VALUES ('drug', 'drug_031', 'mech_inflammation');
INSERT INTO entity_tags (entity_type, entity_id, tag_id) VALUES ('drug', 'drug_032', 'mech_pain');
INSERT INTO entity_tags (entity_type, entity_id, tag_id) VALUES ('drug', 'drug_033', 'mech_pain');
INSERT INTO entity_tags (entity_type, entity_id, tag_id) VALUES ('drug', 'drug_034', 'mech_pain');
INSERT INTO entity_tags (entity_type, entity_id, tag_id) VALUES ('drug', 'drug_035', 'mech_immune_mediated');
INSERT INTO entity_tags (entity_type, entity_id, tag_id) VALUES ('drug', 'drug_035', 'mech_inflammation');
INSERT INTO entity_tags (entity_type, entity_id, tag_id) VALUES ('drug', 'drug_036', 'mech_metabolic');
INSERT INTO entity_tags (entity_type, entity_id, tag_id) VALUES ('drug', 'drug_037', 'mech_metabolic');
INSERT INTO entity_tags (entity_type, entity_id, tag_id) VALUES ('drug', 'drug_037', 'mech_pain');
INSERT INTO entity_tags (entity_type, entity_id, tag_id) VALUES ('drug', 'drug_038', 'mech_vascular');
INSERT INTO entity_tags (entity_type, entity_id, tag_id) VALUES ('drug', 'drug_039', 'mech_metabolic');
INSERT INTO entity_tags (entity_type, entity_id, tag_id) VALUES ('drug', 'drug_040', 'mech_pain');
INSERT INTO entity_tags (entity_type, entity_id, tag_id) VALUES ('drug', 'drug_041', 'mech_inflammation');
INSERT INTO entity_tags (entity_type, entity_id, tag_id) VALUES ('drug', 'drug_041', 'mech_pain');
INSERT INTO entity_tags (entity_type, entity_id, tag_id) VALUES ('drug', 'drug_042', 'mech_pain');
INSERT INTO entity_tags (entity_type, entity_id, tag_id) VALUES ('drug', 'drug_043', 'mech_pain');
INSERT INTO entity_tags (entity_type, entity_id, tag_id) VALUES ('drug', 'drug_044', 'mech_immune_mediated');
INSERT INTO entity_tags (entity_type, entity_id, tag_id) VALUES ('drug', 'drug_044', 'mech_neoplastic');
INSERT INTO entity_tags (entity_type, entity_id, tag_id) VALUES ('drug', 'drug_045', 'mech_neoplastic');
INSERT INTO entity_tags (entity_type, entity_id, tag_id) VALUES ('drug', 'drug_046', 'mech_neoplastic');
INSERT INTO entity_tags (entity_type, entity_id, tag_id) VALUES ('drug', 'drug_047', 'mech_neoplastic');
INSERT INTO entity_tags (entity_type, entity_id, tag_id) VALUES ('drug', 'drug_048', 'mech_infectious');
INSERT INTO entity_tags (entity_type, entity_id, tag_id) VALUES ('drug', 'drug_049', 'mech_infectious');
INSERT INTO entity_tags (entity_type, entity_id, tag_id) VALUES ('drug', 'drug_050', 'mech_inflammation');
INSERT INTO entity_tags (entity_type, entity_id, tag_id) VALUES ('drug', 'drug_051', 'mech_pain');
INSERT INTO entity_tags (entity_type, entity_id, tag_id) VALUES ('drug', 'drug_052', 'mech_pain');
INSERT INTO entity_tags (entity_type, entity_id, tag_id) VALUES ('drug', 'drug_054', 'mech_vascular');
INSERT INTO entity_tags (entity_type, entity_id, tag_id) VALUES ('drug', 'drug_055', 'mech_vascular');
INSERT INTO entity_tags (entity_type, entity_id, tag_id) VALUES ('drug', 'drug_056', 'mech_vascular');
INSERT INTO entity_tags (entity_type, entity_id, tag_id) VALUES ('drug', 'drug_057', 'mech_pain');
INSERT INTO entity_tags (entity_type, entity_id, tag_id) VALUES ('drug', 'drug_058', 'mech_metabolic');
INSERT INTO entity_tags (entity_type, entity_id, tag_id) VALUES ('drug', 'drug_059', 'mech_infectious');
INSERT INTO entity_tags (entity_type, entity_id, tag_id) VALUES ('drug', 'drug_060', 'mech_infectious');

-- ===== 诊断检查 (36项) =====
INSERT INTO diagnostic_tests (id, name_zh, category, reference_ranges, interpretation, cost_estimate, turnaround_time) VALUES ('test_001', '全血细胞计数（CBC）', '血液学', '犬RBC: 5.5-8.5×10⁶/μL, WBC: 6-17×10³/μL, PLT: 200-500×10³/μL | 猫RBC: 5.0-10.0×10⁶/μL, WBC: 5.5-19.5×10³/μL, PLT: 300-700×10³/μL', '贫血（RBC↓）、感染/炎症（WBC↑↓）、免疫介导性疾病、血小板减少症（PLT↓）。白细胞分类计数可区分细菌感染（中性粒↑）与病毒感染（淋巴↑/↓）', 80, 15);
INSERT INTO diagnostic_tests (id, name_zh, category, reference_ranges, interpretation, cost_estimate, turnaround_time) VALUES ('test_002', '血清生化全套', '生化', 'ALT犬:10-125 U/L,猫:12-130 U/L | ALP犬:23-212 U/L,猫:14-111 U/L | BUN犬:7-27 mg/dL,猫:10-30 mg/dL | CREA犬:0.5-1.8 mg/dL,猫:0.8-2.4 mg/dL | GLU犬:74-143 mg/dL,猫:74-159 mg/dL | TP犬:5.0-7.3 g/dL,猫:5.7-8.9 g/dL | ALB犬:2.3-4.0 g/dL,猫:2.1-3.3 g/dL', 'ALT/ALP评估肝功能；BUN/CREA评估肾功能（肾小球滤过率）；GLU筛查糖尿病/低血糖；TP/ALB评估营养/肝合成/渗出性丢失；电解质（K/Na/Cl）评估内分泌/肾/胃肠疾病', 200, 30);
INSERT INTO diagnostic_tests (id, name_zh, category, reference_ranges, interpretation, cost_estimate, turnaround_time) VALUES ('test_003', '尿液分析（UA）', '尿液', '犬尿比重:1.015-1.045 | 猫尿比重:1.035-1.060 | pH:5.5-7.5 | 蛋白:阴性~微量 | 糖:阴性 | 沉渣:偶见上皮细胞', '尿比重低+氮质血症=肾功能不全；糖尿+高血糖=糖尿病；脓尿+菌尿=尿路感染；管型=肾实质损伤；结晶=结石风险', 60, 20);
INSERT INTO diagnostic_tests (id, name_zh, category, reference_ranges, interpretation, cost_estimate, turnaround_time) VALUES ('test_004', '甲状腺素（T4）', '内分泌', '犬总T4:1.0-4.0 μg/dL | 猫总T4:0.8-4.0 μg/dL', '猫T4>4.0 μg/dL高度提示甲亢（老年猫最常见内分泌病）；犬T4降低提示甲亢（罕见）或甲状腺功能减退。确诊甲亢可加测fT4（游离T4）', 150, 60);
INSERT INTO diagnostic_tests (id, name_zh, category, reference_ranges, interpretation, cost_estimate, turnaround_time) VALUES ('test_005', '胰腺脂肪酶免疫反应性（fPLI/cPLI）', '生化', '犬cPLI:≤200 μg/L（正常）, >400 μg/L高度提示胰腺炎 | 猫fPLI:≤3.5 μg/L（正常）, >5.4 μg/L提示胰腺炎', '犬cPLI>400 μg/L对胰腺炎敏感性82%、特异性95%；猫fPLI>5.4 μg/L提示胰腺炎。需结合临床表现和影像学。慢性轻度升高可见于CKD/IBD', 250, 120);
INSERT INTO diagnostic_tests (id, name_zh, category, reference_ranges, interpretation, cost_estimate, turnaround_time) VALUES ('test_006', '胸部X线摄影', '影像学', '正常：心脏轮廓清晰，肺野透亮度正常，气管居中，横膈位置正常（犬：后缘约T11-13）', '心影增大=心肌病/心包积液；肺间质/肺泡浸润=肺炎/肺水肿；气管狭窄=气管塌陷；气胸=肺野透亮度增加+肺回缩；纵隔移位=占位性病变', 150, 30);
INSERT INTO diagnostic_tests (id, name_zh, category, reference_ranges, interpretation, cost_estimate, turnaround_time) VALUES ('test_007', '腹部超声', '影像学', '正常：肝脏回声均匀，肾脏皮髓质分界清晰，膀胱壁光滑，胰腺回声均匀，胃肠道壁层次清晰', '肾脏缩小+被膜不平=CKD；肾脏增大+回声增强=AKI/淋巴瘤；胆囊淤胆=胆管阻塞；胰腺增大+周围脂肪回声增强=胰腺炎；游离液体=腹水/出血；异物=强回声+声影', 300, 45);
INSERT INTO diagnostic_tests (id, name_zh, category, reference_ranges, interpretation, cost_estimate, turnaround_time) VALUES ('test_008', '超声心动图', '影像学', '犬LA/Ao<1.6（正常左房大小）| IVSd<0.6 cm（室间隔厚度）| LVIDd（左室舒张内径）因体重而异 | FS%正常:25-45%', '左房扩大（LA/Ao>1.6）=MMVD/DCM；室壁增厚（IVSd>0.6猫）=HCM；左室扩张+收缩力↓=DCM；瓣膜增厚/脱垂=MMVD；心包液暗区=心包积液', 400, 45);
INSERT INTO diagnostic_tests (id, name_zh, category, reference_ranges, interpretation, cost_estimate, turnaround_time) VALUES ('test_009', '血压测量', '其他', '犬收缩压:110-160 mmHg | 猫收缩压:120-170 mmHg', '高血压（犬>160,猫>170）=继发于CKD/甲亢（猫）/嗜铬细胞瘤/原发性；低血压（<90）=休克/脱水/心律失常。猫白大衣效应显著，需安静环境下多次测量', 50, 15);
INSERT INTO diagnostic_tests (id, name_zh, category, reference_ranges, interpretation, cost_estimate, turnaround_time) VALUES ('test_010', '血气分析', '生化', 'pH:7.35-7.45 | HCO₃⁻:18-24 mEq/L（犬）,16-24 mEq/L（猫）| pCO₂:35-45 mmHg | Na:140-155 mEq/L | K:3.5-5.5 mEq/L', '代谢性酸中毒（HCO₃⁻↓）=DKA/肾衰/乙二醇中毒；代谢性碱中毒（HCO₃⁻↑）=呕吐/利尿剂；呼吸性酸中毒（pCO₂↑）=通气不足；低钾=呕吐/利尿/无尿期后', 150, 10);
INSERT INTO diagnostic_tests (id, name_zh, category, reference_ranges, interpretation, cost_estimate, turnaround_time) VALUES ('test_011', 'ACTH刺激试验', '内分泌', '犬基础皮质醇:1-5 μg/dL,刺激后:5-20 μg/dL | 猫基础皮质醇:0.5-5 μg/dL,刺激后:5-15 μg/dL', '刺激后皮质醇>20 μg/dL=库欣综合征（垂体依赖或肾上腺瘤）；刺激后<2 μg/dL= Addison病（肾上腺皮质功能减退）。需结合临床症状和电解质（Na/K比）', 300, 120);
INSERT INTO diagnostic_tests (id, name_zh, category, reference_ranges, interpretation, cost_estimate, turnaround_time) VALUES ('test_012', '犬细小病毒抗原检测（SNAP）', '微生物', '阴性=正常', '阳性=CPV-2感染。假阴性可见于感染早期（排毒量少）或疫苗接种后近期（疫苗病毒干扰）。需结合临床表现（出血性肠炎+白细胞↓↓）综合判断', 100, 15);
INSERT INTO diagnostic_tests (id, name_zh, category, reference_ranges, interpretation, cost_estimate, turnaround_time) VALUES ('test_013', '猫泛白细胞减少病毒抗原检测（SNAP）', '微生物', '阴性=正常', '阳性=FPV感染。幼猫未免疫+出血性肠炎+泛白细胞减少高度提示。需与犬细小鉴别（FPV不感染犬）', 100, 15);
INSERT INTO diagnostic_tests (id, name_zh, category, reference_ranges, interpretation, cost_estimate, turnaround_time) VALUES ('test_014', '凝血功能检查（PT/APTT）', '血液学', 'PT:5-10秒 | APTT:10-18秒（犬）；10-20秒（猫）', 'PT延长=外源性凝血途径障碍（肝病/维生素K缺乏/灭鼠药中毒）；APTT延长=内源性途径障碍（DIC/血友病）；两者均延长=共同途径障碍/DIC/严重肝病', 120, 20);
INSERT INTO diagnostic_tests (id, name_zh, category, reference_ranges, interpretation, cost_estimate, turnaround_time) VALUES ('test_015', '尿液培养+药敏', '微生物', '阴性=正常 | >10⁵ CFU/mL=有意义菌尿', '确诊尿路感染的金标准。菌落计数>10⁵ CFU/mL+脓尿=确诊UTI。药敏结果指导抗生素选择。注意采样方法（膀胱穿刺最可靠）', 200, 2880);
INSERT INTO diagnostic_tests (id, name_zh, category, reference_ranges, interpretation, cost_estimate, turnaround_time) VALUES ('test_016', '腹腔穿刺液分析', '其他', '正常：少量清亮淡黄色液体，蛋白<2.5 g/dL,细胞数<5000/μL', '渗出液（蛋白>2.5,细胞>5000）=FIP/感染/肿瘤；漏出液（蛋白<2.5,细胞<1000）=低白蛋白/门脉高压；血性=创伤/肿瘤/凝血障碍；乳糜液=淋巴管破裂', 150, 30);
INSERT INTO diagnostic_tests (id, name_zh, category, reference_ranges, interpretation, cost_estimate, turnaround_time) VALUES ('test_017', '阴道细胞学/开放子宫蓄脓诊断组合', '其他', '超声：子宫直径<1 cm（正常绝经后）| 无宫内积液', '超声见子宫扩张（直径>1-2 cm）+宫内积液+临床症状（多饮多尿/呕吐/外阴分泌物）=子宫蓄脓。需与妊娠鉴别（可见胎囊/胎心）', 300, 30);
INSERT INTO diagnostic_tests (id, name_zh, category, reference_ranges, interpretation, cost_estimate, turnaround_time) VALUES ('test_018', '血常规涂片镜检', '血液学', '正常：成熟中性粒细胞为主，偶见杆状核（<10%），无原始细胞', '核左移（杆状粒↑）=严重感染；中毒性变化=严重炎症/败血症；原始细胞=白血病；棘红细胞=脾功能异常；海因茨小体=氧化损伤（猫：洋葱/对乙酰氨基酚中毒）', 50, 20);
INSERT INTO diagnostic_tests (id, name_zh, category, reference_ranges, interpretation, cost_estimate, turnaround_time) VALUES ('test_019', '腹部X线平片', '影像学', '正常：胃肠道内适量气体，无扩张肠袢，肾脏轮廓可见（右肾T13-L1，左肾L2-4），膀胱充盈', '小肠扩张（直径>肋骨宽度或>12mm猫）=梗阻；线性异物=皱褶样肠管；异物=高密度影；胃扩张=GDV（幽门右移+胃分隔征）；输尿管结石=高密度影', 120, 20);
INSERT INTO diagnostic_tests (id, name_zh, category, reference_ranges, interpretation, cost_estimate, turnaround_time) VALUES ('test_020', 'FIP抗体/冠状病毒抗体滴度', '微生物', '阴性或低滴度（<1:100）=正常范围', '高滴度（≥1:1600）+临床表现（发热/腹水/眼部病变/神经症状）支持FIP诊断，但非确诊。猫群中普遍阳性（FCoV携带），需结合腹腔液分析（渗出液+高球蛋白）综合判断', 200, 1440);
INSERT INTO diagnostic_tests (id, name_zh, category, reference_ranges, interpretation, cost_estimate, turnaround_time) VALUES ('test_021', '心丝虫抗原检测', '微生物', '阴性=正常', '阳性=犬心丝虫病确诊（检测成虫体壁抗原）。Knott试验可查微丝蚴。需结合影像学（肺动脉扩张）综合评估感染严重度', 150, 60);
INSERT INTO diagnostic_tests (id, name_zh, category, reference_ranges, interpretation, cost_estimate, turnaround_time) VALUES ('test_022', '皮肤细胞学', '细胞学', '正常：无细菌/少量角化细胞', '脓皮症：中性粒细胞+球菌（葡萄球菌）或杆菌。酵母菌感染：马拉色菌（花生形）。需与真菌培养鉴别', 80, 30);
INSERT INTO diagnostic_tests (id, name_zh, category, reference_ranges, interpretation, cost_estimate, turnaround_time) VALUES ('test_023', '淋巴结细针穿刺', '细胞学', '正常：小淋巴细胞为主，可见少量中淋巴细胞', '淋巴瘤：单一形态的大淋巴细胞大量增生，核质比增大。需与反应性增生鉴别（混合细胞群）。确诊后需分期（血常规/生化/超声/骨髓）', 120, 60);
INSERT INTO diagnostic_tests (id, name_zh, category, reference_ranges, interpretation, cost_estimate, turnaround_time) VALUES ('test_024', '关节液分析', '细胞学', '正常：WBC<1.5×10³/μL，以单核细胞为主，黏稠度高', '炎症性（WBC>5×10³/μL，中性粒为主）=感染性或免疫介导性。需做细菌培养排除感染。IMPA：炎症性+无细菌。感染性关节炎：炎症性+细菌培养阳性', 100, 30);
INSERT INTO diagnostic_tests (id, name_zh, category, reference_ranges, interpretation, cost_estimate, turnaround_time) VALUES ('test_025', '超声心动图', '影像学', '正常：LVIDd犬<55mm，FS% 25-45%，LA/Ao<1.5', 'DCM：LVIDd↑+FS%↓。HCM：室壁增厚（>6mm）+左房扩大。心包积液：心包腔内液暗区。动脉血栓：左心耳内回声团', 300, 45);
INSERT INTO diagnostic_tests (id, name_zh, category, reference_ranges, interpretation, cost_estimate, turnaround_time) VALUES ('test_026', 'MRI（磁共振成像）', '影像学', '正常：脑实质信号均匀，无占位性病变', '癫痫：排除结构性病变（肿瘤/脑炎/脑积水）。神经定位：脊髓压迫/椎间盘突出。软组织分辨率优于CT', 1500, 1440);
INSERT INTO diagnostic_tests (id, name_zh, category, reference_ranges, interpretation, cost_estimate, turnaround_time) VALUES ('test_027', '眼压测量', '眼科检查', '犬：15-25 mmHg；猫：15-27 mmHg', '>25mmHg提示青光眼；<10mmHg提示葡萄膜炎或眼球萎缩', 80, 0);
INSERT INTO diagnostic_tests (id, name_zh, category, reference_ranges, interpretation, cost_estimate, turnaround_time) VALUES ('test_028', '荧光素染色', '眼科检查', '阴性（无荧光素着染）', '阳性（绿色荧光着染）提示角膜上皮缺损/溃疡', 50, 0);
INSERT INTO diagnostic_tests (id, name_zh, category, reference_ranges, interpretation, cost_estimate, turnaround_time) VALUES ('test_029', '脑脊液分析', '神经系统检查', '犬：蛋白<30mg/dL，细胞<5个/μL；猫：蛋白<25mg/dL', '细胞数升高提示炎症或感染；蛋白升高提示血脑屏障破坏', 300, 1440);
INSERT INTO diagnostic_tests (id, name_zh, category, reference_ranges, interpretation, cost_estimate, turnaround_time) VALUES ('test_030', '抗核抗体检测', '免疫学检查', '阴性或滴度<1:40', '阳性（滴度≥1:160有临床意义）提示可能为SLE或其他自身免疫病', 150, 2880);
INSERT INTO diagnostic_tests (id, name_zh, category, reference_ranges, interpretation, cost_estimate, turnaround_time) VALUES ('test_031', '细针抽吸细胞学', '细胞学检查', '因组织类型而异', '可区分炎症与肿瘤，但常不能确定肿瘤类型和分级', 120, 1440);
INSERT INTO diagnostic_tests (id, name_zh, category, reference_ranges, interpretation, cost_estimate, turnaround_time) VALUES ('test_032', '凝血功能检测', '血液学检查', '犬PT：11-14s；犬aPTT：90-120s', 'PT/aPTT延长提示凝血因子缺乏或抗凝物质增多；D-二聚体升高提示纤溶亢进/DIC', 200, 60);
INSERT INTO diagnostic_tests (id, name_zh, category, reference_ranges, interpretation, cost_estimate, turnaround_time) VALUES ('test_033', 'Coombs试验', '免疫学检查', '阴性', '阳性提示自身抗体或补体结合于红细胞表面，支持IMHA诊断', 120, 1440);
INSERT INTO diagnostic_tests (id, name_zh, category, reference_ranges, interpretation, cost_estimate, turnaround_time) VALUES ('test_034', '甲状腺功能检测', '内分泌检查', '犬TT4：15-50nmol/L；猫TT4：10-50nmol/L', 'TT4降低+TSH升高=甲减；TT4升高=甲亢（猫）', 180, 1440);
INSERT INTO diagnostic_tests (id, name_zh, category, reference_ranges, interpretation, cost_estimate, turnaround_time) VALUES ('test_035', '尿蛋白/肌酐比', '尿液检查', '犬<0.5；猫<0.4', '0.5-2.0（犬）为蛋白尿；>2.0为显著蛋白尿，提示肾小球疾病', 80, 60);
INSERT INTO diagnostic_tests (id, name_zh, category, reference_ranges, interpretation, cost_estimate, turnaround_time) VALUES ('test_036', '血压测量', '心血管检查', '犬：收缩压110-160mmHg；猫：收缩压120-170mmHg', '>160mmHg（犬）或>170mmHg（猫）提示高血压；<90mmHg提示低血压', 50, 0);

-- ===== 疾病-治疗关联 =====
INSERT INTO disease_treatment (disease_id,drug_id,line,species,notes) VALUES ('dis_001', 'drug_001', 'first', '犬', '阿莫西林-克拉维酸是犬细菌性肺炎的一线抗生素');
INSERT INTO disease_treatment (disease_id,drug_id,line,species,notes) VALUES ('dis_001', 'drug_003', 'adjunctive', '犬', '严重呼吸困难时辅助利尿，但需排除心衰');
INSERT INTO disease_treatment (disease_id,drug_id,line,species,notes) VALUES ('dis_001', 'drug_018', 'first', '猫', '猫吸入性肺炎可用阿莫西林');
INSERT INTO disease_treatment (disease_id,drug_id,line,species,notes) VALUES ('dis_002', 'drug_003', 'first', '犬', '呋塞米是心衰一线利尿剂，急性肺水肿可IV');
INSERT INTO disease_treatment (disease_id,drug_id,line,species,notes) VALUES ('dis_002', 'drug_006', 'first', '犬', '匹莫苯丹改善心室收缩功能，与呋塞米联用');
INSERT INTO disease_treatment (disease_id,drug_id,line,species,notes) VALUES ('dis_002', 'drug_015', 'second', '犬', '合并房颤时用于心室率控制，需监测血药浓度');
INSERT INTO disease_treatment (disease_id,drug_id,line,species,notes) VALUES ('dis_003', 'drug_004', 'first', '猫', '泼尼松龙是猫哮喘一线抗炎药物，猫需较高剂量');
INSERT INTO disease_treatment (disease_id,drug_id,line,species,notes) VALUES ('dis_003', 'drug_023', 'adjunctive', '猫', '急性发作时辅助镇静/支气管扩张');
INSERT INTO disease_treatment (disease_id,drug_id,line,species,notes) VALUES ('dis_004', 'drug_004', 'adjunctive', '犬', '泼尼松龙减轻气管炎症/水肿，短期使用');
INSERT INTO disease_treatment (disease_id,drug_id,line,species,notes) VALUES ('dis_004', 'drug_011', 'adjunctive', '犬', '曲马多用于控制阵发性咳嗽');
INSERT INTO disease_treatment (disease_id,drug_id,line,species,notes) VALUES ('dis_004', 'drug_012', 'first', '犬', '美洛昔康用于慢性炎症控制疼痛');
INSERT INTO disease_treatment (disease_id,drug_id,line) VALUES ('dis_005', 'drug_029', 'first');
INSERT INTO disease_treatment (disease_id,drug_id,line) VALUES ('dis_005', 'drug_003', 'adjunctive');
INSERT INTO disease_treatment (disease_id,drug_id,line) VALUES ('dis_005', 'drug_009', 'adjunctive');
INSERT INTO disease_treatment (disease_id,drug_id,line) VALUES ('dis_006', 'drug_029', 'first');
INSERT INTO disease_treatment (disease_id,drug_id,line) VALUES ('dis_006', 'drug_027', 'adjunctive');
INSERT INTO disease_treatment (disease_id,drug_id,line) VALUES ('dis_006', 'drug_009', 'first');
INSERT INTO disease_treatment (disease_id,drug_id,line) VALUES ('dis_006', 'drug_003', 'adjunctive');
INSERT INTO disease_treatment (disease_id,drug_id,line) VALUES ('dis_007', 'drug_018', 'first');
INSERT INTO disease_treatment (disease_id,drug_id,line) VALUES ('dis_007', 'drug_001', 'first');
INSERT INTO disease_treatment (disease_id,drug_id,line) VALUES ('dis_007', 'drug_019', 'second');
INSERT INTO disease_treatment (disease_id,drug_id,line,species,notes) VALUES ('dis_008', 'drug_012', 'first', '猫', '美洛昔康单次SC注射镇痛（猫FIC核心治疗）');
INSERT INTO disease_treatment (disease_id,drug_id,line,species,notes) VALUES ('dis_008', 'drug_011', 'adjunctive', '猫', '曲马多用于中重度疼痛');
INSERT INTO disease_treatment (disease_id,drug_id,line,species,notes) VALUES ('dis_008', 'drug_023', 'adjunctive', '猫', '地西泮急性期镇静（IV，避免口服）');
INSERT INTO disease_treatment (disease_id,drug_id,line) VALUES ('dis_009', 'drug_029', 'first');
INSERT INTO disease_treatment (disease_id,drug_id,line) VALUES ('dis_009', 'drug_010', 'first');
INSERT INTO disease_treatment (disease_id,drug_id,line) VALUES ('dis_009', 'drug_009', 'adjunctive');
INSERT INTO disease_treatment (disease_id,drug_id,line,species,notes) VALUES ('dis_009', 'drug_012', 'first', '犬', '美洛昔康镇痛（犬）');
INSERT INTO disease_treatment (disease_id,drug_id,line,species,notes) VALUES ('dis_009', 'drug_011', 'first', '猫', '曲马多镇痛（猫）');
INSERT INTO disease_treatment (disease_id,drug_id,line) VALUES ('dis_009', 'drug_014', 'adjunctive');
INSERT INTO disease_treatment (disease_id,drug_id,line) VALUES ('dis_010', 'drug_029', 'first');
INSERT INTO disease_treatment (disease_id,drug_id,line) VALUES ('dis_010', 'drug_010', 'first');
INSERT INTO disease_treatment (disease_id,drug_id,line) VALUES ('dis_010', 'drug_009', 'adjunctive');
INSERT INTO disease_treatment (disease_id,drug_id,line) VALUES ('dis_010', 'drug_014', 'second');
INSERT INTO disease_treatment (disease_id,drug_id,line) VALUES ('dis_011', 'drug_029', 'first');
INSERT INTO disease_treatment (disease_id,drug_id,line) VALUES ('dis_011', 'drug_010', 'adjunctive');
INSERT INTO disease_treatment (disease_id,drug_id,line) VALUES ('dis_011', 'drug_001', 'adjunctive');
INSERT INTO disease_treatment (disease_id,drug_id,line) VALUES ('dis_012', 'drug_027', 'first');
INSERT INTO disease_treatment (disease_id,drug_id,line) VALUES ('dis_012', 'drug_009', 'first');
INSERT INTO disease_treatment (disease_id,drug_id,line) VALUES ('dis_012', 'drug_014', 'adjunctive');
INSERT INTO disease_treatment (disease_id,drug_id,line) VALUES ('dis_012', 'drug_026', 'first');
INSERT INTO disease_treatment (disease_id,drug_id,line) VALUES ('dis_013', 'drug_004', 'first');
INSERT INTO disease_treatment (disease_id,drug_id,line) VALUES ('dis_013', 'drug_014', 'first');
INSERT INTO disease_treatment (disease_id,drug_id,line) VALUES ('dis_013', 'drug_001', 'second');
INSERT INTO disease_treatment (disease_id,drug_id,line,species,notes) VALUES ('dis_014', 'drug_003', 'first', '犬', '呋塞米减轻肺水肿/全身淤血');
INSERT INTO disease_treatment (disease_id,drug_id,line,species,notes) VALUES ('dis_014', 'drug_006', 'first', '犬', '匹莫苯丹改善收缩功能（DCM核心用药）');
INSERT INTO disease_treatment (disease_id,drug_id,line,species,notes) VALUES ('dis_014', 'drug_015', 'second', '犬', '地高辛用于合并房颤时心室率控制');
INSERT INTO disease_treatment (disease_id,drug_id,line,species,notes) VALUES ('dis_015', 'drug_003', 'first', '猫', '肺水肿时使用，猫需谨慎剂量');
INSERT INTO disease_treatment (disease_id,drug_id,line,species,notes) VALUES ('dis_015', 'drug_004', 'adjunctive', '猫', '合并哮喘样症状时可短期使用');
INSERT INTO disease_treatment (disease_id,drug_id,line,species,notes) VALUES ('dis_015', 'drug_012', 'first', '猫', '动脉血栓疼痛管理');
INSERT INTO disease_treatment (disease_id,drug_id,line) VALUES ('dis_016', 'drug_003', 'adjunctive');
INSERT INTO disease_treatment (disease_id,drug_id,line) VALUES ('dis_016', 'drug_011', 'adjunctive');
INSERT INTO disease_treatment (disease_id,drug_id,line) VALUES ('dis_017', 'drug_005', 'first');
INSERT INTO disease_treatment (disease_id,drug_id,line) VALUES ('dis_017', 'drug_009', 'adjunctive');
INSERT INTO disease_treatment (disease_id,drug_id,line) VALUES ('dis_018', 'drug_004', 'adjunctive');
INSERT INTO disease_treatment (disease_id,drug_id,line,species,notes) VALUES ('dis_019', 'drug_007', 'first', '猫', '甲巯咪唑是猫甲亢一线药物，首选透皮耳膏');
INSERT INTO disease_treatment (disease_id,drug_id,line,species,notes) VALUES ('dis_019', 'drug_003', 'adjunctive', '猫', '合并心衰时利尿');
INSERT INTO disease_treatment (disease_id,drug_id,line,species,notes) VALUES ('dis_020', 'drug_008', 'first', '犬', '左甲状腺素终身替代，需定期监测T4');
INSERT INTO disease_treatment (disease_id,drug_id,line) VALUES ('dis_021', 'drug_030', 'first');
INSERT INTO disease_treatment (disease_id,drug_id,line) VALUES ('dis_021', 'drug_029', 'first');
INSERT INTO disease_treatment (disease_id,drug_id,line) VALUES ('dis_021', 'drug_009', 'adjunctive');
INSERT INTO disease_treatment (disease_id,drug_id,line,species,notes) VALUES ('dis_022', 'drug_030', 'first', '犬', '活性炭吸附，摄入后尽早使用');
INSERT INTO disease_treatment (disease_id,drug_id,line,species,notes) VALUES ('dis_022', 'drug_010', 'adjunctive', '犬', '马罗匹坦止吐');
INSERT INTO disease_treatment (disease_id,drug_id,line,species,notes) VALUES ('dis_022', 'drug_003', 'adjunctive', '犬', '利尿促进排泄');
INSERT INTO disease_treatment (disease_id,drug_id,line,species,notes) VALUES ('dis_023', 'drug_029', 'first', '猫', '摄入8h内积极液体治疗是挽救关键');
INSERT INTO disease_treatment (disease_id,drug_id,line,species,notes) VALUES ('dis_023', 'drug_030', 'first', '猫', '活性炭尽早使用');
INSERT INTO disease_treatment (disease_id,drug_id,line,species,notes) VALUES ('dis_023', 'drug_009', 'adjunctive', '猫', '胃保护');
INSERT INTO disease_treatment (disease_id,drug_id,line) VALUES ('dis_024', 'drug_030', 'first');
INSERT INTO disease_treatment (disease_id,drug_id,line) VALUES ('dis_024', 'drug_009', 'first');
INSERT INTO disease_treatment (disease_id,drug_id,line) VALUES ('dis_024', 'drug_027', 'adjunctive');
INSERT INTO disease_treatment (disease_id,drug_id,line) VALUES ('dis_024', 'drug_029', 'adjunctive');
INSERT INTO disease_treatment (disease_id,drug_id,line,species,notes) VALUES ('dis_025', 'drug_029', 'first', '犬', '积极液体复苏纠正脱水/电解质紊乱是存活关键');
INSERT INTO disease_treatment (disease_id,drug_id,line,species,notes) VALUES ('dis_025', 'drug_001', 'first', '犬', '阿莫西林-克拉维酸预防继发菌血症（白细胞↓↓时常见）');
INSERT INTO disease_treatment (disease_id,drug_id,line,species,notes) VALUES ('dis_025', 'drug_010', 'first', '犬', '马罗匹坦止吐');
INSERT INTO disease_treatment (disease_id,drug_id,line,species,notes) VALUES ('dis_025', 'drug_009', 'adjunctive', '犬', '奥美拉唑预防胃溃疡');
INSERT INTO disease_treatment (disease_id,drug_id,line,species,notes) VALUES ('dis_026', 'drug_029', 'first', '犬', '支持治疗为主，纠正脱水');
INSERT INTO disease_treatment (disease_id,drug_id,line,species,notes) VALUES ('dis_026', 'drug_016', 'adjunctive', '犬', '苯巴比妥控制癫痫发作');
INSERT INTO disease_treatment (disease_id,drug_id,line,species,notes) VALUES ('dis_026', 'drug_001', 'adjunctive', '犬', '抗生素预防继发感染');
INSERT INTO disease_treatment (disease_id,drug_id,line,species,notes) VALUES ('dis_027', 'drug_029', 'first', '猫', '积极液体复苏是存活关键');
INSERT INTO disease_treatment (disease_id,drug_id,line,species,notes) VALUES ('dis_027', 'drug_001', 'first', '猫', '抗生素预防继发感染（泛白细胞减少→免疫崩溃）');
INSERT INTO disease_treatment (disease_id,drug_id,line,species,notes) VALUES ('dis_027', 'drug_010', 'first', '猫', '马罗匹坦止吐');
INSERT INTO disease_treatment (disease_id,drug_id,line,species,notes) VALUES ('dis_028', 'drug_004', 'adjunctive', '猫', '泼尼松龙免疫抑制（传统姑息方案）');
INSERT INTO disease_treatment (disease_id,drug_id,line,species,notes) VALUES ('dis_028', 'drug_029', 'adjunctive', '猫', '支持治疗');
INSERT INTO disease_treatment (disease_id,drug_id,line,species,notes) VALUES ('dis_029', 'drug_029', 'first', '犬', '术前快速液体复苏（大口径针头，20G）是救命关键');
INSERT INTO disease_treatment (disease_id,drug_id,line,species,notes) VALUES ('dis_029', 'drug_010', 'adjunctive', '犬', '术前止吐');
INSERT INTO disease_treatment (disease_id,drug_id,line,species,notes) VALUES ('dis_029', 'drug_011', 'adjunctive', '犬', '术后镇痛');
INSERT INTO disease_treatment (disease_id,drug_id,line,species,notes) VALUES ('dis_029', 'drug_015', 'adjunctive', '犬', '术后心律失常（GDV常见并发症）用地高辛');
INSERT INTO disease_treatment (disease_id,drug_id,line) VALUES ('dis_030', 'drug_029', 'first');
INSERT INTO disease_treatment (disease_id,drug_id,line) VALUES ('dis_030', 'drug_001', 'first');
INSERT INTO disease_treatment (disease_id,drug_id,line) VALUES ('dis_030', 'drug_012', 'adjunctive');
INSERT INTO disease_treatment (disease_id,drug_id,line,species,notes) VALUES ('dis_009', 'drug_034', 'first', '猫', '布托啡诺是猫胰腺炎首选阿片类镇痛药');
INSERT INTO disease_treatment (disease_id,drug_id,line) VALUES ('dis_016', 'drug_034', 'adjunctive');
INSERT INTO disease_treatment (disease_id,drug_id,line,species,notes) VALUES ('dis_029', 'drug_034', 'adjunctive', '犬', 'GDV术前镇痛');
INSERT INTO disease_treatment (disease_id,drug_id,line) VALUES ('dis_013', 'drug_035', 'first');
INSERT INTO disease_treatment (disease_id,drug_id,line,species,notes) VALUES ('dis_018', 'drug_036', 'second', '犬', '司来吉兰是犬垂体依赖型库欣的二线药物，通过抑制MAO-B减少肾上腺刺激');
INSERT INTO disease_treatment (disease_id,drug_id,line,species,notes) VALUES ('dis_004', 'drug_037', 'adjunctive', '犬', '气管塌陷犬的焦虑管理（兴奋可加重咳嗽），曲唑酮可减轻应激');
INSERT INTO disease_treatment (disease_id,drug_id,line) VALUES ('dis_006', 'drug_038', 'first');
INSERT INTO disease_treatment (disease_id,drug_id,line,species,notes) VALUES ('dis_002', 'drug_038', 'adjunctive', '犬', '贝那普利作为ACEI辅助心衰治疗，减轻前后负荷');
INSERT INTO disease_treatment (disease_id,drug_id,line,species,notes) VALUES ('dis_014', 'drug_038', 'adjunctive', '犬', 'DCM辅助治疗，ACEI减轻心脏重构');
INSERT INTO disease_treatment (disease_id,drug_id,line) VALUES ('dis_006', 'drug_039', 'first');
INSERT INTO disease_treatment (disease_id,drug_id,line,species,notes) VALUES ('dis_029', 'drug_040', 'adjunctive', '犬', 'GDV术前镇静辅助（但需注意低血压风险，休克时慎用）');
INSERT INTO disease_treatment (disease_id,drug_id,line,species,notes) VALUES ('dis_003', 'drug_041', 'adjunctive', '猫', '氯雷他定可作为猫哮喘的辅助抗组胺治疗（第二代，镇静轻）');
INSERT INTO disease_treatment (disease_id,drug_id,line,species,notes) VALUES ('dis_031', 'drug_042', 'first', '犬', '苯巴比妥是犬特发性癫痫一线抗癫痫药，需监测血药浓度（目标15-40 μg/mL）');
INSERT INTO disease_treatment (disease_id,drug_id,line,species,notes) VALUES ('dis_031', 'drug_043', 'second', '犬', '溴化钾用于苯巴比妥单药控制不佳时联合用药，起效慢（需3-6月达稳态）');
INSERT INTO disease_treatment (disease_id,drug_id,line,species,notes) VALUES ('dis_031', 'drug_032', 'adjunctive', '犬', '加巴喷丁辅助抗癫痫，也可用于癫痫持续状态的急性期辅助');
INSERT INTO disease_treatment (disease_id,drug_id,line,species,notes) VALUES ('dis_032', 'drug_004', 'first', '犬', '泼尼松龙2 mg/kg诱导缓解，4周后逐渐减量至最低有效剂量');
INSERT INTO disease_treatment (disease_id,drug_id,line,species,notes) VALUES ('dis_032', 'drug_044', 'second', '犬', '硫唑嘌呤作为激素节约剂，与泼尼松龙联用减少激素用量');
INSERT INTO disease_treatment (disease_id,drug_id,line,species,notes) VALUES ('dis_033', 'drug_004', 'first', '犬', '大剂量泼尼松龙（2-4 mg/kg）免疫抑制是IMHA核心治疗');
INSERT INTO disease_treatment (disease_id,drug_id,line,species,notes) VALUES ('dis_033', 'drug_044', 'second', '犬', '硫唑嘌呤用于激素效果不佳或需减少激素用量时');
INSERT INTO disease_treatment (disease_id,drug_id,line,species,notes) VALUES ('dis_033', 'drug_003', 'adjunctive', '犬', '严重贫血（HCT<15%）时输血支持，同时利尿防液体过负荷');
INSERT INTO disease_treatment (disease_id,drug_id,line,species,notes) VALUES ('dis_034', 'drug_045', 'first', '犬', '环磷酰胺是CHOP方案核心组分，每周给药');
INSERT INTO disease_treatment (disease_id,drug_id,line,species,notes) VALUES ('dis_034', 'drug_046', 'first', '犬', '长春新碱是CHOP方案核心组分，每周IV给药，注意渗漏可致组织坏死');
INSERT INTO disease_treatment (disease_id,drug_id,line,species,notes) VALUES ('dis_034', 'drug_047', 'first', '犬', '多柔比星是CHOP方案核心组分，每3周IV给药，累积心脏毒性上限240 mg/m²');
INSERT INTO disease_treatment (disease_id,drug_id,line,species,notes) VALUES ('dis_034', 'drug_004', 'first', '犬', '泼尼松龙是CHOP方案组成部分，单用也可短期缓解');
INSERT INTO disease_treatment (disease_id,drug_id,line,species,notes) VALUES ('dis_035', 'drug_012', 'first', '犬', '美洛昔康用于术前术后镇痛和慢性骨关节炎管理');
INSERT INTO disease_treatment (disease_id,drug_id,line,species,notes) VALUES ('dis_035', 'drug_011', 'adjunctive', '犬', '曲马多用于术后急性期辅助镇痛');
INSERT INTO disease_treatment (disease_id,drug_id,line,species,notes) VALUES ('dis_036', 'drug_048', 'first', '犬', '美拉索明（Immiticide）杀成虫，3次IM注射方案，严格限制运动防肺栓塞');
INSERT INTO disease_treatment (disease_id,drug_id,line,species,notes) VALUES ('dis_036', 'drug_049', 'first', '犬', '伊维菌素每月一次预防用药是最佳策略，柯利犬MDR1突变慎用（预防量安全）');
INSERT INTO disease_treatment (disease_id,drug_id,line,species,notes) VALUES ('dis_037', 'drug_001', 'first', '犬', '阿莫西林-克拉维酸是浅表性脓皮症一线抗生素，疗程3-4周');
INSERT INTO disease_treatment (disease_id,drug_id,line,species,notes) VALUES ('dis_037', 'drug_002', 'second', '犬', '恩诺沙星用于深层感染或一线无效时，注意幼犬软骨毒性');
INSERT INTO disease_treatment (disease_id,drug_id,line,species,notes) VALUES ('dis_038', 'drug_055', 'adjunctive', '犬', '贝那普利控制糖尿病相关白内障进展（辅助）');
INSERT INTO disease_treatment (disease_id,drug_id,line,species,notes) VALUES ('dis_039', 'drug_003', 'adjunctive', '犬', '甘露醇IV快速降眼压（急性发作急救），但需注意脱水');
INSERT INTO disease_treatment (disease_id,drug_id,line,species,notes) VALUES ('dis_040', 'drug_001', 'first', '犬', '局部+全身抗生素控制感染，促进角膜愈合');
INSERT INTO disease_treatment (disease_id,drug_id,line,species,notes) VALUES ('dis_041', 'drug_012', 'first', '犬', '美洛昔康控制脊髓水肿和疼痛，严格笼养休息');
INSERT INTO disease_treatment (disease_id,drug_id,line,species,notes) VALUES ('dis_041', 'drug_052', 'adjunctive', '犬', '加巴喷丁用于神经性疼痛辅助治疗');
INSERT INTO disease_treatment (disease_id,drug_id,line,species,notes) VALUES ('dis_042', 'drug_012', 'first', '犬', '美洛昔康长期控制骨关节炎疼痛和炎症');
INSERT INTO disease_treatment (disease_id,drug_id,line,species,notes) VALUES ('dis_042', 'drug_053', 'adjunctive', '犬', '曲马多用于中重度疼痛辅助');
INSERT INTO disease_treatment (disease_id,drug_id,line,species,notes) VALUES ('dis_043', 'drug_004', 'adjunctive', '犬', '泼尼松龙术前缩小肿瘤体积，术后辅助');
INSERT INTO disease_treatment (disease_id,drug_id,line,species,notes) VALUES ('dis_044', 'drug_046', 'first', '犬', '多柔比星为基础的化疗方案，术后辅助延长生存期');
INSERT INTO disease_treatment (disease_id,drug_id,line,species,notes) VALUES ('dis_045', 'drug_004', 'second', '犬', '泼尼松龙短期控制急性发作，长期使用副作用大');
INSERT INTO disease_treatment (disease_id,drug_id,line,species,notes) VALUES ('dis_045', 'drug_058', 'adjunctive', '犬', '氟西汀辅助控制焦虑相关搔抓');
INSERT INTO disease_treatment (disease_id,drug_id,line,species,notes) VALUES ('dis_046', 'drug_001', 'first', '犬', '青霉素类（氨苄西林）杀灭螺旋体，多西环素清除肾带菌状态');
INSERT INTO disease_treatment (disease_id,drug_id,line,species,notes) VALUES ('dis_046', 'drug_029', 'adjunctive', '犬', '液体治疗支持肾功能，纠正脱水和电解质紊乱');
INSERT INTO disease_treatment (disease_id,drug_id,line,species,notes) VALUES ('dis_047', 'drug_050', 'first', '猫', '积极营养支持是核心治疗，鼻饲管/食道饲管强制喂食高蛋白饮食');
INSERT INTO disease_treatment (disease_id,drug_id,line,species,notes) VALUES ('dis_048', 'drug_004', 'first', '犬', '泼尼松龙1-2mg/kg/d免疫抑制治疗，是ITP一线方案');
INSERT INTO disease_treatment (disease_id,drug_id,line,species,notes) VALUES ('dis_049', 'drug_051', 'adjunctive', '犬', '马罗匹坦止吐，预防继发感染');
INSERT INTO disease_treatment (disease_id,drug_id,line,species,notes) VALUES ('dis_050', 'drug_001', 'adjunctive', '猫', '术前抗生素控制感染，卵巢子宫切除术是根治方案');

-- ===== 疾病-诊断关联 =====
INSERT INTO disease_diagnostic (disease_id,test_id,purpose,evidence_level,species,expected_result) VALUES ('dis_001', 'test_006', 'confirming', 'supportive', '犬', '肺间质/肺泡浸润影，肺门周围为主');
INSERT INTO disease_diagnostic (disease_id,test_id,purpose,evidence_level,species,expected_result) VALUES ('dis_001', 'test_001', 'screening', 'supportive', '犬', '白细胞升高（细菌感染时中性粒↑）');
INSERT INTO disease_diagnostic (disease_id,test_id,purpose,evidence_level,species,expected_result) VALUES ('dis_001', 'test_010', 'monitoring', 'supportive', '犬', '低氧血症，严重时呼吸性酸中毒');
INSERT INTO disease_diagnostic (disease_id,test_id,purpose,evidence_level,species,expected_result) VALUES ('dis_002', 'test_008', 'confirming', 'gold_standard', '犬', '左房/左室扩大，EF可能降低，瓣膜反流（MMVD）');
INSERT INTO disease_diagnostic (disease_id,test_id,purpose,evidence_level,species,expected_result) VALUES ('dis_002', 'test_006', 'confirming', 'supportive', '犬', '心影增大，肺静脉充血，肺水肿（肺泡浸润）');
INSERT INTO disease_diagnostic (disease_id,test_id,purpose,evidence_level,species,expected_result) VALUES ('dis_002', 'test_009', 'monitoring', 'supportive', '犬', '通常正常或偏低，高血压需排除');
INSERT INTO disease_diagnostic (disease_id,test_id,purpose,evidence_level,species,expected_result) VALUES ('dis_003', 'test_006', 'confirming', 'supportive', '猫', '支气管壁增厚（''甜甜圈征''/''轨道征''），过度充气');
INSERT INTO disease_diagnostic (disease_id,test_id,purpose,evidence_level,species,expected_result) VALUES ('dis_003', 'test_001', 'screening', 'supportive', '猫', '嗜酸性粒细胞增多（支持过敏/哮喘）');
INSERT INTO disease_diagnostic (disease_id,test_id,purpose,evidence_level,species,expected_result) VALUES ('dis_004', 'test_006', 'confirming', 'gold_standard', '犬', '吸气时气管腔狭窄（颈段）或呼气时塌陷（胸内段）');
INSERT INTO disease_diagnostic (disease_id,test_id,purpose,evidence_level,species,expected_result) VALUES ('dis_004', 'test_001', 'screening', 'exclusionary', '犬', '排除感染性原因');
INSERT INTO disease_diagnostic (disease_id,test_id,purpose,evidence_level) VALUES ('dis_005', 'test_002', 'confirming', 'gold_standard');
INSERT INTO disease_diagnostic (disease_id,test_id,purpose,evidence_level) VALUES ('dis_005', 'test_003', 'confirming', 'supportive');
INSERT INTO disease_diagnostic (disease_id,test_id,purpose,evidence_level) VALUES ('dis_005', 'test_009', 'screening', 'exclusionary');
INSERT INTO disease_diagnostic (disease_id,test_id,purpose,evidence_level) VALUES ('dis_006', 'test_002', 'confirming', 'gold_standard');
INSERT INTO disease_diagnostic (disease_id,test_id,purpose,evidence_level) VALUES ('dis_006', 'test_003', 'confirming', 'supportive');
INSERT INTO disease_diagnostic (disease_id,test_id,purpose,evidence_level) VALUES ('dis_006', 'test_007', 'confirming', 'supportive');
INSERT INTO disease_diagnostic (disease_id,test_id,purpose,evidence_level) VALUES ('dis_007', 'test_003', 'confirming', 'supportive');
INSERT INTO disease_diagnostic (disease_id,test_id,purpose,evidence_level) VALUES ('dis_007', 'test_015', 'confirming', 'gold_standard');
INSERT INTO disease_diagnostic (disease_id,test_id,purpose,evidence_level,species,expected_result) VALUES ('dis_008', 'test_003', 'screening', 'supportive', '猫', '可能血尿，FIC时培养阴性');
INSERT INTO disease_diagnostic (disease_id,test_id,purpose,evidence_level,species,expected_result) VALUES ('dis_008', 'test_007', 'confirming', 'supportive', '猫', '膀胱壁增厚，排除结石/肿瘤');
INSERT INTO disease_diagnostic (disease_id,test_id,purpose,evidence_level) VALUES ('dis_009', 'test_005', 'confirming', 'gold_standard');
INSERT INTO disease_diagnostic (disease_id,test_id,purpose,evidence_level) VALUES ('dis_009', 'test_007', 'confirming', 'supportive');
INSERT INTO disease_diagnostic (disease_id,test_id,purpose,evidence_level) VALUES ('dis_009', 'test_002', 'screening', 'supportive');
INSERT INTO disease_diagnostic (disease_id,test_id,purpose,evidence_level) VALUES ('dis_010', 'test_001', 'screening', 'exclusionary');
INSERT INTO disease_diagnostic (disease_id,test_id,purpose,evidence_level) VALUES ('dis_010', 'test_003', 'screening', 'exclusionary');
INSERT INTO disease_diagnostic (disease_id,test_id,purpose,evidence_level) VALUES ('dis_011', 'test_019', 'confirming', 'gold_standard');
INSERT INTO disease_diagnostic (disease_id,test_id,purpose,evidence_level) VALUES ('dis_011', 'test_007', 'confirming', 'supportive');
INSERT INTO disease_diagnostic (disease_id,test_id,purpose,evidence_level) VALUES ('dis_011', 'test_014', 'screening', 'exclusionary');
INSERT INTO disease_diagnostic (disease_id,test_id,purpose,evidence_level) VALUES ('dis_012', 'test_002', 'confirming', 'gold_standard');
INSERT INTO disease_diagnostic (disease_id,test_id,purpose,evidence_level) VALUES ('dis_012', 'test_014', 'confirming', 'supportive');
INSERT INTO disease_diagnostic (disease_id,test_id,purpose,evidence_level) VALUES ('dis_012', 'test_007', 'confirming', 'supportive');
INSERT INTO disease_diagnostic (disease_id,test_id,purpose,evidence_level) VALUES ('dis_013', 'test_002', 'screening', 'exclusionary');
INSERT INTO disease_diagnostic (disease_id,test_id,purpose,evidence_level) VALUES ('dis_013', 'test_007', 'confirming', 'supportive');
INSERT INTO disease_diagnostic (disease_id,test_id,purpose,evidence_level) VALUES ('dis_013', 'test_005', 'screening', 'exclusionary');
INSERT INTO disease_diagnostic (disease_id,test_id,purpose,evidence_level,species,expected_result) VALUES ('dis_014', 'test_008', 'confirming', 'gold_standard', '犬', '左室扩张（LVIDd↑），FS%↓（<25%），整体收缩功能降低');
INSERT INTO disease_diagnostic (disease_id,test_id,purpose,evidence_level,species,expected_result) VALUES ('dis_014', 'test_006', 'confirming', 'supportive', '犬', '心影增大（左室+左房），肺静脉充血');
INSERT INTO disease_diagnostic (disease_id,test_id,purpose,evidence_level,species,expected_result) VALUES ('dis_015', 'test_008', 'confirming', 'gold_standard', '猫', '室间隔/左室游离壁增厚（>6mm），左房扩大，SAM征');
INSERT INTO disease_diagnostic (disease_id,test_id,purpose,evidence_level,species,expected_result) VALUES ('dis_015', 'test_006', 'screening', 'supportive', '猫', '心影增大，''爱心形''轮廓（左房扩大）');
INSERT INTO disease_diagnostic (disease_id,test_id,purpose,evidence_level) VALUES ('dis_016', 'test_008', 'confirming', 'gold_standard');
INSERT INTO disease_diagnostic (disease_id,test_id,purpose,evidence_level) VALUES ('dis_016', 'test_006', 'confirming', 'supportive');
INSERT INTO disease_diagnostic (disease_id,test_id,purpose,evidence_level) VALUES ('dis_017', 'test_002', 'confirming', 'gold_standard');
INSERT INTO disease_diagnostic (disease_id,test_id,purpose,evidence_level) VALUES ('dis_017', 'test_003', 'confirming', 'supportive');
INSERT INTO disease_diagnostic (disease_id,test_id,purpose,evidence_level) VALUES ('dis_017', 'test_010', 'screening', 'exclusionary');
INSERT INTO disease_diagnostic (disease_id,test_id,purpose,evidence_level) VALUES ('dis_018', 'test_011', 'confirming', 'gold_standard');
INSERT INTO disease_diagnostic (disease_id,test_id,purpose,evidence_level) VALUES ('dis_018', 'test_002', 'screening', 'supportive');
INSERT INTO disease_diagnostic (disease_id,test_id,purpose,evidence_level) VALUES ('dis_018', 'test_007', 'confirming', 'supportive');
INSERT INTO disease_diagnostic (disease_id,test_id,purpose,evidence_level,species,expected_result) VALUES ('dis_019', 'test_004', 'confirming', 'gold_standard', '猫', '总T4>4.0 μg/dL（猫），fT4↑↑更敏感');
INSERT INTO disease_diagnostic (disease_id,test_id,purpose,evidence_level,species,expected_result) VALUES ('dis_019', 'test_002', 'screening', 'supportive', '猫', 'ALT轻度↑（甲亢继发），BUN/CREA排除CKD');
INSERT INTO disease_diagnostic (disease_id,test_id,purpose,evidence_level,species,expected_result) VALUES ('dis_019', 'test_008', 'monitoring', 'supportive', '猫', '甲亢可继发HCM，监测左室壁厚度');
INSERT INTO disease_diagnostic (disease_id,test_id,purpose,evidence_level,species,expected_result) VALUES ('dis_020', 'test_004', 'confirming', 'gold_standard', '犬', '总T4<0.5 μg/dL，fT4↓，TSH↑（犬）');
INSERT INTO disease_diagnostic (disease_id,test_id,purpose,evidence_level,species,expected_result) VALUES ('dis_020', 'test_002', 'screening', 'supportive', '犬', '胆固醇↑↑（特征性），ALB正常，非再生性贫血');
INSERT INTO disease_diagnostic (disease_id,test_id,purpose,evidence_level) VALUES ('dis_021', 'test_002', 'confirming', 'supportive');
INSERT INTO disease_diagnostic (disease_id,test_id,purpose,evidence_level) VALUES ('dis_021', 'test_003', 'confirming', 'gold_standard');
INSERT INTO disease_diagnostic (disease_id,test_id,purpose,evidence_level) VALUES ('dis_021', 'test_010', 'confirming', 'supportive');
INSERT INTO disease_diagnostic (disease_id,test_id,purpose,evidence_level,species,expected_result) VALUES ('dis_022', 'test_002', 'screening', 'exclusionary', '犬', '排除胰腺炎/肾衰等其他呕吐原因');
INSERT INTO disease_diagnostic (disease_id,test_id,purpose,evidence_level,species,expected_result) VALUES ('dis_022', 'test_010', 'monitoring', 'supportive', '犬', '代谢性酸中毒（严重时）');
INSERT INTO disease_diagnostic (disease_id,test_id,purpose,evidence_level,species,expected_result) VALUES ('dis_023', 'test_002', 'confirming', 'supportive', '猫', 'BUN↑↑, CREA↑↑（AKI），高磷低钙');
INSERT INTO disease_diagnostic (disease_id,test_id,purpose,evidence_level,species,expected_result) VALUES ('dis_023', 'test_003', 'confirming', 'supportive', '猫', '等渗尿，肾性糖尿，管型');
INSERT INTO disease_diagnostic (disease_id,test_id,purpose,evidence_level) VALUES ('dis_024', 'test_002', 'confirming', 'supportive');
INSERT INTO disease_diagnostic (disease_id,test_id,purpose,evidence_level) VALUES ('dis_024', 'test_003', 'screening', 'exclusionary');
INSERT INTO disease_diagnostic (disease_id,test_id,purpose,evidence_level,species,expected_result) VALUES ('dis_025', 'test_012', 'confirming', 'gold_standard', '犬', '阳性（CPV-2抗原）');
INSERT INTO disease_diagnostic (disease_id,test_id,purpose,evidence_level,species,expected_result) VALUES ('dis_025', 'test_001', 'confirming', 'supportive', '犬', '白细胞↓↓（严重时<1000/μL），淋巴细胞↓+中性粒↓');
INSERT INTO disease_diagnostic (disease_id,test_id,purpose,evidence_level,species,expected_result) VALUES ('dis_025', 'test_002', 'monitoring', 'supportive', '犬', '低白蛋白（肠丢失），低血糖（幼犬）');
INSERT INTO disease_diagnostic (disease_id,test_id,purpose,evidence_level,species,expected_result) VALUES ('dis_026', 'test_001', 'screening', 'supportive', '犬', '白细胞变化不定，可能淋巴细胞↓');
INSERT INTO disease_diagnostic (disease_id,test_id,purpose,evidence_level,species,expected_result) VALUES ('dis_026', 'test_006', 'screening', 'exclusionary', '犬', '排除肺炎（CDV可致呼吸道症状）');
INSERT INTO disease_diagnostic (disease_id,test_id,purpose,evidence_level,species,expected_result) VALUES ('dis_027', 'test_013', 'confirming', 'gold_standard', '猫', '阳性（FPV抗原）');
INSERT INTO disease_diagnostic (disease_id,test_id,purpose,evidence_level,species,expected_result) VALUES ('dis_027', 'test_001', 'confirming', 'supportive', '猫', '泛白细胞减少（WBC<2000/μL），淋巴细胞↓↓+中性粒↓↓');
INSERT INTO disease_diagnostic (disease_id,test_id,purpose,evidence_level,species,expected_result) VALUES ('dis_027', 'test_002', 'monitoring', 'supportive', '猫', '低白蛋白，低血糖（幼猫）');
INSERT INTO disease_diagnostic (disease_id,test_id,purpose,evidence_level,species,expected_result) VALUES ('dis_028', 'test_020', 'confirming', 'supportive', '猫', '高滴度（≥1:1600）+渗出液高度提示');
INSERT INTO disease_diagnostic (disease_id,test_id,purpose,evidence_level,species,expected_result) VALUES ('dis_028', 'test_016', 'confirming', 'gold_standard', '猫', '渗出液（蛋白>3.5 g/dL），Rivalta试验阳性，球蛋白↑↑/白蛋白↓');
INSERT INTO disease_diagnostic (disease_id,test_id,purpose,evidence_level,species,expected_result) VALUES ('dis_028', 'test_002', 'screening', 'supportive', '猫', '球蛋白↑↑/白蛋白↓（A:G<0.4高度提示）');
INSERT INTO disease_diagnostic (disease_id,test_id,purpose,evidence_level,species,expected_result) VALUES ('dis_029', 'test_019', 'confirming', 'gold_standard', '犬', '胃扩张+幽门右移+胃分隔征（''双泡征''）=GDV确诊');
INSERT INTO disease_diagnostic (disease_id,test_id,purpose,evidence_level,species,expected_result) VALUES ('dis_029', 'test_010', 'screening', 'supportive', '犬', '代谢性酸中毒+乳酸↑（胃壁缺血）');
INSERT INTO disease_diagnostic (disease_id,test_id,purpose,evidence_level,species,expected_result) VALUES ('dis_029', 'test_014', 'screening', 'supportive', '犬', '排除DIC（GDV可继发）');
INSERT INTO disease_diagnostic (disease_id,test_id,purpose,evidence_level) VALUES ('dis_030', 'test_017', 'confirming', 'gold_standard');
INSERT INTO disease_diagnostic (disease_id,test_id,purpose,evidence_level) VALUES ('dis_030', 'test_001', 'confirming', 'supportive');
INSERT INTO disease_diagnostic (disease_id,test_id,purpose,evidence_level) VALUES ('dis_030', 'test_002', 'screening', 'supportive');
INSERT INTO disease_diagnostic (disease_id,test_id,purpose,evidence_level) VALUES ('dis_031', 'test_002', 'screening', 'exclusionary');
INSERT INTO disease_diagnostic (disease_id,test_id,purpose,evidence_level) VALUES ('dis_031', 'test_010', 'screening', 'exclusionary');
INSERT INTO disease_diagnostic (disease_id,test_id,purpose,evidence_level) VALUES ('dis_031', 'test_026', 'confirming', 'supportive');
INSERT INTO disease_diagnostic (disease_id,test_id,purpose,evidence_level,species,expected_result) VALUES ('dis_032', 'test_024', 'confirming', 'gold_standard', '犬', '关节液分析：炎症性（WBC>5×10³/μL），以中性粒为主，无细菌，培养阴性');
INSERT INTO disease_diagnostic (disease_id,test_id,purpose,evidence_level,species,expected_result) VALUES ('dis_032', 'test_019', 'confirming', 'supportive', '犬', 'X线：关节软组织肿胀，早期无骨侵蚀');
INSERT INTO disease_diagnostic (disease_id,test_id,purpose,evidence_level,species,expected_result) VALUES ('dis_032', 'test_001', 'screening', 'supportive', '犬', 'WBC↑，CRP↑（炎症标志物）');
INSERT INTO disease_diagnostic (disease_id,test_id,purpose,evidence_level,species,expected_result) VALUES ('dis_033', 'test_001', 'confirming', 'gold_standard', '犬', 'HCT↓↓（<20%），球形红细胞+自身凝集+Coombs试验阳性');
INSERT INTO disease_diagnostic (disease_id,test_id,purpose,evidence_level,species,expected_result) VALUES ('dis_033', 'test_002', 'screening', 'supportive', '犬', '总胆红素↑（间接胆红素为主），LDH↑');
INSERT INTO disease_diagnostic (disease_id,test_id,purpose,evidence_level,species,expected_result) VALUES ('dis_033', 'test_014', 'monitoring', 'supportive', '犬', '排除DIC（IMHA可继发DIC，PT/aPTT延长+纤维蛋白原↓）');
INSERT INTO disease_diagnostic (disease_id,test_id,purpose,evidence_level) VALUES ('dis_034', 'test_023', 'confirming', 'gold_standard');
INSERT INTO disease_diagnostic (disease_id,test_id,purpose,evidence_level) VALUES ('dis_034', 'test_001', 'screening', 'supportive');
INSERT INTO disease_diagnostic (disease_id,test_id,purpose,evidence_level) VALUES ('dis_034', 'test_019', 'screening', 'supportive');
INSERT INTO disease_diagnostic (disease_id,test_id,purpose,evidence_level,species,expected_result) VALUES ('dis_035', 'test_019', 'confirming', 'gold_standard', '犬', 'X线：关节积液，胫骨前抽屉征阳性（需镇静下检查）');
INSERT INTO disease_diagnostic (disease_id,test_id,purpose,evidence_level,species,expected_result) VALUES ('dis_035', 'test_017', 'confirming', 'supportive', '犬', '关节超声/关节镜：确认韧带断裂程度和半月板损伤（X线不能直接显示韧带）');
INSERT INTO disease_diagnostic (disease_id,test_id,purpose,evidence_level,species,expected_result) VALUES ('dis_036', 'test_021', 'confirming', 'gold_standard', '犬', '抗原检测阳性（成虫体壁抗原），Knott试验可查微丝蚴');
INSERT INTO disease_diagnostic (disease_id,test_id,purpose,evidence_level,species,expected_result) VALUES ('dis_036', 'test_019', 'confirming', 'supportive', '犬', 'X线：肺动脉扩张，右心增大，肺动脉高压征');
INSERT INTO disease_diagnostic (disease_id,test_id,purpose,evidence_level,species,expected_result) VALUES ('dis_036', 'test_001', 'screening', 'supportive', '犬', '嗜酸性粒细胞↑（寄生虫感染特征）');
INSERT INTO disease_diagnostic (disease_id,test_id,purpose,evidence_level,species,expected_result) VALUES ('dis_037', 'test_022', 'confirming', 'gold_standard', '犬', '皮肤细胞学：中性粒细胞+球菌（葡萄球菌），排除酵母菌和真菌');
INSERT INTO disease_diagnostic (disease_id,test_id,purpose,evidence_level,species,expected_result) VALUES ('dis_037', 'test_001', 'screening', 'supportive', '犬', 'WBC↑（核左移），CRP↑');
INSERT INTO disease_diagnostic (disease_id,test_id,purpose,evidence_level,species,expected_result) VALUES ('dis_038', 'test_028', 'screening', 'supportive', '犬', '排除角膜溃疡等其他眼病');
INSERT INTO disease_diagnostic (disease_id,test_id,purpose,evidence_level,species,expected_result) VALUES ('dis_039', 'test_027', 'confirming', 'gold_standard', '犬', '眼压>25mmHg');
INSERT INTO disease_diagnostic (disease_id,test_id,purpose,evidence_level,species,expected_result) VALUES ('dis_039', 'test_028', 'screening', 'exclusionary', '犬', '排除角膜溃疡');
INSERT INTO disease_diagnostic (disease_id,test_id,purpose,evidence_level,species,expected_result) VALUES ('dis_040', 'test_028', 'confirming', 'gold_standard', '犬', '荧光素着染阳性');
INSERT INTO disease_diagnostic (disease_id,test_id,purpose,evidence_level,species,expected_result) VALUES ('dis_040', 'test_027', 'screening', 'supportive', '犬', '可能继发眼压升高');
INSERT INTO disease_diagnostic (disease_id,test_id,purpose,evidence_level,species,expected_result) VALUES ('dis_041', 'test_025', 'confirming', 'gold_standard', '犬', '脊髓压迫/椎间盘突出影像');
INSERT INTO disease_diagnostic (disease_id,test_id,purpose,evidence_level,species,expected_result) VALUES ('dis_041', 'test_002', 'screening', 'supportive', '犬', '排除肿瘤等其他脊髓病变');
INSERT INTO disease_diagnostic (disease_id,test_id,purpose,evidence_level,species,expected_result) VALUES ('dis_042', 'test_016', 'confirming', 'gold_standard', '犬', '髋关节半脱位，Norberg角<105°');
INSERT INTO disease_diagnostic (disease_id,test_id,purpose,evidence_level,species,expected_result) VALUES ('dis_043', 'test_031', 'confirming', 'gold_standard', '犬', '肥大细胞，可见嗜酸性颗粒');
INSERT INTO disease_diagnostic (disease_id,test_id,purpose,evidence_level,species,expected_result) VALUES ('dis_044', 'test_008', 'confirming', 'gold_standard', '犬', '脾脏/心脏占位性病变');
INSERT INTO disease_diagnostic (disease_id,test_id,purpose,evidence_level,species,expected_result) VALUES ('dis_044', 'test_031', 'confirming', 'supportive', '犬', '血管内皮细胞恶性特征');
INSERT INTO disease_diagnostic (disease_id,test_id,purpose,evidence_level,species,expected_result) VALUES ('dis_045', 'test_030', 'screening', 'exclusionary', '犬', '排除自身免疫性皮肤病');
INSERT INTO disease_diagnostic (disease_id,test_id,purpose,evidence_level,species,expected_result) VALUES ('dis_046', 'test_018', 'confirming', 'gold_standard', '犬', 'MAT血清学阳性，双份血清4倍升高');
INSERT INTO disease_diagnostic (disease_id,test_id,purpose,evidence_level,species,expected_result) VALUES ('dis_046', 'test_013', 'confirming', 'supportive', '犬', 'PCR检测螺旋体DNA');
INSERT INTO disease_diagnostic (disease_id,test_id,purpose,evidence_level,species,expected_result) VALUES ('dis_047', 'test_003', 'confirming', 'supportive', '猫', 'ALT、ALP升高，高胆红素血症');
INSERT INTO disease_diagnostic (disease_id,test_id,purpose,evidence_level,species,expected_result) VALUES ('dis_047', 'test_008', 'confirming', 'gold_standard', '猫', '肝脏回声弥漫性增大，脂肪浸润声像');
INSERT INTO disease_diagnostic (disease_id,test_id,purpose,evidence_level,species,expected_result) VALUES ('dis_048', 'test_033', 'confirming', 'supportive', '犬', 'Coombs试验阳性');
INSERT INTO disease_diagnostic (disease_id,test_id,purpose,evidence_level,species,expected_result) VALUES ('dis_048', 'test_032', 'screening', 'exclusionary', '犬', '排除DIC等其他凝血障碍');
INSERT INTO disease_diagnostic (disease_id,test_id,purpose,evidence_level,species,expected_result) VALUES ('dis_049', 'test_001', 'screening', 'supportive', '犬', '白细胞正常或偏低');
INSERT INTO disease_diagnostic (disease_id,test_id,purpose,evidence_level,species,expected_result) VALUES ('dis_050', 'test_008', 'confirming', 'gold_standard', '猫', '子宫增大，腔内液性暗区');
INSERT INTO disease_diagnostic (disease_id,test_id,purpose,evidence_level,species,expected_result) VALUES ('dis_050', 'test_001', 'screening', 'supportive', '猫', '白细胞升高伴核左移');

-- ===== 疾病-治疗方案关联 =====
INSERT INTO disease_treatment_map (disease_id,treatment_id,line,species,notes) VALUES ('dis_001', 'trt_001', 'first', '犬', '细菌性肺炎标准抗生素方案');
INSERT INTO disease_treatment_map (disease_id,treatment_id,line,species,notes) VALUES ('dis_001', 'trt_001', 'first', '猫', '猫吸入性/细菌性肺炎');
INSERT INTO disease_treatment_map (disease_id,treatment_id,line,species,notes) VALUES ('dis_002', 'trt_002', 'first', '犬', 'MMVD/DCM 充血性心衰标准三联');
INSERT INTO disease_treatment_map (disease_id,treatment_id,line,species,notes) VALUES ('dis_014', 'trt_002', 'first', '犬', 'DCM 心衰方案');
INSERT INTO disease_treatment_map (disease_id,treatment_id,line,species,notes) VALUES ('dis_003', 'trt_003', 'first', '猫', '猫哮喘阶梯式抗炎');
INSERT INTO disease_treatment_map (disease_id,treatment_id,line) VALUES ('dis_009', 'trt_004', 'first');
INSERT INTO disease_treatment_map (disease_id,treatment_id,line,species,notes) VALUES ('dis_025', 'trt_005', 'first', '犬', '细小病毒重症监护');
INSERT INTO disease_treatment_map (disease_id,treatment_id,line,species,notes) VALUES ('dis_027', 'trt_005', 'first', '猫', '猫泛白细胞减少症类似方案');
INSERT INTO disease_treatment_map (disease_id,treatment_id,line,species,notes) VALUES ('dis_029', 'trt_006', 'first', '犬', 'GDV 急救手术方案');

-- ===== 治疗 (6个) =====
INSERT INTO treatments (id, name_zh, name_en, therapy_type, principle, procedure_text, physiological_basis, prognosis_assessment) VALUES ('trt_001', '细菌性肺炎抗生素治疗方案', 'Bacterial Pneumonia Antibiotic Protocol', '药物疗法', '控制肺部感染、支持呼吸功能、预防并发症（肺脓肿/脓胸）', '1. 采样：气管灌洗或深部痰培养+药敏试验
2. 经验性抗生素：阿莫西林-克拉维酸 12.5-25 mg/kg PO q12h
3. 48-72h 评估疗效（体温、呼吸频率、咳嗽频率）
4. 药敏结果回报后调整抗生素
5. 疗程至少 3-4 周，影像学改善后至少再续 1 周
6. 支持治疗：补液、雾化、氧疗（SpO2<94%时）', 'β-内酰胺类抗生素通过抑制细菌细胞壁肽聚糖合成导致细菌裂解死亡。克拉维酸为β-内酰胺酶抑制剂，保护阿莫西林不被细菌产生的酶降解，扩大抗菌谱。', '早期诊断+合理抗生素治疗预后良好（>90%存活率）。延误治疗可致肺脓肿、脓胸、败血症，预后谨慎。免疫抑制动物预后较差。');
INSERT INTO treatments (id, name_zh, name_en, therapy_type, principle, procedure_text, physiological_basis, prognosis_assessment) VALUES ('trt_002', '犬充血性心力衰竭标准方案', 'Canine Congestive Heart Failure Standard Protocol', '药物疗法', '减轻前后负荷、改善心室收缩功能、控制心律失常、减少液体潴留', '1. 急性肺水肿：呋塞米 2-4 mg/kg IV，面罩吸氧，硝酸甘油贴剂
2. 稳定期三联方案：
   - 呋塞米 1-2 mg/kg PO q12h（根据呼吸频率调整）
   - 匹莫苯丹 0.2-0.3 mg/kg PO q12h
   - 贝那普利 0.25-0.5 mg/kg PO q24h
3. 合并房颤：加用地高辛 0.0025-0.005 mg/kg PO q12h
4. 限钠饮食（Na < 0.15%）
5. 监测：每 2-4 周复查肾功能、电解质；每 3 个月复查心脏超声', '心衰时 Frank-Starling 机制失代偿，心室舒张末压升高→肺静脉压升高→肺水肿。呋塞米抑制 Henle 袢 Na-K-2Cl 共转运体，减少水钠重吸收降低前负荷。匹莫苯丹抑制 PDE-III 并增加钙敏感性，增强心肌收缩力。贝那普利抑制 ACE，减少 Ang II 生成，降低前后负荷并抑制心室重构。', 'MMVD 中位生存时间：B2 期 > 1000 天，C 期约 300-500 天。DCM 预后更差。定期监测 NT-proBNP 和心脏超声可评估进展。');
INSERT INTO treatments (id, name_zh, name_en, therapy_type, principle, procedure_text, physiological_basis, prognosis_assessment) VALUES ('trt_003', '猫哮喘阶梯式抗炎方案', 'Feline Asthma Stepwise Anti-inflammatory Protocol', '药物疗法', '控制气道慢性炎症、减少支气管痉挛、预防气道重塑', '1. 轻度间歇：沙丁胺醇吸入（100 μg/喷，按需）
2. 轻度持续：泼尼松龙 1-2 mg/kg PO q24h × 5-7d，逐渐减量至 q48h
3. 中重度：吸入氟替卡松（110 μg/喷，q12h）+ 口服泼尼松龙
4. 难治性：加用吸入沙丁胺醇 + 环孢素 5 mg/kg PO q24h
5. 环境控制：减少粉尘/烟雾/猫砂粉尘
6. 监测：每 3-6 个月复查胸部 X 线', '猫哮喘本质是嗜酸性粒细胞性气道炎症，Th2 细胞因子（IL-4/5/13）驱动 IgE 产生和嗜酸性粒细胞浸润。糖皮质激素通过抑制 NF-κB 减少炎症介质合成，降低气道高反应性。β2 激动剂激活腺苷酸环化酶升高 cAMP，松弛支气管平滑肌。', '阶梯治疗可控制 >80% 猫哮喘症状，但需终身用药。急性发作可致呼吸衰竭（橙色等级），需紧急氧疗+支气管扩张剂。');
INSERT INTO treatments (id, name_zh, name_en, therapy_type, principle, procedure_text, physiological_basis, prognosis_assessment) VALUES ('trt_004', '胰腺炎支持治疗方案', 'Pancreatitis Supportive Care Protocol', '药物疗法', '积极液体复苏、疼痛管理、控制呕吐、逐步恢复饮食、预防并发症', '1. 液体复苏：乳酸林格液 60-90 mL/kg/24h IV，根据脱水程度调整
2. 止吐：马罗匹坦 1 mg/kg SC/IV q24h（首选，兼有内脏镇痛作用）
3. 镇痛：
   - 犬：美洛昔康 0.1 mg/kg SC/PO q24h 或曲马多 2-5 mg/kg PO q8h
   - 猫：曲马多 2-4 mg/kg PO q12h 或布托啡诺 0.2-0.4 mg/kg SC q6-8h
4. 胃保护：奥美拉唑 1 mg/kg PO/IV q24h
5. 营养支持：24-48h 内开始低脂易消化饮食（鼻饲管/食道饲管）
6. 监测：cPLI/fPLI、电解质、血糖、肾功能', '胰腺炎时胰蛋白酶原在腺泡内提前激活，触发酶级联反应导致胰腺自消化。炎症因子释放引发 SIRS，可致 DIC/MODS。液体复苏维持胰腺微循环，减少腺泡缺血性损伤。马罗匹坦通过阻断 P 物质与 NK1 受体结合，抑制呕吐中枢信号传导。', '轻症（间质水肿型）经支持治疗 3-5 天可缓解，预后良好。重症（坏死型/出血型）可并发 DIC、MODS，预后谨慎。反复发作可致胰腺外分泌功能不全和糖尿病。');
INSERT INTO treatments (id, name_zh, name_en, therapy_type, principle, procedure_text, physiological_basis, prognosis_assessment) VALUES ('trt_005', '犬细小病毒病重症监护方案', 'Canine Parvovirus Critical Care Protocol', '急救重症', '积极液体复苏纠正脱水/电解质紊乱、止吐、预防继发感染、营养支持', '1. 液体复苏：乳酸林格液 + 5% 葡萄糖，70-90 mL/kg/24h IV，根据 PCV/TP 调整
2. 纠正低血糖：25% 葡萄糖 1-2 mL/kg IV 推注，维持血糖 > 80 mg/dL
3. 止吐：马罗匹坦 1 mg/kg SC q24h
4. 抗生素：阿莫西林-克拉维酸 20 mg/kg IV q8h（白细胞 < 2000 时菌血症风险极高）
5. 胃保护：奥美拉唑 1 mg/kg IV q24h
6. 营养支持：呕吐控制后 12-24h 内开始鼻饲（低脂易消化流食）
7. 监测：WBC、血糖、电解质（K+、Na+）、白蛋白 q12-24h', 'CPV-2 感染分裂活跃的肠隐窝上皮细胞，导致绒毛萎缩和吸收面积骤降→严重水样腹泻。骨髓抑制致中性粒细胞骤减（<500/μL），肠屏障破坏→肠道菌群移位→败血症。液体复苏维持肠道微循环，预防缺血性肠损伤加重。', '未治疗死亡率 91%，积极治疗存活率 80-90%。预后不良指标：WBC < 1000、白蛋白 < 2.0 g/dL、低血糖持续 > 24h。');
INSERT INTO treatments (id, name_zh, name_en, therapy_type, principle, procedure_text, physiological_basis, prognosis_assessment) VALUES ('trt_006', '胃扩张-扭转急救方案', 'GDV Emergency Protocol', '急救重症', '快速液体复苏恢复循环容量、胃减压、急诊手术固定胃壁、处理缺血再灌注损伤', '1. 液体复苏：大口径留置针（18-20G），生理盐水 20-40 mL/kg 快速推注，可重复至 MAP > 60 mmHg
2. 胃减压：大口径胃管洗胃（若无法插入则经皮穿刺减压）
3. 术前镇痛：布托啡诺 0.2-0.4 mg/kg IV
4. 术前镇静：乙酰丙嗪 0.01-0.03 mg/kg IV（休克时慎用）
5. 急诊手术：胃复位 + 胃固定术（gastropexy）± 脾切除
6. 术后监护：持续心电监护 24-48h（室性心律失常高发），纠正电解质
7. 监测：乳酸、PT/aPTT（排除 DIC）、连续 ECG', 'GDV 时胃内气体/液体潴留→胃扩张压迫后腔静脉→静脉回流骤降→心输出量下降→休克。胃壁缺血致再灌注损伤，自由基大量产生→心肌细胞损伤→室性心律失常（术后 24-72h 最高发）。乳酸升高反映组织低灌注程度，>6 mmol/L 预后不良。', '及时手术存活率 80-90%。预后不良指标：乳酸 >6、DIC、胃壁坏死需切除、术前心跳骤停。胃固定术可降低复发率至 <5%。');

-- ===== 治疗-标签关联 =====
INSERT INTO entity_tags (entity_type, entity_id, tag_id) VALUES ('treatment', 'trt_001', '呼吸系统');
INSERT INTO entity_tags (entity_type, entity_id, tag_id) VALUES ('treatment', 'trt_001', '感染');
INSERT INTO entity_tags (entity_type, entity_id, tag_id) VALUES ('treatment', 'trt_001', '炎症免疫');
INSERT INTO entity_tags (entity_type, entity_id, tag_id) VALUES ('treatment', 'trt_002', '心血管系统');
INSERT INTO entity_tags (entity_type, entity_id, tag_id) VALUES ('treatment', 'trt_002', '血管循环');
INSERT INTO entity_tags (entity_type, entity_id, tag_id) VALUES ('treatment', 'trt_002', '退行性');
INSERT INTO entity_tags (entity_type, entity_id, tag_id) VALUES ('treatment', 'trt_003', '呼吸系统');
INSERT INTO entity_tags (entity_type, entity_id, tag_id) VALUES ('treatment', 'trt_003', '炎症免疫');
INSERT INTO entity_tags (entity_type, entity_id, tag_id) VALUES ('treatment', 'trt_003', '免疫介导');
INSERT INTO entity_tags (entity_type, entity_id, tag_id) VALUES ('treatment', 'trt_004', '消化系统');
INSERT INTO entity_tags (entity_type, entity_id, tag_id) VALUES ('treatment', 'trt_004', '炎症免疫');
INSERT INTO entity_tags (entity_type, entity_id, tag_id) VALUES ('treatment', 'trt_004', '疼痛信号');
INSERT INTO entity_tags (entity_type, entity_id, tag_id) VALUES ('treatment', 'trt_005', '消化系统');
INSERT INTO entity_tags (entity_type, entity_id, tag_id) VALUES ('treatment', 'trt_005', '感染');
INSERT INTO entity_tags (entity_type, entity_id, tag_id) VALUES ('treatment', 'trt_005', '炎症免疫');
INSERT INTO entity_tags (entity_type, entity_id, tag_id) VALUES ('treatment', 'trt_006', '消化系统');
INSERT INTO entity_tags (entity_type, entity_id, tag_id) VALUES ('treatment', 'trt_006', '梗阻');
INSERT INTO entity_tags (entity_type, entity_id, tag_id) VALUES ('treatment', 'trt_006', '疼痛信号');
INSERT INTO entity_tags (entity_type, entity_id, tag_id) VALUES ('treatment', 'trt_006', '血管循环');

-- ===== 病例 (15个) =====
INSERT INTO cases (id, title, species, breed, age, weight, chief_complaint, history, physical_exam, lab_results, imaging, diagnosis, treatment, outcome, learning_points, difficulty) VALUES ('case_001', '3岁绝育雌性金毛猎犬 — 急性呕吐与祈祷姿势', '犬', '金毛猎犬', 3, 28, '呕吐24小时，弓背不愿活动，呈祈祷姿势', '昨晚偷吃了一整盘红烧肉。今早开始呕吐，呕吐物为未消化食物→黄色胆汁样。精神差，不愿走动，弓背，腹部触诊敏感。已绝育，定期免疫驱虫，既往体健。', 'T 39.5°C，HR 120bpm，RR 32次/分，脱水约7%。腹部触诊前腹敏感，呈祈祷姿势（前肢趴地后肢站立）。肠鸣音减弱。黏膜颜色正常，CRT 2秒。', 'cPLI: 850 μg/L（参考≤200）。CBC: WBC 18.5×10³/μL（参考6-17），中性粒85%。生化: ALT 180 U/L（轻度↑），ALP 250 U/L（轻度↑），BUN 35 mg/dL（轻度↑，脱水），GLU 160 mg/dL（轻度↑，应激）。', '腹部超声：胰腺弥漫性增大，周围脂肪回声增强（''毛玻璃样''改变），无游离液体，无异物征象。', '急性胰腺炎（高脂饮食诱发）', '1. 乳酸林格液 10 ml/kg/h IV 纠正脱水；2. 马罗匹坦 1 mg/kg SC q24h 止吐；3. 曲马多 3 mg/kg PO q8h 镇痛；4. 奥美拉唑 1 mg/kg PO q24h 胃保护；5. 禁食48-72h后逐步引入低脂饮食。', '治疗48h后呕吐停止，72h后开始进食低脂罐头，第5天出院。建议长期低脂饮食管理。', '① 祈祷姿势（prayer position）是犬胰腺炎的特征性表现；② cPLI>400 μg/L对犬胰腺炎敏感性82%、特异性95%；③ 高脂饮食是犬胰腺炎最常见诱因；④ 治疗核心是积极液体复苏+止吐+镇痛+禁食，不推荐常规使用抗生素。', 'basic');
INSERT INTO cases (id, title, species, breed, age, weight, chief_complaint, history, physical_exam, lab_results, imaging, diagnosis, treatment, outcome, learning_points, difficulty) VALUES ('case_002', '8岁未绝育雌性家短毛猫 — 多饮多尿与体重下降', '猫', '家短毛猫', 8, 3.2, '近2个月多饮多尿，食欲增加但体重下降', '主人发现猫砂结块明显增多，每天需清理2-3次（之前1次）。食欲旺盛但体重从4.1kg降至3.2kg。活动量略减，偶有呕吐（每周1-2次）。未绝育，室内饲养，未用任何药物。', 'T 38.8°C，HR 220bpm（心动过速），RR 28次/分，体况评分3/9。双侧甲状腺可触及轻度增大（右侧更明显）。肌肉量减少，尤其后肢。心肺听诊：心音增强，无杂音。腹部触诊无异常。', '总T4: 8.5 μg/dL（参考0.8-4.0，显著↑）。CBC: 正常范围。生化: ALT 150 U/L（轻度↑，甲亢继发），BUN 28 mg/dL，CREA 1.8 mg/dL，GLU 180 mg/dL（轻度↑，应激性）。尿比重 1.025（偏低，排除DKA）。', '超声心动图：左室游离壁轻度增厚（5.8mm），左房轻度扩大，收缩功能正常。腹部超声：双侧甲状腺增大，右侧3cm×1.5cm，回声不均。', '猫甲状腺功能亢进（双侧甲状腺增生），继发早期心肌肥厚', '1. 甲巯咪唑透皮耳膏 2.5 mg q12h（首选透皮剂型减少胃肠道副作用）；2. 4周后复查T4调整剂量；3. 每6个月复查超声心动图监测心肌变化。', '用药4周后T4降至3.2 μg/dL，HR降至180bpm，体重回升至3.6kg。主人报告饮尿量明显减少。', '① 老年猫多饮多尿+多食+体重下降=甲亢三联征，必须查T4；② 甲亢可继发HCM，需基线超声心动图；③ 透皮甲巯咪唑耳膏是猫的首选给药途径（避免口服胃肠道副作用）；④ 甲亢猫的ALT↑通常是继发性，不需保肝治疗。', 'basic');
INSERT INTO cases (id, title, species, breed, age, weight, chief_complaint, history, physical_exam, lab_results, imaging, diagnosis, treatment, outcome, learning_points, difficulty) VALUES ('case_003', '5岁雄性绝育杜宾犬 — 运动不耐受与晕厥', '犬', '杜宾犬', 5, 35, '近1个月运动不耐受，上周晕厥1次', '近1个月不愿散步，走500米即喘。上周突然倒地意识丧失约30秒，自行恢复。无抽搐，无大小便失禁。食欲正常，无咳嗽。杜宾犬DCM高发品种。', 'T 38.5°C，HR 160bpm（心动过速），RR 36次/分。心音低沉，可闻及II/VI级收缩期杂音（心尖部）。心律不齐，脉搏短绌。肺部听诊清晰。无腹水。', 'BNP↑↑（提示心室扩张）。CBC: 正常。生化: ALT 80 U/L（正常），BUN 18 mg/dL，CREA 1.2 mg/dL（肾功能正常）。血气: 轻度代谢性碱中毒（代偿性）。', '超声心动图: 左室舒张内径（LVIDd）65mm（参考<55mm，显著扩张），FS% 18%（参考25-45%，显著降低），左房扩大（LA/Ao 2.0），整体收缩功能严重降低。未见瓣膜增厚/脱垂。', '扩张型心肌病（DCM），合并房颤', '1. 呋塞米 2 mg/kg PO q12h 减轻心脏负荷；2. 匹莫苯丹 0.25 mg/kg PO q12h 增强收缩力；3. 地高辛 0.003 mg/kg PO q12h 控制房颤心室率（监测血药浓度）；4. 严格限制运动。', '2周后复查：HR 130bpm，心律仍不齐但心室率控制改善。1个月后晕厥未再发作，可缓慢散步15分钟。告知预后差，中位生存期3-6个月。', '① 杜宾犬是DCM最高发品种，5岁公犬+运动不耐受+晕厥需高度怀疑；② 超声心动图是确诊金标准：LVIDd↑+FS%↓=DCM；③ 房颤是DCM常见并发症，地高辛用于心室率控制；④ 匹莫苯丹+呋塞米是DCM标准治疗方案；⑤ DCM预后差，需与主人充分沟通。', 'advanced');
INSERT INTO cases (id, title, species, breed, age, weight, chief_complaint, history, physical_exam, lab_results, imaging, diagnosis, treatment, outcome, learning_points, difficulty) VALUES ('case_004', '1岁未免疫雄性拉布拉多犬 — 血性腹泻与白细胞危机', '犬', '拉布拉多犬', 1, 22, '严重血便2天，呕吐，精神极差', '3天前开始食欲下降，2天前出现严重血性腹泻（番茄酱样），频繁呕吐（>10次/天），完全拒食。未完成免疫程序（仅接种1次五联，未完成加强）。刚从宠物店购回2周。', 'T 39.8°C，HR 180bpm，RR 40次/分，脱水约10%。精神沉郁，四肢冰凉。黏膜苍白，CRT 3秒。腹部触诊敏感，肠管增厚感。', 'CPV SNAP: 阳性。CBC: WBC 800/μL（参考6-17000，极度↓），淋巴细胞200/μL，中性粒500/μL（泛白细胞减少）。HCT 28%（↓）。PLT 45×10³/μL（↓）。生化: GLU 55 mg/dL（低血糖），TP 4.2 g/dL（↓），BUN 45 mg/dL（↑，脱水+肠道出血吸收）。', '腹部X线: 肠管普遍扩张，肠壁增厚，无异物征。腹部超声: 肠壁层次模糊，肠系膜淋巴结增大，无套叠征。', '犬细小病毒病（CPV-2），严重泛白细胞减少', '1. 乳酸林格液+5%葡萄糖 15 ml/kg/h IV（纠正脱水+低血糖）；2. 阿莫西林-克拉维酸 20 mg/kg IV q12h（预防菌血症）；3. 马罗匹坦 1 mg/kg SC q24h 止吐；4. 奥美拉唑 1 mg/kg IV q24h 胃保护；5. 严格隔离护理。', '治疗第3天WBC开始回升（2500/μL），第5天WBC 8000/μL，血便减少。第7天开始进食，第10天出院。告知2周内仍排毒，需严格隔离。', '① 未免疫幼犬+出血性肠炎+白细胞↓↓=细小，SNAP快速确诊；② 治疗核心是积极液体复苏（不是抗病毒！）；③ 白细胞<2000时菌血症风险极高，必须用抗生素；④ 低血糖是幼犬细小常见致死原因，需监测补充；⑤ 未治疗死亡率91%，积极治疗存活率80-90%。', 'intermediate');
INSERT INTO cases (id, title, species, breed, age, weight, chief_complaint, history, physical_exam, lab_results, imaging, diagnosis, treatment, outcome, learning_points, difficulty) VALUES ('case_005', '12岁绝育雌性贵宾犬 — 咳嗽与呼吸困难', '犬', '贵宾犬', 12, 4.5, '阵发性咳嗽2周，近2天呼吸困难加重', '2周前开始阵发性干咳，运动后加重，夜间明显。近2天出现呼吸困难，张口呼吸，不能平卧。贵宾犬气管塌陷高发品种。既往有轻度心脏杂音（未进一步检查）。', 'T 39.0°C，HR 140bpm，RR 48次/分，吸气性呼吸困难。特征性''鹅叫样''阵发性咳嗽。听诊：吸气相气管喘鸣音，心尖部II/VI级收缩期杂音。发绀（黏膜发紫）。', 'CBC: 正常范围。生化: 基本正常，BUN 22 mg/dL，CREA 1.0 mg/dL。血气: 低氧血症（pO₂ 65 mmHg），轻度高碳酸血症。', '胸部X线: 颈段气管背侧扁平（吸气相），心影轻度增大（左房扩大），肺野清晰（无肺水肿/肺炎）。荧光透视: 吸气时颈段气管腔狭窄>50%。', '气管塌陷（II-III级），合并早期二尖瓣关闭不全（MMVD B2期）', '1. 吸氧（氧笼，FiO₂ 40%）；2. 布托啡诺 0.2 mg/kg IV 镇静+止咳（减少气管刺激）；3. 泼尼松龙 0.5 mg/kg PO q12h 短期减轻气管水肿；4. 曲马多 3 mg/kg PO q8h 止咳；5. 严格避免兴奋/运动，使用胸背带替代项圈。', '24h后呼吸困难改善，可平卧。3天后咳嗽频率减少50%。出院后长期管理：胸背带+止咳药+控制体重。告知气管塌陷无法根治，严重时需气管支架。', '① 小型犬+鹅叫样咳嗽=气管塌陷，荧光透视是确诊金标准；② 气管塌陷分级：I级<25%，II级25-50%，III级50-75%，IV级>75%；③ 急性发作期核心治疗：镇静+止咳+吸氧（不是抗生素！）；④ 需排除合并心衰（老年犬常合并MMVD）；⑤ 胸背带替代项圈是长期管理基础。', 'intermediate');
INSERT INTO cases (id, title, species, breed, age, weight, chief_complaint, history, physical_exam, lab_results, imaging, diagnosis, treatment, outcome, learning_points, difficulty) VALUES ('case_006', '6岁绝育雌性家短毛猫 — 后肢突然瘫痪', '猫', '家短毛猫', 6, 5.5, '突然后肢瘫痪，惨叫', '今早突然惨叫，后肢无法站立拖行。无外伤史。既往体健。主人发现猫最近1个月活动量略减，但未就医。', 'T 37.2°C（偏低），HR 190bpm，RR 32次/分。后肢完全瘫痪，痛觉消失。后肢皮温低，股动脉搏动消失（双侧）。后肢脚趾发绀。心肺听诊：心律不齐，偶发早搏。', 'CK↑↑（肌肉缺血损伤）。CBC: 正常。生化: ALT 120 U/L（轻度↑），BUN 30 mg/dL，CREA 2.0 mg/dL（轻度↑）。凝血: PT/APTT正常。', '超声心动图: 左室游离壁增厚（7.2mm），左房显著扩大（LA/Ao 2.2），左心耳内可见回声团（血栓）。多普勒: 后肢股动脉无血流信号。', '猫肥厚型心肌病（HCM）合并动脉血栓（鞍血栓）', '1. 丁丙诺啡 0.02 mg/kg IV q6h 镇痛（鞍血栓极度疼痛）；2. 低分子肝素 100 U/kg SC q12h 抗凝；3. 氯吡格雷 18.75 mg PO q24h 抗血小板；4. 吸氧；5. 告知预后极差。', '48h后后肢仍瘫痪，痛觉部分恢复。主人选择安乐死。尸检确认HCM+主动脉鞍血栓。', '① 猫突发后肢瘫痪+皮温低+无脉搏=动脉血栓，必须排查HCM；② HCM是猫最常见心脏病，左房扩大是血栓形成高危因素；③ 鞍血栓预后极差，即使取栓/抗凝，复发率和死亡率极高；④ 早期识别HCM（定期超声）是预防血栓的关键；⑤ 镇痛是血栓治疗的核心（疼痛可致休克死亡）。', 'advanced');
INSERT INTO cases (id, title, species, breed, age, weight, chief_complaint, history, physical_exam, lab_results, imaging, diagnosis, treatment, outcome, learning_points, difficulty) VALUES ('case_007', '4岁绝育雄性德国牧羊犬 — 腹胀与干呕', '犬', '德国牧羊犬', 4, 38, '饭后2小时突发腹胀，干呕但吐不出', '晚饭后2小时突然出现腹部膨隆，频繁干呕但无法吐出任何物质。烦躁不安，无法卧下。德牧是GDV高发品种。昨晚饭后有剧烈运动。', 'T 38.0°C，HR 180bpm（心动过速），RR 50次/分，休克状态。腹部极度膨隆，叩诊鼓音。黏膜苍白发灰，CRT 4秒。无法站立。', '采血困难（休克）。床旁: 乳酸8.5 mmol/L（显著↑，正常<2），HCT 55%（血液浓缩）。', '腹部X线（右侧位）: 胃显著扩张，幽门向右移位，胃内大量气体，胃壁可见分隔征（''双泡征''或''咖啡豆征''）=GDV确诊。', '胃扩张-扭转（GDV），休克', '1. 双静脉通路，乳酸林格液 20 ml/kg 快速推注×2（液体复苏）；2. 紧急胃穿刺减压（18G针头经腹壁刺入胃）；3. 术前准备（血常规/凝血/交叉配血）；4. 紧急开腹探查+胃复位+胃固定术（Gastropexy）；5. 如胃壁坏死需胃部分切除。', '术中发现胃顺时针扭转270°，胃壁局部缺血但未坏死。行胃复位+胃固定术。术后48h出现室性心律失常（地高辛治疗），第5天出院。告知GDV复发率（未做胃固定>50%，胃固定后<5%）。', '① 大型深胸犬+饭后剧烈运动+腹胀+干呕=GDV，不能等X线确认再治疗；② 治疗顺序：液体复苏→胃减压→手术（不是先拍片！）；③ 胃固定术是预防复发的关键；④ 术后心律失常是常见致死并发症；⑤ 术前死亡率15-30%，胃壁坏死切除后死亡率>50%。', 'advanced');
INSERT INTO cases (id, title, species, breed, age, weight, chief_complaint, history, physical_exam, lab_results, imaging, diagnosis, treatment, outcome, learning_points, difficulty) VALUES ('case_008', '10岁绝育雌性可卡犬 — 多饮多尿与对称性脱毛', '犬', '可卡犬', 10, 12, '近3个月多饮多尿，对称性脱毛，腹部膨隆', '3个月来饮水量明显增加（每天约2L，正常约0.5L）。对称性脱毛（躯干为主），腹部逐渐膨隆。多食，但肌肉量减少。活动量下降。', 'T 38.5°C，HR 90bpm，RR 20次/分。对称性脱毛（躯干、腹部），皮肤变薄可见血管。腹部膨隆（''壶腹状''），肝缘超出肋弓3cm。肌肉萎缩（四肢、腰部）。', 'ALP 1850 U/L（参考23-212，显著↑↑↑，类固醇诱导型）。ALT 280 U/L（↑）。胆固醇 450 mg/dL（↑↑）。GLU 165 mg/dL（轻度↑）。尿比重 1.008（低）。尿糖阴性。Na/K比 28:1（<27提示Addison，本例排除）。', '腹部超声: 双侧肾上腺增大（右侧4.5mm，左侧3.8mm），肝脏增大回声均匀。腹部X线: 肝肿大。', '库欣综合征（垂体依赖性，PDH）', '1. 曲司氯胺（Trilostane）2 mg/kg PO q12h（抑制皮质醇合成）；2. 2周后复查ACTH刺激试验调整剂量；3. 定期监测电解质+ACTH刺激试验。', '用药4周后饮尿量明显减少，ALP降至600 U/L。3个月后皮肤开始再生毛发。告知需终身用药，定期监测。', '① 犬库欣三联征：多饮多尿多食+对称性脱毛+壶腹状腹部；② ALP显著↑↑（类固醇诱导型）是库欣最敏感的筛查指标；③ ACTH刺激试验是确诊金标准；④ 曲司氯胺是PDH一线治疗药物；⑤ 需与医源性库欣鉴别（是否有糖皮质激素用药史）。', 'intermediate');
INSERT INTO cases (id, title, species, breed, age, weight, chief_complaint, history, physical_exam, lab_results, imaging, diagnosis, treatment, outcome, learning_points, difficulty) VALUES ('case_009', '2岁未绝育雌性家短毛猫 — 发热与腹水', '猫', '家短毛猫', 2, 2.8, '持续发热3周，腹部逐渐膨隆', '3周来持续发热（39.5-40.5°C），抗生素治疗无效。近1周发现腹部膨隆。食欲下降，体重减轻。多猫家庭（4只猫），1周前另一只猫死亡（类似症状）。', 'T 40.2°C，HR 200bpm，RR 36次/分。体况评分2/9。腹部膨隆，波动感（积液）。黏膜轻度黄染。浅表淋巴结轻度增大。', '总蛋白 9.2 g/dL（↑），白蛋白 2.0 g/dL（↓），球蛋白 7.2 g/dL（↑↑），A:G比 0.28（<0.4高度提示FIP）。FIP抗体滴度 1:3200（高滴度）。HCT 22%（非再生性贫血）。', '腹部超声: 大量腹腔积液，肠系膜淋巴结增大，肾脏表面不规则（干性FIP肾周病变）。胸部X线: 无胸腔积液（排除湿性FIP胸水型）。', '猫传染性腹膜炎（FIP，干性/非渗出性为主）', '1. 泼尼松龙 2 mg/kg PO q24h 免疫抑制；2. 腹腔穿刺放液减压；3. 支持治疗（营养支持+补液）；4. 告知传统方案预后极差。', '泼尼松龙治疗后体温下降至39.0°C，食欲改善。但3周后再次恶化，主人选择安乐死。', '① 年轻猫+持续发热+高球蛋白/低白蛋白（A:G<0.4）+FIP高滴度=FIP高度提示；② 干性FIP无典型腹水，可表现为淋巴结增大/神经症状/眼部病变；③ 多猫家庭FCoV传播风险高；④ 传统治疗（泼尼松龙）仅姑息，中位生存期数周至数月；⑤ 需与淋巴瘤/感染性腹膜炎鉴别。', 'advanced');
INSERT INTO cases (id, title, species, breed, age, weight, chief_complaint, history, physical_exam, lab_results, imaging, diagnosis, treatment, outcome, learning_points, difficulty) VALUES ('case_010', '7岁绝育雄性比格犬 — 癫痫持续状态', '犬', '比格犬', 7, 14, '全身强直-阵挛发作持续5分钟', '今早突然倒地，全身强直-阵挛发作，持续约5分钟未自行停止。这是首次发作。无中毒接触史，无外伤。', '发作后状态：T 40.5°C（发作后高热），HR 180bpm，定向力障碍，盲目走动。发作间期神经学检查：正常。', 'GLU 180 mg/dL（发作后应激性高血糖）。CBC/生化: 基本正常（排除低血糖/肝性脑病/电解质紊乱）。', '发作间期：建议MRI（排除结构性病变），主人暂不同意。', '特发性癫痫（首次发作，排除代谢性/结构性原因后）', '1. 地西泮 1 mg/kg IV 终止发作；2. 苯巴比妥 3 mg/kg PO q12h 维持（首次发作通常不立即开始长期抗癫痫，但发作>5分钟需干预）；3. 2周后复查苯巴比妥血药浓度（目标15-40 μg/mL）。', '发作终止。告知如6个月内再次发作则开始长期抗癫痫治疗。3个月后随访无再次发作。', '① 癫痫持续状态（>5分钟）是急症，地西泮IV是首选；② 首次发作需排除代谢性原因（低血糖/肝性脑病/电解质）和中毒；③ 特发性癫痫诊断是排除性诊断；④ 犬特发性癫痫好发品种：比格、金毛、拉布拉多；⑤ 苯巴比妥血药浓度监测是长期管理关键。', 'intermediate');
INSERT INTO cases (id, title, species, breed, age, weight, chief_complaint, history, physical_exam, lab_results, imaging, diagnosis, treatment, outcome, learning_points, difficulty) VALUES ('case_011', '5岁绝育雌性家短毛猫 — 尿频与血尿', '猫', '家短毛猫', 5, 4.2, '尿频、血尿、在猫砂盆外排尿', '近1周尿频，每次尿量少，可见血尿。在猫砂盆外排尿（沙发上）。无多饮多尿。室内饲养，近期有新猫引入（应激因素）。', 'T 38.8°C，HR 180bpm，RR 24次/分。腹部触诊：膀胱小而空（频繁排尿），触诊无疼痛。体表无外伤。', '尿液分析: 血尿（+++），pH 7.0，尿比重 1.040，蛋白（+），沉渣见大量RBC和少量WBC，未见细菌。CBC: 正常范围。生化: BUN 22 mg/dL，CREA 1.4 mg/dL（肾功能正常）。', '腹部X线：膀胱充盈，未见高密度影（排除结石）。腹部超声：膀胱壁轻度增厚，腔内少量回声（血液/结晶），双肾大小回声正常。', '猫特发性膀胱炎（FIC）- 应激相关', '1. 环境丰富化（增加猫砂盆数量、提供垂直空间、减少新猫冲突）；2. 加巴喷丁 10 mg/kg PO q12h 镇痛+抗焦虑；3. 保证充足饮水（湿粮+流动饮水器）；4. 费利威（Feliway）扩散器缓解应激。', '2周后尿频明显改善，血尿消失。继续环境管理，3个月后未复发。', '① 年轻猫血尿最常见原因是特发性膀胱炎（FIC），而非细菌感染；② 猫UTI在年轻猫中罕见（<10岁猫UTI发病率<3%），多见于老年猫/糖尿病猫；③ 应激是FIC的核心诱因（新猫/环境变化）；④ 治疗核心是环境管理+镇痛，不推荐常规使用抗生素；⑤ 需与结石、肿瘤鉴别。', 'basic');
INSERT INTO cases (id, title, species, breed, age, weight, chief_complaint, history, physical_exam, lab_results, imaging, diagnosis, treatment, outcome, learning_points, difficulty) VALUES ('case_012', '10岁绝育雌性贵宾犬 - 双侧后肢无力与多饮多尿', '犬', '贵宾犬', 10, 6.5, '后肢无力1个月，多饮多尿，腹部膨隆', '近1个月后肢无力加重，上下楼梯困难。多饮多尿明显。腹部逐渐膨隆。食欲增加但四肢肌肉萎缩。既往无重大疾病。', 'T 38.5C，HR 90bpm，RR 24次/分。典型满月脸，腹部膨隆（肝肿大+腹水），四肢肌肉萎缩，皮肤变薄。后肢肌力减弱。', 'ALP 850 U/L（显著升高，参考23-212），ALT 200 U/L（升高），胆固醇 380 mg/dL（升高），GLU 180 mg/dL（轻度升高，类固醇性糖尿病前期）。CBC: 淋巴细胞减少（<1.0x10^3/uL），嗜酸性粒细胞减少（应激/皮质醇）。尿比重 1.015（偏低）。ACTH刺激试验: 基础皮质醇 6 ug/dL，刺激后 28 ug/dL（>20=库欣综合征）。', '腹部超声: 双侧肾上腺增大（右侧5mm，左侧6mm），肝脏增大，少量腹水。排除肾上腺肿瘤（双侧增大提示垂体依赖型）。', '库欣综合征（垂体依赖型）- 肾上腺皮质功能亢进', '1. 曲洛斯坦（Trilostane）3 mg/kg PO q24h（抑制皮质醇合成）；2. 2周后复查ACTH刺激试验调整剂量（目标刺激后皮质醇1-5 ug/dL）；3. 监测电解质和肾功能。', '用药4周后ACTH刺激试验：刺激后皮质醇4.2 ug/dL（达标）。多饮多尿明显改善，肌力逐渐恢复。需终身用药，每3个月复查。', '① 库欣综合征三联征：多饮多尿+腹部膨隆+皮肤变薄/满月脸；② ALP显著升高（通常>500）是库欣最敏感的生化指标；③ ACTH刺激试验是首选确诊方法；④ 曲洛斯坦是首选药物（可逆性抑制）；⑤ 需鉴别医源性库欣（长期使用糖皮质激素）。', 'intermediate');
INSERT INTO cases (id, title, species, breed, age, weight, chief_complaint, history, physical_exam, lab_results, imaging, diagnosis, treatment, outcome, learning_points, difficulty) VALUES ('case_013', '6岁未绝育雄性德国牧羊犬 - 突发腹胀与干呕', '犬', '德国牧羊犬', 6, 38, '突发腹部膨大，干呕但吐不出东西，烦躁不安', '晚饭后剧烈运动，1小时后腹部迅速膨大，尝试干呕但无呕吐物。烦躁不安，不愿躺下。大型深胸犬种，GDV高风险。', 'T 38.0C，HR 180bpm（严重心动过速），RR 40次/分，黏膜苍白，CRT 3秒。腹部膨隆如鼓，叩诊鼓音。胃管插入受阻（贲门扭转）。休克体征明显。', '血气: 严重代谢性酸中毒（pH 7.20，HCO3- 12 mEq/L）- 组织灌注不足/乳酸酸中毒。K+ 3.0 mEq/L（降低）。BUN 40 mg/dL（升高，肾前性）。', '腹部X线右侧位：胃显著扩张，幽门向右侧移位，胃内大量气体/液体，双气泡征（分隔征）。确诊GDV。', '胃扩张-扭转（GDV）', '1. 紧急！两条大口径静脉通路，乳酸林格液 90 ml/kg/h 抗休克；2. 胃穿刺减压（18G针头穿刺胃扩张部）；3. 紧急手术：胃复位+胃固定术（胃壁固定于腹壁防复发）；4. 术中评估胃壁活力（坏死胃壁切除）；5. 术后24-48h心电监护（室性心律失常高发）。', '手术成功，胃壁活力尚可。术后12h出现室性早搏（利多卡因 2 mg/kg IV控制）。第3天开始进食，第5天出院。建议终身少量多餐，避免餐后剧烈运动。', '① GDV是真正的急症，时间=生命，延迟手术死亡率>50%；② 大型深胸犬种高发（德牧、大丹、圣伯纳）；③ X线双气泡征是GDV特征性表现；④ 术前必须抗休克+胃减压；⑤ 胃固定术是预防复发的关键；⑥ 术后心律失常（室性）是最常见致死并发症。', 'advanced');
INSERT INTO cases (id, title, species, breed, age, weight, chief_complaint, history, physical_exam, lab_results, imaging, diagnosis, treatment, outcome, learning_points, difficulty) VALUES ('case_014', '2岁未绝育雄性家短毛猫 - 发热、腹水与黄疸', '猫', '家短毛猫', 2, 3.8, '发热2周，腹部膨隆，精神差', '近2周发热（体温波动39.5-40.5C），抗生素治疗无效。食欲下降，体重减轻。腹部逐渐膨隆。多猫家庭（5只猫），近期有新生小猫。', 'T 40.2C，HR 200bpm，RR 32次/分。黄疸（黏膜黄染），腹部膨隆有波动感，触诊有疼痛。体况评分3/9。', '总蛋白 9.2 g/dL（升高），球蛋白 7.0 g/dL（显著升高），白蛋白 2.2 g/dL（降低），A/G比 0.24（显著降低）。CBC: 淋巴细胞减少，轻度非再生性贫血。生化: ALT 120 U/L（轻度升高），TBIL 5.0 mg/dL（显著升高）。FCoV抗体滴度 1:3200（高滴度）。', '腹部超声：腹腔内大量黄色黏稠液体，肝脏表面可见白色渗出物附着，肠系膜淋巴结增大。肾脏大小正常。', '猫传染性腹膜炎（FIP，湿性/渗出型）', '1. GS-441528（瑞德西韦类似物）5 mg/kg SC q24h，疗程12周（FIP特效治疗）；2. 穿刺放腹水缓解呼吸压迫；3. 泼尼松龙 2 mg/kg PO q24h 抗炎（逐渐减量）；4. 营养支持（高蛋白饮食）。', '治疗2周后体温恢复正常，腹水逐渐吸收。12周疗程结束后病毒学指标转阴。持续随访6个月无复发。', '① 湿性FIP诊断要点：发热+腹水+高球蛋白+低A/G比+高FCoV滴度；② 腹腔液分析（渗出液+高球蛋白）是关键；③ GS-441528/Remdesivir是FIP突破性治疗（>80%治愈率）；④ FIP好发于年轻猫（<2岁），多猫环境高发；⑤ 干湿混合型FIP可共存。', 'advanced');
INSERT INTO cases (id, title, species, breed, age, weight, chief_complaint, history, physical_exam, lab_results, imaging, diagnosis, treatment, outcome, learning_points, difficulty) VALUES ('case_015', '4岁绝育雌性拉布拉多犬 - 跛行与关节肿胀', '犬', '拉布拉多犬', 4, 32, '右前肢跛行2周，近期左后肢也出现跛行', '2周前开始右前肢跛行，休息后无明显改善。近3天左后肢也开始跛行。无外伤史。多关节对称性发病。食欲正常，偶有低热。', 'T 39.2C，HR 100bpm，RR 20次/分。右腕关节和左膝关节肿胀、温热、触诊疼痛。跛行评分3/5。肌肉量正常。', 'CBC: WBC 16x10^3/uL（轻度升高），中性粒80%。CRP升高（炎症标志物）。RF（类风湿因子）阴性。ANA（抗核抗体）阴性。关节液分析: 黄色透明，黏稠度降低，WBC 25x10^3/uL（炎症性），以中性粒为主，无细菌。', 'X线：右腕关节和左膝关节软组织肿胀，关节间隙轻度增宽，未见明显骨侵蚀（早期）。', '免疫介导性多关节炎（IMPA）- 特发性', '1. 泼尼松龙 2 mg/kg PO q24h 诱导缓解，4周后逐渐减量；2. 硫唑嘌呤 2 mg/kg PO q24h（激素节约剂）；3. 限制运动；4. 每2周复查CBC监测药物副作用。', '2周后跛行明显改善，关节肿胀消退。6周后激素开始缓慢减量。需长期低剂量免疫抑制维持。', '① 多关节对称性跛行+无外伤史=免疫介导性关节炎可能性大；② 关节液分析排除感染性关节炎（无细菌+炎症性）；③ 特发性IMPA是排除性诊断（需排除RF/ANA阳性）；④ 治疗需要长期免疫抑制，不可过早停药；⑤ 需与莱姆病、类风湿关节炎鉴别。', 'intermediate');

-- ===== 病例-疾病关联 =====
INSERT INTO case_disease (case_id, disease_id) VALUES ('case_001', 'dis_009');
INSERT INTO case_disease (case_id, disease_id) VALUES ('case_002', 'dis_019');
INSERT INTO case_disease (case_id, disease_id) VALUES ('case_003', 'dis_014');
INSERT INTO case_disease (case_id, disease_id) VALUES ('case_004', 'dis_025');
INSERT INTO case_disease (case_id, disease_id) VALUES ('case_005', 'dis_004');
INSERT INTO case_disease (case_id, disease_id) VALUES ('case_006', 'dis_015');
INSERT INTO case_disease (case_id, disease_id) VALUES ('case_007', 'dis_029');
INSERT INTO case_disease (case_id, disease_id) VALUES ('case_008', 'dis_018');
INSERT INTO case_disease (case_id, disease_id) VALUES ('case_009', 'dis_028');
INSERT INTO case_disease (case_id, disease_id) VALUES ('case_010', 'dis_031');
INSERT INTO case_disease (case_id, disease_id) VALUES ('case_011', 'dis_008');
INSERT INTO case_disease (case_id, disease_id) VALUES ('case_012', 'dis_018');
INSERT INTO case_disease (case_id, disease_id) VALUES ('case_013', 'dis_029');
INSERT INTO case_disease (case_id, disease_id) VALUES ('case_014', 'dis_028');
INSERT INTO case_disease (case_id, disease_id) VALUES ('case_015', 'dis_032');

